<?xml version="1.0"?>
<COLLADA xmlns="http://www.collada.org/2005/11/COLLADASchema" version="1.4.1">
	<asset>
		<contributor>
			<author>Assimp</author>
			<authoring_tool>Assimp Exporter</authoring_tool>
		</contributor>
		<created>2023-07-08T14:18:43</created>
		<modified>2023-07-08T14:18:43</modified>
		<unit name="meter" meter="0.010000" />
		<up_axis>Y_UP</up_axis>
	</asset>
	<library_effects>
		<effect id="DefaultMaterial-fx" name="DefaultMaterial">
			<profile_COMMON>
				<technique sid="standard">
					<phong>
						<diffuse>
							<color sid="diffuse">0.600000   0.600000   0.600000   1.000000</color>
						</diffuse>
					</phong>
				</technique>
			</profile_COMMON>
		</effect>
	</library_effects>
	<library_materials>
		<material id="DefaultMaterial" name="DefaultMaterial">
			<instance_effect url="#DefaultMaterial-fx"/>
		</material>
	</library_materials>
	<library_geometries>
		<geometry id="meshId0" name="meshId0_name" >
			<mesh>
				<source id="meshId0-positions" name="meshId0-positions">
					<float_array id="meshId0-positions-array" count="14121"> 
						0.024608 -0.143918 1.620981 0.026746 -0.137859 1.622011 0.022982 -0.139371 1.633933 0.021022 -0.145355 1.632346 0.021261 -0.140605 1.581313 0.022647 -0.141178 1.585837 0.012641 -0.140381 1.581725 0.027313 -0.140495 1.593935 0.029587 -0.134260 1.593636 0.028713 -0.136060 1.607823 0.026481 -0.142207 1.607458 0.011181 -0.136210 1.560573 0.012664 -0.129755 1.560418 0.024780 -0.130662 1.567571 0.022728 -0.137076 1.567390 -0.000822 -0.142216 1.596825 0.012828 -0.142296 1.596825 0.012362 -0.144178 1.611924 -0.000822 -0.144130 1.612185 -0.000822 -0.136074 1.559540 -0.000822 -0.129617 1.559334 -0.000822 -0.140301 1.581726 -0.000822 -0.146927 1.632939 0.026896 -0.138783 1.580413 0.029150 -0.132461 1.579448 -0.000822 -0.138751 1.566700 0.011385 -0.138866 1.567602 0.013307 -0.113367 1.555071 0.014103 -0.106283 1.554286 0.027382 -0.106708 1.559028 0.025218 -0.112843 1.560805 0.013538 -0.140223 1.640357 0.012020 -0.146163 1.638752 -0.000822 -0.125195 1.559341 -0.000822 -0.120772 1.559348 0.014018 -0.120933 1.560618 0.013341 -0.125344 1.560518 0.014290 -0.137187 1.642263 0.022665 -0.132203 1.639766 0.013623 -0.132848 1.652724 0.026898 -0.127306 1.573126 0.026832 -0.123051 1.572742 0.029393 -0.124105 1.581056 0.029271 -0.128283 1.580252 0.024271 -0.121996 1.564428 0.024525 -0.126329 1.566000 0.022824 -0.135787 1.636849 0.027076 -0.130431 1.625793 0.026911 -0.134145 1.623902 0.029904 -0.128323 1.609164 -0.000822 -0.137651 1.645585 -0.000822 -0.134594 1.654858 0.030258 -0.130237 1.593086 0.030929 -0.126214 1.592536 0.029309 -0.132191 1.608494 0.022974 -0.142505 1.596294 0.022351 -0.143832 1.606760 0.012516 -0.146684 1.630600 0.021140 -0.144982 1.615829 0.019093 -0.146044 1.625188 0.020099 -0.139522 1.572775 -0.000822 -0.140443 1.642092 -0.000822 -0.146365 1.640408 0.021668 -0.138183 1.568527 
						0.022151 -0.138142 1.567195 0.023951 -0.139249 1.575808 0.023313 -0.139286 1.577139 0.025490 -0.143456 1.608892 0.023771 -0.145054 1.621503 0.012016 -0.147167 1.638204 -0.000822 -0.147383 1.639943 0.025887 -0.140046 1.581976 0.026305 -0.141751 1.595432 0.024812 -0.137929 1.573902 -0.000822 -0.137148 1.559381 0.010793 -0.137289 1.560472 0.020448 -0.146404 1.632168 0.026965 -0.131561 1.573509 0.012358 -0.119672 1.675869 0.003753 -0.122807 1.693972 -0.000822 -0.121691 1.696542 -0.000822 -0.121753 1.692317 0.027959 -0.113972 1.568022 0.032418 -0.104995 1.566335 0.033819 -0.112304 1.575052 0.030700 -0.115100 1.575239 0.031349 -0.123997 1.630459 0.035820 -0.114386 1.638972 0.031168 -0.112226 1.656359 0.026060 -0.127157 1.646808 -0.000822 -0.113176 1.554217 -0.000822 -0.105108 1.553478 0.036835 -0.117386 1.592698 0.031393 -0.121932 1.592830 0.013000 -0.123927 1.667993 -0.000822 -0.120426 1.681971 -0.000822 -0.126153 1.672362 0.032475 -0.124868 1.610118 0.036949 -0.118939 1.610203 0.029150 -0.132461 1.579448 0.029587 -0.134260 1.593636 0.028713 -0.136060 1.607823 0.013538 -0.140223 1.640357 -0.000822 -0.140443 1.642092 0.026746 -0.137859 1.622011 0.022982 -0.139371 1.633933 0.012664 -0.129755 1.560418 0.024780 -0.130662 1.567571 0.026965 -0.131561 1.573509 -0.000822 -0.129617 1.559334 0.013885 -0.125882 1.661161 -0.000822 -0.129148 1.662754 0.014978 -0.101631 1.554048 0.015853 -0.096979 1.553810 0.028211 -0.091943 1.556766 0.027796 -0.099326 1.557897 0.046575 -0.102974 1.589902 0.052571 -0.084956 1.588790 0.056310 -0.085216 1.607138 0.046629 -0.102077 1.608671 0.040012 -0.083477 1.562548 0.045700 -0.079219 1.567679 0.051998 -0.074427 1.576527 0.047691 -0.084528 1.575173 0.061069 -0.064994 1.594006 0.067303 -0.058908 1.611263 0.041056 -0.096866 1.572314 -0.000822 -0.101834 1.553303 
						-0.000822 -0.100028 1.553129 0.049542 -0.101221 1.632085 0.041113 -0.107731 1.657542 0.037146 -0.094352 1.565934 0.060023 -0.084921 1.628748 0.058344 -0.092914 1.655637 0.058348 -0.094879 1.656580 0.067673 -0.080462 1.658372 0.027808 -0.114048 1.666310 0.028682 -0.117063 1.666310 0.013347 -0.123486 1.676713 0.012473 -0.120471 1.676713 0.072499 -0.055640 1.631637 0.070086 -0.068051 1.645004 0.075776 -0.066646 1.674960 0.073261 -0.078816 1.682997 0.076972 -0.066413 1.689990 0.077740 -0.067162 1.706019 0.071789 -0.080022 1.708364 0.073687 -0.078680 1.693870 0.064264 -0.098584 1.706336 0.059609 -0.101173 1.702178 0.063913 -0.100334 1.693477 0.069661 -0.097530 1.695432 0.069129 -0.091491 1.695413 0.068440 -0.090680 1.682587 0.063331 -0.099672 1.683230 0.068934 -0.096700 1.682587 0.059453 -0.100871 1.657539 0.055769 -0.102999 1.663247 0.043514 -0.111107 1.663743 0.044091 -0.111034 1.658166 0.069473 -0.077241 1.725359 0.064516 -0.076142 1.742353 0.054216 -0.086169 1.740573 0.058723 -0.089972 1.723593 0.076082 -0.065932 1.724835 0.070205 -0.066306 1.741996 0.049055 -0.081638 1.758682 0.041356 -0.083858 1.763888 0.040048 -0.090575 1.755671 0.044411 -0.088875 1.751750 0.050826 -0.074302 1.762303 0.041614 -0.078683 1.766591 0.052217 -0.095837 1.721768 0.053512 -0.098611 1.712216 0.063590 -0.092902 1.707515 0.062094 -0.069495 1.753294 0.057416 -0.078302 1.751092 0.049070 -0.087272 1.747471 0.031226 -0.088664 1.766541 0.030982 -0.095281 1.757820 0.030866 -0.084544 1.769331 0.046336 -0.089545 1.743343 0.048697 -0.092622 1.735171 0.030402 -0.099512 1.750055 0.039176 -0.094734 1.748068 0.042725 -0.092601 1.746937 0.054838 -0.103711 1.710639 0.052091 -0.105263 1.705615 0.029615 -0.103951 1.740958 0.038390 -0.099173 1.738971 0.041939 -0.097039 1.737840 0.040642 -0.102767 1.726909 
						0.044582 -0.099682 1.725933 0.035755 -0.105469 1.727122 0.028503 -0.109543 1.728683 0.023851 -0.122812 1.656200 0.021642 -0.115733 1.665592 0.023147 -0.144747 1.620147 0.020054 -0.146009 1.630105 0.010944 -0.137377 1.562176 0.012185 -0.146722 1.635746 -0.000822 -0.137242 1.561130 0.025512 -0.141643 1.595649 0.024743 -0.143258 1.608392 0.025116 -0.140029 1.582911 -0.000822 -0.147685 1.637413 0.018371 -0.113371 1.725015 0.017970 -0.118483 1.710130 0.027864 -0.116153 1.713473 0.036657 -0.115864 1.711658 0.037581 -0.114962 1.706432 0.041130 -0.112075 1.706465 0.041103 -0.112247 1.711698 0.028173 -0.117928 1.712249 0.029043 -0.120929 1.712249 0.036480 -0.115532 1.712015 0.035612 -0.112538 1.712015 0.044174 -0.110037 1.706185 0.044917 -0.109695 1.711348 0.020234 -0.088514 1.771010 0.020294 -0.093910 1.767138 0.011601 -0.096938 1.767700 -0.000822 -0.099796 1.765322 -0.000822 -0.103340 1.755669 0.009421 -0.103681 1.755176 -0.000822 -0.108534 1.742406 0.008928 -0.108622 1.743001 -0.000822 -0.111324 1.734597 0.009426 -0.111787 1.734617 -0.000822 -0.116785 1.720693 0.008239 -0.117198 1.721347 0.006835 -0.120861 1.706302 0.019521 -0.107869 1.737787 0.019665 -0.104067 1.746528 0.019876 -0.099416 1.758097 -0.000822 -0.096383 1.771283 0.011087 -0.092272 1.771427 0.005381 -0.124349 1.693259 0.006254 -0.127363 1.693259 0.009291 -0.125390 1.705497 0.008418 -0.122379 1.705497 0.025550 -0.113771 1.666075 0.006821 -0.127539 1.693161 0.013784 -0.124273 1.691664 0.016175 -0.122720 1.701300 0.009818 -0.125593 1.705240 0.011372 -0.084499 1.774865 0.021021 -0.081187 1.773532 -0.000822 -0.088601 1.776273 0.030670 -0.077875 1.772198 0.078292 -0.054476 1.666923 0.080258 -0.054147 1.686110 0.066772 -0.060688 1.753188 0.052349 -0.068720 1.763744 0.042767 -0.073185 1.768542 0.073679 -0.057712 1.741830 
						0.081457 -0.054302 1.703674 0.079982 -0.054622 1.724311 0.067543 -0.097256 1.663546 0.062221 -0.100116 1.668041 0.055769 -0.102999 1.663247 0.059453 -0.100871 1.657539 -0.000822 -0.121630 1.700768 0.029318 -0.121188 1.711894 0.031726 -0.119209 1.706616 0.043707 -0.104572 1.712934 0.013826 -0.123710 1.676833 0.019368 -0.121220 1.678638 0.066665 -0.091176 1.662740 0.003753 -0.122807 1.693972 -0.000822 -0.121691 1.696542 0.023950 -0.120965 1.703958 0.019570 -0.123390 1.708568 0.035291 -0.110815 1.713248 0.039832 -0.107215 1.713305 0.040120 -0.108872 1.712058 0.040987 -0.111864 1.712058 0.044854 -0.109278 1.711702 0.043985 -0.106282 1.711702 0.068314 -0.093102 1.682545 0.069187 -0.096116 1.682545 0.067778 -0.096680 1.663253 0.066904 -0.093665 1.663253 0.054040 -0.100213 1.710978 0.054910 -0.103214 1.710978 0.064460 -0.098021 1.706612 0.063588 -0.095014 1.706612 0.043144 -0.107626 1.657794 0.044017 -0.110640 1.657794 0.018295 -0.120153 1.708873 0.019167 -0.123160 1.708873 0.069926 -0.096956 1.695560 0.069053 -0.093944 1.695560 0.031441 -0.116163 1.670448 0.028961 -0.117371 1.666570 0.058708 -0.097328 1.657164 0.059582 -0.100342 1.657164 0.059582 -0.100342 1.657164 0.058708 -0.097328 1.657164 0.020073 -0.115773 1.678638 0.014705 -0.119192 1.691664 0.032269 -0.112942 1.706616 0.037828 -0.108313 1.706432 0.043490 -0.104070 1.663743 0.031781 -0.109922 1.670448 0.016987 -0.117483 1.701300 0.024628 -0.115213 1.703958 0.041176 -0.105195 1.706465 0.061421 -0.091855 1.668041 0.055176 -0.095163 1.663247 0.044077 -0.102959 1.706185 0.062499 -0.091338 1.683230 0.058886 -0.093085 1.702178 0.063124 -0.091960 1.693477 0.051657 -0.097667 1.705615 0.055176 -0.095163 1.663247 0.027808 -0.114048 1.666310 0.043144 -0.107626 1.657794 0.058708 -0.097328 1.657164 0.066904 -0.093665 1.663253 
						0.068314 -0.093102 1.682545 0.069053 -0.093944 1.695560 0.063588 -0.095014 1.706612 0.054040 -0.100213 1.710978 0.035612 -0.112538 1.712015 0.028173 -0.117928 1.712249 0.040120 -0.108872 1.712058 0.043985 -0.106282 1.711702 0.012473 -0.120471 1.676713 0.018295 -0.120153 1.708873 0.005381 -0.124349 1.693259 0.008418 -0.122379 1.705497 0.005381 -0.124349 1.693259 0.030978 -0.078532 1.776735 0.021130 -0.081596 1.777967 0.079096 -0.052434 1.664920 0.081359 -0.051855 1.685298 0.051879 -0.074871 1.572870 0.058288 -0.066459 1.584424 0.044866 -0.079960 1.564772 0.043024 -0.071032 1.772648 0.067136 -0.059897 1.755001 0.052863 -0.066602 1.767270 0.074906 -0.057118 1.744480 0.011503 -0.084616 1.779184 0.073095 -0.055089 1.627442 0.068135 -0.058387 1.605803 0.081601 -0.052509 1.725874 0.083167 -0.051647 1.703954 -0.000822 -0.088109 1.779468 0.051817 -0.063231 1.572977 0.061514 -0.053640 1.587473 0.067332 -0.050284 1.755743 0.052252 -0.056656 1.767756 0.044866 -0.069198 1.565002 0.042957 -0.061192 1.773577 0.029921 -0.067541 1.779128 0.069916 -0.047175 1.605803 0.074621 -0.043705 1.627442 0.079806 -0.042468 1.664920 0.081894 -0.042119 1.685298 0.083167 -0.042284 1.703954 0.011377 -0.071432 1.781239 -0.000822 -0.071113 1.781929 0.081601 -0.042624 1.725874 0.019176 -0.069137 1.780390 0.074906 -0.045906 1.744480 0.038854 -0.084217 1.559730 0.027053 -0.091070 1.553948 0.014695 -0.096296 1.550993 -0.000822 -0.099746 1.550311 0.027053 -0.079704 1.553948 0.038854 -0.072816 1.559730 -0.000822 -0.091200 1.550311 0.014695 -0.086605 1.550993 0.049647 -0.101190 1.711526 0.048572 -0.101197 1.709648 0.051047 -0.106102 1.710108 0.051553 -0.104969 1.711880 0.053599 -0.099324 1.704800 0.054043 -0.098515 1.708821 0.056517 -0.103420 1.709280 0.055907 -0.103899 1.705229 0.048572 -0.101197 1.709648 
						0.049647 -0.101190 1.711526 0.053861 -0.099125 1.710888 0.054043 -0.098515 1.708821 0.056517 -0.103420 1.709280 0.055767 -0.102903 1.711242 0.051553 -0.104969 1.711880 0.051047 -0.106102 1.710108 0.053599 -0.099324 1.704800 0.048497 -0.101825 1.705572 0.052732 -0.101384 1.703357 0.050256 -0.102598 1.703732 0.048497 -0.101825 1.705572 0.050256 -0.102598 1.703732 0.051376 -0.104818 1.703940 0.050805 -0.106400 1.706000 0.049647 -0.101190 1.711526 0.051553 -0.104969 1.711880 0.055767 -0.102903 1.711242 0.053861 -0.099125 1.710888 0.052732 -0.101384 1.703357 0.053852 -0.103604 1.703565 0.051376 -0.104818 1.703940 0.050256 -0.102598 1.703732 0.050805 -0.106400 1.706000 0.051376 -0.104818 1.703940 0.053852 -0.103604 1.703565 0.055907 -0.103899 1.705229 0.068707 -0.091772 1.682007 0.066461 -0.092054 1.682835 0.069453 -0.096680 1.683040 0.070666 -0.094801 1.682141 0.063746 -0.094321 1.676538 0.067094 -0.091915 1.676721 0.070086 -0.096542 1.676926 0.066527 -0.098621 1.676728 0.066461 -0.092054 1.682835 0.068707 -0.091772 1.682007 0.069122 -0.091681 1.678004 0.067094 -0.091915 1.676721 0.070086 -0.096542 1.676926 0.071081 -0.094710 1.678138 0.070666 -0.094801 1.682141 0.069453 -0.096680 1.683040 0.063746 -0.094321 1.676538 0.063158 -0.094450 1.682221 0.062639 -0.096035 1.677359 0.062250 -0.096120 1.681116 0.063158 -0.094450 1.682221 0.062250 -0.096120 1.681116 0.064088 -0.098963 1.681241 0.065939 -0.098749 1.682411 0.068707 -0.091772 1.682007 0.069122 -0.091681 1.678004 0.062639 -0.096035 1.677359 0.064477 -0.098878 1.677484 0.064088 -0.098963 1.681241 0.062250 -0.096120 1.681116 0.065939 -0.098749 1.682411 0.064088 -0.098963 1.681241 0.064477 -0.098878 1.677484 0.066527 -0.098621 1.676728 0.066337 -0.091339 1.670238 0.064437 -0.091625 1.671591 0.067744 -0.096035 1.671712 
						0.068587 -0.094340 1.670320 0.060424 -0.095061 1.666719 0.063472 -0.092513 1.665584 0.066778 -0.096924 1.665705 0.063448 -0.099095 1.666830 0.064437 -0.091625 1.671591 0.066337 -0.091339 1.670238 0.065679 -0.091944 1.666150 0.063472 -0.092513 1.665584 0.066778 -0.096924 1.665705 0.067929 -0.094945 1.666232 0.068587 -0.094340 1.670320 0.067744 -0.096035 1.671712 0.060424 -0.095061 1.666719 0.061307 -0.094248 1.672213 0.069453 -0.096680 1.683040 0.070086 -0.096542 1.676926 0.060424 -0.095061 1.666719 0.060048 -0.096932 1.668554 0.060472 -0.096542 1.671190 0.061307 -0.094248 1.672213 0.061307 -0.094248 1.672213 0.060472 -0.096542 1.671190 0.061922 -0.098477 1.671242 0.064331 -0.098282 1.672324 0.066337 -0.091339 1.670238 0.065679 -0.091944 1.666150 0.061499 -0.098867 1.668607 0.061922 -0.098477 1.671242 0.064331 -0.098282 1.672324 0.061922 -0.098477 1.671242 0.061499 -0.098867 1.668607 0.063448 -0.099095 1.666830 -0.067048 -0.099308 1.701533 -0.064070 -0.101038 1.699259 -0.060957 -0.102424 1.703828 -0.063690 -0.100804 1.706462 -0.060911 -0.096064 1.706006 -0.063119 -0.095670 1.706497 -0.065076 -0.099009 1.706817 -0.063690 -0.100804 1.706462 -0.058381 -0.098031 1.703406 -0.060957 -0.102424 1.703828 -0.060911 -0.096064 1.706006 -0.064269 -0.094568 1.701078 -0.065484 -0.094616 1.703024 -0.063119 -0.095670 1.706497 -0.065076 -0.099009 1.706817 -0.067442 -0.097956 1.703345 -0.058381 -0.098031 1.703406 -0.061494 -0.096645 1.698837 -0.061494 -0.096645 1.698837 -0.058381 -0.098031 1.703406 -0.058076 -0.099293 1.701713 -0.060224 -0.098337 1.698560 -0.059853 -0.102326 1.702004 -0.060957 -0.102424 1.703828 -0.061494 -0.096645 1.698837 -0.064070 -0.101038 1.699259 -0.067048 -0.099308 1.701533 -0.064269 -0.094568 1.701078 -0.067442 -0.097956 1.703345 -0.065076 -0.099009 1.706817 -0.058076 -0.099293 1.701713 
						-0.059853 -0.102326 1.702004 -0.062001 -0.101369 1.698851 -0.060224 -0.098337 1.698560 -0.060957 -0.102424 1.703828 -0.064070 -0.101038 1.699259 -0.062001 -0.101369 1.698851 -0.059853 -0.102326 1.702004 -0.066953 -0.092763 1.695368 -0.069295 -0.092600 1.694383 -0.071096 -0.095384 1.694506 -0.069945 -0.097389 1.695572 -0.064266 -0.095087 1.689147 -0.066975 -0.099275 1.689332 -0.070578 -0.097251 1.689458 -0.067586 -0.092624 1.689253 -0.066953 -0.092763 1.695368 -0.067586 -0.092624 1.689253 -0.069676 -0.092516 1.690703 -0.069295 -0.092600 1.694383 -0.070578 -0.097251 1.689458 -0.069945 -0.097389 1.695572 -0.071096 -0.095384 1.694506 -0.071477 -0.095300 1.690826 -0.066953 -0.092763 1.695368 -0.063694 -0.095213 1.694682 -0.064266 -0.095087 1.689147 -0.067586 -0.092624 1.689253 -0.062875 -0.096994 1.693431 -0.063217 -0.096919 1.690123 -0.064494 -0.099497 1.693542 -0.062875 -0.096994 1.693431 -0.063694 -0.095213 1.694682 -0.066402 -0.099400 1.694867 -0.071477 -0.095300 1.690826 -0.071096 -0.095384 1.694506 -0.062875 -0.096994 1.693431 -0.064494 -0.099497 1.693542 -0.064836 -0.099422 1.690233 -0.063217 -0.096919 1.690123 -0.066402 -0.099400 1.694867 -0.066975 -0.099275 1.689332 -0.066975 -0.099275 1.689332 -0.066402 -0.099400 1.694867 -0.068271 -0.096924 1.665705 -0.064965 -0.099149 1.666770 -0.065868 -0.098318 1.672386 -0.069237 -0.096035 1.671712 -0.065931 -0.091625 1.671591 -0.067884 -0.091460 1.670103 -0.069982 -0.094260 1.670179 -0.069237 -0.096035 1.671712 -0.062777 -0.094194 1.672273 -0.065868 -0.098318 1.672386 -0.065931 -0.091625 1.671591 -0.064965 -0.092513 1.665584 -0.067271 -0.092024 1.666290 -0.067884 -0.091460 1.670103 -0.069982 -0.094260 1.670179 -0.069369 -0.094824 1.666367 -0.065931 -0.091625 1.671591 -0.062777 -0.094194 1.672273 -0.061874 -0.095025 1.666657 -0.064965 -0.092513 1.665584 0.067744 -0.096035 1.671712 
						0.066778 -0.096924 1.665705 -0.061922 -0.096443 1.671300 -0.061462 -0.096866 1.668440 -0.063496 -0.098543 1.671357 -0.061922 -0.096443 1.671300 -0.061874 -0.095025 1.666657 -0.064965 -0.099149 1.666770 -0.068271 -0.096924 1.665705 -0.064965 -0.092513 1.665584 -0.069369 -0.094824 1.666367 -0.069982 -0.094260 1.670179 -0.061922 -0.096443 1.671300 -0.063496 -0.098543 1.671357 -0.063036 -0.098966 1.668497 -0.061462 -0.096866 1.668440 -0.065868 -0.098318 1.672386 -0.064965 -0.099149 1.666770 -0.010464 -0.122251 1.701195 -0.010176 -0.123670 1.703029 -0.011192 -0.127223 1.702225 -0.011946 -0.127431 1.700023 -0.017484 -0.120626 1.702418 -0.018912 -0.125619 1.701288 -0.016426 -0.127099 1.704220 -0.014945 -0.121919 1.705392 -0.014945 -0.121919 1.705392 -0.013249 -0.123442 1.705908 -0.016426 -0.127099 1.704220 -0.011946 -0.127431 1.700023 -0.011192 -0.127223 1.702225 -0.014266 -0.126996 1.705104 -0.010464 -0.122251 1.701195 -0.013164 -0.120946 1.698371 -0.017484 -0.120626 1.702418 -0.014945 -0.121919 1.705392 -0.015185 -0.121080 1.697590 -0.018147 -0.120861 1.700364 -0.016164 -0.124504 1.696815 -0.015185 -0.121080 1.697590 -0.013164 -0.120946 1.698371 -0.014593 -0.125939 1.697242 -0.010464 -0.122251 1.701195 -0.011946 -0.127431 1.700023 -0.013249 -0.123442 1.705908 -0.014266 -0.126996 1.705104 -0.011192 -0.127223 1.702225 -0.010176 -0.123670 1.703029 -0.019126 -0.124285 1.699590 -0.018147 -0.120861 1.700364 -0.014593 -0.125939 1.697242 -0.018912 -0.125619 1.701288 -0.019126 -0.124285 1.699590 -0.016164 -0.124504 1.696815 -0.018912 -0.125619 1.701288 -0.014593 -0.125939 1.697242 -0.069369 -0.094824 1.666367 -0.067271 -0.092024 1.666290 -0.061462 -0.096866 1.668440 -0.063036 -0.098966 1.668497 -0.071477 -0.095300 1.690826 -0.069676 -0.092516 1.690703 -0.063217 -0.096919 1.690123 -0.064836 -0.099422 1.690233 -0.067048 -0.099308 1.701533 
						-0.018147 -0.120861 1.700364 -0.017484 -0.120626 1.702418 0.053861 -0.099125 1.710888 0.055767 -0.102903 1.711242 0.053599 -0.099324 1.704800 0.055907 -0.103899 1.705229 0.069122 -0.091681 1.678004 0.071081 -0.094710 1.678138 0.064477 -0.098878 1.677484 0.062639 -0.096035 1.677359 0.065679 -0.091944 1.666150 0.067929 -0.094945 1.666232 0.063448 -0.099095 1.666830 0.042024 -0.104474 1.704433 0.036260 -0.106954 1.703478 0.038842 -0.105674 1.697209 0.041341 -0.104669 1.697730 0.046212 -0.102062 1.672889 0.051219 -0.099954 1.676173 0.045764 -0.102515 1.685707 0.043630 -0.103342 1.684196 0.047669 -0.101999 1.702914 0.043824 -0.103640 1.697181 0.054706 -0.098540 1.681285 0.047209 -0.101991 1.687979 0.030138 -0.109110 1.677215 0.034803 -0.107017 1.673453 0.038648 -0.105376 1.684223 0.036559 -0.106273 1.685759 0.056142 -0.098034 1.687447 0.055309 -0.098514 1.693721 0.047289 -0.102115 1.693358 0.047745 -0.101851 1.690666 0.052334 -0.099906 1.699152 0.045913 -0.102743 1.695646 0.040448 -0.104542 1.671935 0.046212 -0.102062 1.672889 0.043630 -0.103342 1.684196 0.041131 -0.104347 1.683674 0.031253 -0.109062 1.700194 0.027766 -0.110477 1.695083 0.035263 -0.107025 1.693425 0.036708 -0.106501 1.695697 0.026330 -0.110982 1.688920 0.027163 -0.110503 1.682646 0.035183 -0.106902 1.688046 0.034727 -0.107166 1.690738 0.038648 -0.105376 1.684223 0.041131 -0.104347 1.683674 0.041236 -0.104508 1.690702 0.035263 -0.107025 1.693425 0.034727 -0.107166 1.690738 0.041341 -0.104669 1.697730 0.038842 -0.105674 1.697209 0.043630 -0.103342 1.684196 0.045764 -0.102515 1.685707 0.043824 -0.103640 1.697181 0.047209 -0.101991 1.687979 0.036559 -0.106273 1.685759 0.047745 -0.101851 1.690666 0.047289 -0.102115 1.693358 0.045913 -0.102743 1.695646 0.036708 -0.106501 1.695697 0.035183 -0.106902 1.688046 
						-0.026252 -0.143918 1.620981 -0.022665 -0.145355 1.632346 -0.024626 -0.139371 1.633933 -0.028390 -0.137859 1.622011 -0.022905 -0.140605 1.581313 -0.014285 -0.140381 1.581725 -0.024291 -0.141178 1.585837 -0.028956 -0.140495 1.593935 -0.028125 -0.142207 1.607458 -0.030356 -0.136060 1.607823 -0.031230 -0.134260 1.593636 -0.012825 -0.136210 1.560573 -0.024372 -0.137076 1.567390 -0.026423 -0.130662 1.567571 -0.014307 -0.129755 1.560418 -0.000822 -0.142216 1.596825 -0.000822 -0.144130 1.612185 -0.014005 -0.144178 1.611924 -0.014471 -0.142296 1.596825 -0.000822 -0.136074 1.559540 -0.000822 -0.129617 1.559334 -0.000822 -0.140301 1.581726 -0.000822 -0.146927 1.632939 -0.028539 -0.138783 1.580413 -0.030793 -0.132461 1.579448 -0.000822 -0.138751 1.566700 -0.013029 -0.138866 1.567602 -0.014950 -0.113367 1.555071 -0.026861 -0.112843 1.560805 -0.029026 -0.106708 1.559028 -0.015746 -0.106283 1.554286 -0.013664 -0.146163 1.638752 -0.015181 -0.140223 1.640357 -0.000822 -0.125195 1.559341 -0.014984 -0.125344 1.560518 -0.015661 -0.120933 1.560618 -0.000822 -0.120772 1.559348 -0.015933 -0.137187 1.642263 -0.015266 -0.132848 1.652724 -0.024308 -0.132203 1.639766 -0.028542 -0.127306 1.573126 -0.030915 -0.128283 1.580252 -0.031036 -0.124105 1.581056 -0.028475 -0.123051 1.572742 -0.026169 -0.126329 1.566000 -0.025914 -0.121996 1.564428 -0.024467 -0.135787 1.636849 -0.028720 -0.130431 1.625793 -0.028555 -0.134145 1.623902 -0.031548 -0.128323 1.609164 -0.000822 -0.137651 1.645585 -0.000822 -0.134594 1.654858 -0.031901 -0.130237 1.593086 -0.030952 -0.132191 1.608494 -0.032572 -0.126214 1.592536 -0.024617 -0.142505 1.596294 -0.023995 -0.143832 1.606760 -0.014159 -0.146684 1.630600 -0.022784 -0.144982 1.615829 -0.020737 -0.146044 1.625188 -0.021742 -0.139522 1.572775 -0.000822 -0.146365 1.640408 -0.000822 -0.140443 1.642092 -0.023311 -0.138183 1.568527 
						-0.024957 -0.139286 1.577139 -0.025595 -0.139249 1.575808 -0.023795 -0.138142 1.567195 -0.027133 -0.143456 1.608892 -0.025414 -0.145054 1.621503 -0.013659 -0.147167 1.638204 -0.000822 -0.147383 1.639943 -0.027531 -0.140046 1.581976 -0.027949 -0.141751 1.595432 -0.026455 -0.137929 1.573902 -0.000822 -0.137148 1.559381 -0.012437 -0.137289 1.560472 -0.022091 -0.146404 1.632168 -0.028608 -0.131561 1.573509 -0.014001 -0.119672 1.675869 -0.000822 -0.121753 1.692317 -0.000822 -0.121691 1.696542 -0.005397 -0.122807 1.693972 -0.029602 -0.113972 1.568022 -0.032343 -0.115100 1.575239 -0.035462 -0.112304 1.575052 -0.034061 -0.104995 1.566335 -0.032992 -0.123997 1.630459 -0.027703 -0.127157 1.646808 -0.032811 -0.112226 1.656359 -0.037463 -0.114386 1.638972 -0.000822 -0.113176 1.554217 -0.000822 -0.105108 1.553478 -0.033036 -0.121932 1.592830 -0.038478 -0.117386 1.592698 -0.014644 -0.123927 1.667993 -0.000822 -0.126153 1.672362 -0.000822 -0.120426 1.681971 -0.034118 -0.124868 1.610118 -0.038592 -0.118939 1.610203 -0.030793 -0.132461 1.579448 -0.031230 -0.134260 1.593636 -0.030356 -0.136060 1.607823 -0.015181 -0.140223 1.640357 -0.000822 -0.140443 1.642092 -0.028390 -0.137859 1.622011 -0.024626 -0.139371 1.633933 -0.014307 -0.129755 1.560418 -0.026423 -0.130662 1.567571 -0.028608 -0.131561 1.573509 -0.000822 -0.129617 1.559334 -0.015528 -0.125882 1.661161 -0.000822 -0.129148 1.662754 -0.016621 -0.101631 1.554048 -0.029440 -0.099326 1.557897 -0.029854 -0.091943 1.556766 -0.017497 -0.096979 1.553810 -0.048218 -0.102974 1.589902 -0.048273 -0.102077 1.608671 -0.057953 -0.085216 1.607138 -0.054214 -0.084956 1.588790 -0.041656 -0.083477 1.562548 -0.049334 -0.084528 1.575173 -0.053641 -0.074427 1.576527 -0.047344 -0.079219 1.567679 -0.068947 -0.058908 1.611263 -0.062713 -0.064994 1.594006 -0.042699 -0.096866 1.572314 -0.000822 -0.101834 1.553303 
						-0.000822 -0.100028 1.553129 -0.042756 -0.107731 1.657542 -0.051186 -0.101221 1.632085 -0.038789 -0.094352 1.565934 -0.061666 -0.084921 1.628748 -0.059992 -0.094879 1.656580 -0.059987 -0.092914 1.655637 -0.069317 -0.080462 1.658372 -0.029452 -0.114048 1.666310 -0.014117 -0.120471 1.676713 -0.014990 -0.123486 1.676713 -0.030326 -0.117063 1.666310 -0.074142 -0.055640 1.631637 -0.071729 -0.068051 1.645004 -0.074904 -0.078816 1.682997 -0.077420 -0.066646 1.674960 -0.078616 -0.066413 1.689990 -0.075330 -0.078680 1.693870 -0.073432 -0.080022 1.708364 -0.079383 -0.067162 1.706019 -0.065907 -0.098584 1.706336 -0.071304 -0.097530 1.695432 -0.065556 -0.100334 1.693477 -0.061253 -0.101173 1.702178 -0.070083 -0.090680 1.682587 -0.070772 -0.091491 1.695413 -0.070577 -0.096700 1.682587 -0.064974 -0.099672 1.683230 -0.061096 -0.100871 1.657539 -0.045735 -0.111034 1.658166 -0.045158 -0.111107 1.663743 -0.057412 -0.102999 1.663247 -0.071116 -0.077241 1.725359 -0.060366 -0.089972 1.723593 -0.055859 -0.086169 1.740573 -0.066159 -0.076142 1.742353 -0.077726 -0.065932 1.724835 -0.071848 -0.066306 1.741996 -0.050698 -0.081638 1.758682 -0.046054 -0.088875 1.751750 -0.041691 -0.090575 1.755671 -0.043000 -0.083858 1.763888 -0.052470 -0.074302 1.762303 -0.043258 -0.078683 1.766591 -0.065234 -0.092902 1.707515 -0.055155 -0.098611 1.712216 -0.053861 -0.095837 1.721768 -0.059059 -0.078302 1.751092 -0.063737 -0.069495 1.753294 -0.050713 -0.087272 1.747471 -0.032625 -0.095281 1.757820 -0.032870 -0.088664 1.766541 -0.032510 -0.084544 1.769331 -0.050341 -0.092622 1.735171 -0.047979 -0.089545 1.743343 -0.040820 -0.094734 1.748068 -0.032045 -0.099512 1.750055 -0.044369 -0.092601 1.746937 -0.056481 -0.103711 1.710639 -0.053734 -0.105263 1.705615 -0.040033 -0.099173 1.738971 -0.031259 -0.103951 1.740958 -0.043582 -0.097039 1.737840 -0.046225 -0.099682 1.725933 
						-0.042286 -0.102767 1.726909 -0.037398 -0.105469 1.727122 -0.030146 -0.109543 1.728683 -0.025494 -0.122812 1.656200 -0.023285 -0.115733 1.665592 -0.024790 -0.144747 1.620147 -0.021697 -0.146009 1.630105 -0.012588 -0.137377 1.562176 -0.013829 -0.146722 1.635746 -0.000822 -0.137242 1.561130 -0.027156 -0.141643 1.595649 -0.026387 -0.143258 1.608392 -0.026760 -0.140029 1.582911 -0.000822 -0.147685 1.637413 -0.029508 -0.116153 1.713473 -0.019614 -0.118483 1.710130 -0.020014 -0.113371 1.725015 -0.038300 -0.115864 1.711658 -0.042747 -0.112247 1.711698 -0.042774 -0.112075 1.706465 -0.039225 -0.114962 1.706432 -0.029817 -0.117928 1.712249 -0.037255 -0.112538 1.712015 -0.038123 -0.115532 1.712015 -0.030686 -0.120929 1.712249 -0.046560 -0.109695 1.711348 -0.045817 -0.110037 1.706185 -0.021877 -0.088514 1.771010 -0.021938 -0.093910 1.767138 -0.013244 -0.096938 1.767700 -0.011065 -0.103681 1.755176 -0.000822 -0.103340 1.755669 -0.000822 -0.099796 1.765322 -0.010571 -0.108622 1.743001 -0.000822 -0.108534 1.742406 -0.011070 -0.111787 1.734617 -0.000822 -0.111324 1.734597 -0.009883 -0.117198 1.721347 -0.000822 -0.116785 1.720693 -0.008478 -0.120861 1.706302 -0.021164 -0.107869 1.737787 -0.021308 -0.104067 1.746528 -0.021519 -0.099416 1.758097 -0.000822 -0.096383 1.771283 -0.012730 -0.092272 1.771427 -0.007024 -0.124349 1.693259 -0.010061 -0.122379 1.705497 -0.010934 -0.125390 1.705497 -0.007898 -0.127363 1.693259 -0.027193 -0.113771 1.666075 -0.008464 -0.127539 1.693161 -0.011462 -0.125593 1.705240 -0.017818 -0.122720 1.701300 -0.015427 -0.124273 1.691664 -0.013015 -0.084499 1.774865 -0.022664 -0.081187 1.773532 -0.000822 -0.088601 1.776273 -0.032313 -0.077875 1.772198 -0.079935 -0.054476 1.666923 -0.081901 -0.054147 1.686110 -0.068415 -0.060688 1.753188 -0.053992 -0.068720 1.763744 -0.044411 -0.073185 1.768542 -0.075322 -0.057712 1.741830 
						-0.083100 -0.054302 1.703674 -0.081625 -0.054622 1.724311 -0.069186 -0.097256 1.663546 -0.061096 -0.100871 1.657539 -0.057412 -0.102999 1.663247 -0.063864 -0.100116 1.668041 -0.000822 -0.121630 1.700768 -0.030962 -0.121188 1.711894 -0.033369 -0.119209 1.706616 -0.045350 -0.104572 1.712934 -0.015470 -0.123710 1.676833 -0.021011 -0.121220 1.678638 -0.068308 -0.091176 1.662740 -0.005397 -0.122807 1.693972 -0.000822 -0.121691 1.696542 -0.021214 -0.123390 1.708568 -0.025594 -0.120965 1.703958 -0.036935 -0.110815 1.713248 -0.041476 -0.107215 1.713305 -0.041763 -0.108872 1.712058 -0.045629 -0.106282 1.711702 -0.046497 -0.109278 1.711702 -0.042631 -0.111864 1.712058 -0.069957 -0.093102 1.682545 -0.068547 -0.093665 1.663253 -0.069421 -0.096680 1.663253 -0.070831 -0.096116 1.682545 -0.055683 -0.100213 1.710978 -0.065232 -0.095014 1.706612 -0.066103 -0.098021 1.706612 -0.056553 -0.103214 1.710978 -0.044787 -0.107626 1.657794 -0.045660 -0.110640 1.657794 -0.019939 -0.120153 1.708873 -0.020810 -0.123160 1.708873 -0.070697 -0.093944 1.695560 -0.071569 -0.096956 1.695560 -0.030605 -0.117371 1.666570 -0.033084 -0.116163 1.670448 -0.060352 -0.097328 1.657164 -0.061225 -0.100342 1.657164 -0.060352 -0.097328 1.657164 -0.061225 -0.100342 1.657164 -0.016979 -0.120278 1.691664 -0.022201 -0.116640 1.678638 -0.040544 -0.108140 1.706662 -0.034269 -0.113306 1.706616 -0.033657 -0.110309 1.670448 -0.045114 -0.103977 1.663743 -0.026729 -0.115891 1.703958 -0.019188 -0.118477 1.701300 -0.042848 -0.105197 1.706465 -0.056420 -0.094593 1.663247 -0.062523 -0.091030 1.668041 -0.045654 -0.102843 1.706185 -0.063579 -0.090469 1.683230 -0.064228 -0.091064 1.693477 -0.060041 -0.092363 1.702178 -0.053008 -0.097241 1.705615 -0.056420 -0.094593 1.663247 -0.029452 -0.114048 1.666310 -0.044787 -0.107626 1.657794 -0.060352 -0.097328 1.657164 -0.068547 -0.093665 1.663253 
						-0.069957 -0.093102 1.682545 -0.070697 -0.093944 1.695560 -0.065232 -0.095014 1.706612 -0.055683 -0.100213 1.710978 -0.037255 -0.112538 1.712015 -0.029817 -0.117928 1.712249 -0.041763 -0.108872 1.712058 -0.045629 -0.106282 1.711702 -0.014117 -0.120471 1.676713 -0.019939 -0.120153 1.708873 -0.010061 -0.122379 1.705497 -0.007024 -0.124349 1.693259 -0.007024 -0.124349 1.693259 -0.022773 -0.081596 1.777967 -0.032622 -0.078532 1.776735 -0.083002 -0.051855 1.685298 -0.080739 -0.052434 1.664920 -0.059932 -0.066459 1.584424 -0.053522 -0.074871 1.572870 -0.046510 -0.079960 1.564772 -0.044667 -0.071032 1.772648 -0.054506 -0.066602 1.767270 -0.068779 -0.059897 1.755001 -0.076549 -0.057118 1.744480 -0.013146 -0.084616 1.779184 -0.074738 -0.055089 1.627442 -0.069778 -0.058387 1.605803 -0.083244 -0.052509 1.725874 -0.084811 -0.051647 1.703954 -0.000822 -0.088109 1.779468 -0.063157 -0.053640 1.587473 -0.053461 -0.063231 1.572977 -0.053895 -0.056656 1.767756 -0.068976 -0.050284 1.755743 -0.046510 -0.069198 1.565002 -0.031565 -0.067541 1.779128 -0.044600 -0.061192 1.773577 -0.071559 -0.047175 1.605803 -0.081449 -0.042468 1.664920 -0.076264 -0.043705 1.627442 -0.084811 -0.042284 1.703954 -0.083537 -0.042119 1.685298 -0.000822 -0.071113 1.781929 -0.013021 -0.071432 1.781239 -0.083244 -0.042624 1.725874 -0.020820 -0.069137 1.780390 -0.076549 -0.045906 1.744480 -0.040498 -0.084217 1.559730 -0.028696 -0.091070 1.553948 -0.016339 -0.096296 1.550993 -0.000822 -0.099746 1.550311 -0.040498 -0.072816 1.559730 -0.028696 -0.079704 1.553948 -0.016339 -0.086605 1.550993 -0.000822 -0.091200 1.550311 -0.042298 -0.109383 1.712469 -0.044200 -0.112543 1.711722 -0.043621 -0.113441 1.709636 -0.040834 -0.108811 1.710729 -0.045609 -0.105266 1.706696 -0.048157 -0.109499 1.705697 -0.048894 -0.110279 1.709686 -0.046107 -0.105649 1.710780 -0.040834 -0.108811 1.710729 
						-0.045897 -0.107224 1.712503 -0.042298 -0.109383 1.712469 -0.048894 -0.110279 1.709686 -0.043621 -0.113441 1.709636 -0.044200 -0.112543 1.711722 -0.047800 -0.110385 1.711757 -0.040788 -0.108157 1.706650 -0.033600 -0.121409 1.709330 -0.038839 -0.118199 1.709556 -0.038243 -0.117385 1.705554 -0.033397 -0.120354 1.705345 -0.042039 -0.108106 1.704728 -0.045002 -0.106329 1.704756 -0.040788 -0.108157 1.706650 -0.043336 -0.112390 1.705650 -0.043606 -0.110708 1.704113 -0.042039 -0.108106 1.704728 -0.040834 -0.108811 1.710729 -0.043621 -0.113441 1.709636 -0.042298 -0.109383 1.712469 -0.045897 -0.107224 1.712503 -0.047800 -0.110385 1.711757 -0.044200 -0.112543 1.711722 -0.045002 -0.106329 1.704756 -0.042039 -0.108106 1.704728 -0.043606 -0.110708 1.704113 -0.046569 -0.108931 1.704142 -0.043336 -0.112390 1.705650 -0.048157 -0.109499 1.705697 -0.046569 -0.108931 1.704142 -0.043606 -0.110708 1.704113 -0.020882 -0.121440 1.709040 -0.022150 -0.124843 1.708370 -0.021885 -0.125483 1.706099 -0.019991 -0.120402 1.707099 -0.020421 -0.119804 1.704875 -0.026084 -0.118005 1.706455 -0.025654 -0.118603 1.708678 -0.019991 -0.120402 1.707099 -0.024675 -0.120235 1.710098 -0.020882 -0.121440 1.709040 -0.027548 -0.123683 1.707678 -0.021885 -0.125483 1.706099 -0.022150 -0.124843 1.708370 -0.025943 -0.123638 1.709428 -0.027978 -0.123085 1.705455 -0.022315 -0.124885 1.703875 -0.022315 -0.124885 1.703875 -0.020421 -0.119804 1.704875 -0.026292 -0.117767 1.704690 -0.020984 -0.119454 1.703210 -0.022401 -0.119475 1.701609 -0.026073 -0.118308 1.702634 -0.020984 -0.119454 1.703210 -0.022759 -0.124216 1.702272 -0.023629 -0.122769 1.700961 -0.022401 -0.119475 1.701609 -0.025654 -0.118603 1.708678 -0.026084 -0.118005 1.706455 -0.027978 -0.123085 1.705455 -0.027548 -0.123683 1.707678 -0.020882 -0.121440 1.709040 -0.024675 -0.120235 1.710098 -0.025943 -0.123638 1.709428 
						-0.022150 -0.124843 1.708370 -0.026073 -0.118308 1.702634 -0.027301 -0.121602 1.701985 -0.022759 -0.124216 1.702272 -0.028067 -0.122529 1.703753 -0.027301 -0.121602 1.701985 -0.023629 -0.122769 1.700961 -0.022759 -0.124216 1.702272 -0.020984 -0.119454 1.703210 -0.026292 -0.117767 1.704690 -0.032052 -0.117379 1.712188 -0.034083 -0.120640 1.711424 -0.033600 -0.121409 1.709330 -0.030741 -0.116819 1.710405 -0.035598 -0.113139 1.706548 -0.038243 -0.117385 1.705554 -0.038839 -0.118199 1.709556 -0.035980 -0.113609 1.710631 -0.030741 -0.116819 1.710405 -0.035980 -0.113609 1.710631 -0.035774 -0.115097 1.712348 -0.032052 -0.117379 1.712188 -0.034083 -0.120640 1.711424 -0.037806 -0.118359 1.711585 -0.030741 -0.116819 1.710405 -0.030752 -0.116109 1.706339 -0.031839 -0.115987 1.704473 -0.035115 -0.113979 1.704614 -0.030752 -0.116109 1.706339 -0.033397 -0.120354 1.705345 -0.033627 -0.118858 1.703801 -0.031839 -0.115987 1.704473 -0.030741 -0.116819 1.710405 -0.033600 -0.121409 1.709330 -0.032052 -0.117379 1.712188 -0.035774 -0.115097 1.712348 -0.037806 -0.118359 1.711585 -0.034083 -0.120640 1.711424 -0.035115 -0.113979 1.704614 -0.031839 -0.115987 1.704473 -0.033627 -0.118858 1.703801 -0.036903 -0.116850 1.703942 -0.036903 -0.116850 1.703942 -0.033627 -0.118858 1.703801 -0.051290 -0.101190 1.711526 -0.053196 -0.104969 1.711880 -0.052690 -0.106102 1.710108 -0.050216 -0.101197 1.709648 -0.055242 -0.099324 1.704800 -0.057550 -0.103899 1.705229 -0.058161 -0.103420 1.709280 -0.055687 -0.098515 1.708821 -0.050216 -0.101197 1.709648 -0.055687 -0.098515 1.708821 -0.055504 -0.099125 1.710888 -0.051290 -0.101190 1.711526 -0.052690 -0.106102 1.710108 -0.053196 -0.104969 1.711880 -0.057410 -0.102903 1.711242 -0.050140 -0.101825 1.705572 -0.055242 -0.099324 1.704800 -0.055242 -0.099324 1.704800 -0.050140 -0.101825 1.705572 -0.051900 -0.102598 1.703732 
						-0.054375 -0.101384 1.703357 -0.050140 -0.101825 1.705572 -0.052448 -0.106400 1.706000 -0.053019 -0.104818 1.703940 -0.051900 -0.102598 1.703732 -0.051290 -0.101190 1.711526 -0.055504 -0.099125 1.710888 -0.057410 -0.102903 1.711242 -0.053196 -0.104969 1.711880 -0.053019 -0.104818 1.703940 -0.055495 -0.103604 1.703565 -0.052448 -0.106400 1.706000 -0.057550 -0.103899 1.705229 -0.055495 -0.103604 1.703565 -0.053019 -0.104818 1.703940 -0.052448 -0.106400 1.706000 -0.070351 -0.091772 1.682007 -0.072310 -0.094801 1.682141 -0.071097 -0.096680 1.683040 -0.068104 -0.092054 1.682835 -0.065389 -0.094321 1.676538 -0.068170 -0.098621 1.676728 -0.071729 -0.096542 1.676926 -0.068737 -0.091915 1.676721 -0.068104 -0.092054 1.682835 -0.068737 -0.091915 1.676721 -0.070765 -0.091681 1.678004 -0.070351 -0.091772 1.682007 -0.071729 -0.096542 1.676926 -0.071097 -0.096680 1.683040 -0.072310 -0.094801 1.682141 -0.072724 -0.094710 1.678138 -0.068737 -0.091915 1.676721 -0.068104 -0.092054 1.682835 -0.064801 -0.094450 1.682221 -0.065389 -0.094321 1.676538 -0.063893 -0.096120 1.681116 -0.064282 -0.096035 1.677359 -0.064801 -0.094450 1.682221 -0.067582 -0.098749 1.682411 -0.065732 -0.098963 1.681241 -0.063893 -0.096120 1.681116 -0.072724 -0.094710 1.678138 -0.072310 -0.094801 1.682141 -0.064282 -0.096035 1.677359 -0.063893 -0.096120 1.681116 -0.065732 -0.098963 1.681241 -0.066121 -0.098878 1.677484 -0.067582 -0.098749 1.682411 -0.068170 -0.098621 1.676728 -0.068170 -0.098621 1.676728 -0.067582 -0.098749 1.682411 0.018198 -0.120402 1.707099 0.020091 -0.125483 1.706099 0.020225 -0.125083 1.708280 0.018825 -0.121326 1.709020 0.024558 -0.117658 1.704731 0.023861 -0.118603 1.708678 0.025754 -0.123683 1.707678 0.026393 -0.122581 1.703762 0.018198 -0.120402 1.707099 0.018825 -0.121326 1.709020 0.023012 -0.119995 1.710188 0.023861 -0.118603 1.708678 
						0.025754 -0.123683 1.707678 0.024413 -0.123752 1.709448 0.020225 -0.125083 1.708280 0.020091 -0.125483 1.706099 0.024558 -0.117658 1.704731 0.019071 -0.119402 1.703200 0.024451 -0.117995 1.702751 0.020264 -0.119326 1.701583 0.021664 -0.123082 1.700843 0.020905 -0.124325 1.702231 0.019071 -0.119402 1.703200 0.020264 -0.119326 1.701583 0.023012 -0.119995 1.710188 0.018825 -0.121326 1.709020 0.020225 -0.125083 1.708280 0.024413 -0.123752 1.709448 0.020264 -0.119326 1.701583 0.024451 -0.117995 1.702751 0.025851 -0.121752 1.702011 0.021664 -0.123082 1.700843 0.020905 -0.124325 1.702231 0.021664 -0.123082 1.700843 0.025851 -0.121752 1.702011 0.026393 -0.122581 1.703762 0.028948 -0.116819 1.710405 0.031807 -0.121409 1.709330 0.032367 -0.120386 1.711272 0.030522 -0.117424 1.711965 0.033759 -0.113288 1.706523 0.034187 -0.113609 1.710631 0.037046 -0.118199 1.709556 0.036295 -0.117359 1.705570 0.028948 -0.116819 1.710405 0.030522 -0.117424 1.711965 0.033903 -0.115352 1.712111 0.034187 -0.113609 1.710631 0.037046 -0.118199 1.709556 0.035748 -0.118314 1.711417 0.032367 -0.120386 1.711272 0.031807 -0.121409 1.709330 0.033759 -0.113288 1.706523 0.029113 -0.116135 1.706322 0.033160 -0.114510 1.704526 0.030597 -0.116081 1.704415 0.031995 -0.118326 1.703889 0.031649 -0.120206 1.705369 0.029113 -0.116135 1.706322 0.030597 -0.116081 1.704415 0.033903 -0.115352 1.712111 0.030522 -0.117424 1.711965 0.032367 -0.120386 1.711272 0.035748 -0.118314 1.711417 0.030597 -0.116081 1.704415 0.033160 -0.114510 1.704526 0.034558 -0.116756 1.704000 0.031995 -0.118326 1.703889 0.031649 -0.120206 1.705369 0.036295 -0.117359 1.705570 0.031649 -0.120206 1.705369 0.036295 -0.117359 1.705570 0.039041 -0.108811 1.710729 0.041828 -0.113441 1.709636 0.042518 -0.112196 1.711774 0.040863 -0.109448 1.712422 
						0.043845 -0.105175 1.706709 0.044314 -0.105649 1.710779 0.047101 -0.110279 1.709686 0.046458 -0.109516 1.705684 0.039041 -0.108811 1.710729 0.040863 -0.109448 1.712422 0.043993 -0.107571 1.712452 0.044314 -0.105649 1.710779 0.047101 -0.110279 1.709686 0.045648 -0.110319 1.711803 0.042518 -0.112196 1.711774 0.041828 -0.113441 1.709636 0.043845 -0.105175 1.706709 0.038900 -0.108140 1.706662 0.043197 -0.106366 1.704751 0.040284 -0.108113 1.704723 0.041824 -0.110672 1.704119 0.041514 -0.112481 1.705637 0.038900 -0.108140 1.706662 0.040284 -0.108113 1.704723 0.043993 -0.107571 1.712452 0.040863 -0.109448 1.712422 0.042518 -0.112196 1.711774 0.045648 -0.110319 1.711803 0.040284 -0.108113 1.704723 0.043197 -0.106366 1.704751 0.044737 -0.108924 1.704147 0.041824 -0.110672 1.704119 0.041514 -0.112481 1.705637 0.046458 -0.109516 1.705684 0.041514 -0.112481 1.705637 0.046458 -0.109516 1.705684 0.065405 -0.099308 1.701533 0.062047 -0.100804 1.706462 0.059314 -0.102424 1.703828 0.062426 -0.101038 1.699259 0.059268 -0.096064 1.706006 0.062047 -0.100804 1.706462 0.063433 -0.099009 1.706817 0.061475 -0.095670 1.706497 0.056738 -0.098031 1.703406 0.059314 -0.102424 1.703828 0.059268 -0.096064 1.706006 0.061475 -0.095670 1.706497 0.063841 -0.094616 1.703024 0.062626 -0.094568 1.701078 0.065799 -0.097956 1.703345 0.063433 -0.099009 1.706817 0.059850 -0.096645 1.698837 0.056738 -0.098031 1.703406 0.058580 -0.098337 1.698560 0.056432 -0.099293 1.701713 0.058210 -0.102326 1.702004 0.059314 -0.102424 1.703828 0.056738 -0.098031 1.703406 0.056432 -0.099293 1.701713 0.059850 -0.096645 1.698837 0.062626 -0.094568 1.701078 0.065405 -0.099308 1.701533 0.062426 -0.101038 1.699259 0.063841 -0.094616 1.703024 0.061475 -0.095670 1.706497 0.063433 -0.099009 1.706817 0.065799 -0.097956 1.703345 
						0.058580 -0.098337 1.698560 0.060358 -0.101369 1.698851 0.058210 -0.102326 1.702004 0.060358 -0.101369 1.698851 0.065309 -0.092763 1.695368 0.068302 -0.097389 1.695572 0.069452 -0.095384 1.694506 0.067652 -0.092600 1.694383 0.062623 -0.095087 1.689147 0.065942 -0.092624 1.689253 0.068935 -0.097251 1.689458 0.065331 -0.099275 1.689332 0.065309 -0.092763 1.695368 0.067652 -0.092600 1.694383 0.068033 -0.092516 1.690703 0.065942 -0.092624 1.689253 0.068935 -0.097251 1.689458 0.069833 -0.095300 1.690826 0.069452 -0.095384 1.694506 0.068302 -0.097389 1.695572 0.062623 -0.095087 1.689147 0.062050 -0.095213 1.694682 0.061574 -0.096919 1.690123 0.061231 -0.096994 1.693431 0.062850 -0.099497 1.693542 0.064759 -0.099400 1.694867 0.062050 -0.095213 1.694682 0.061231 -0.096994 1.693431 0.068033 -0.092516 1.690703 0.067652 -0.092600 1.694383 0.061231 -0.096994 1.693431 0.061574 -0.096919 1.690123 0.063193 -0.099422 1.690233 0.062850 -0.099497 1.693542 0.064759 -0.099400 1.694867 0.062850 -0.099497 1.693542 0.063193 -0.099422 1.690233 0.065331 -0.099275 1.689332 0.068935 -0.097251 1.689458 0.068302 -0.097389 1.695572 0.008821 -0.122251 1.701195 0.010302 -0.127431 1.700023 0.009549 -0.127223 1.702225 0.008532 -0.123670 1.703029 0.015840 -0.120626 1.702418 0.013301 -0.121919 1.705392 0.014783 -0.127099 1.704220 0.017269 -0.125619 1.701288 0.008821 -0.122251 1.701195 0.008532 -0.123670 1.703029 0.011606 -0.123442 1.705908 0.013301 -0.121919 1.705392 0.014783 -0.127099 1.704220 0.012622 -0.126996 1.705104 0.009549 -0.127223 1.702225 0.010302 -0.127431 1.700023 0.015840 -0.120626 1.702418 0.011521 -0.120946 1.698371 0.016503 -0.120861 1.700364 0.013542 -0.121080 1.697590 0.014521 -0.124504 1.696815 0.012949 -0.125939 1.697242 0.011521 -0.120946 1.698371 0.013542 -0.121080 1.697590 
						0.011521 -0.120946 1.698371 0.012949 -0.125939 1.697242 0.011606 -0.123442 1.705908 0.008532 -0.123670 1.703029 0.009549 -0.127223 1.702225 0.012622 -0.126996 1.705104 0.016503 -0.120861 1.700364 0.017483 -0.124285 1.699590 0.012949 -0.125939 1.697242 0.014521 -0.124504 1.696815 0.017483 -0.124285 1.699590 0.017269 -0.125619 1.701288 0.068033 -0.092516 1.690703 0.069833 -0.095300 1.690826 0.061574 -0.096919 1.690123 0.063193 -0.099422 1.690233 0.062626 -0.094568 1.701078 0.065405 -0.099308 1.701533 0.058580 -0.098337 1.698560 0.060358 -0.101369 1.698851 0.043993 -0.107571 1.712452 0.045648 -0.110319 1.711803 0.043197 -0.106366 1.704751 0.044737 -0.108924 1.704147 0.033903 -0.115352 1.712111 0.035748 -0.118314 1.711417 0.033160 -0.114510 1.704526 0.034558 -0.116756 1.704000 0.023012 -0.119995 1.710188 0.024413 -0.123752 1.709448 0.024451 -0.117995 1.702751 0.025851 -0.121752 1.702011 0.013301 -0.121919 1.705392 0.014783 -0.127099 1.704220 0.016503 -0.120861 1.700364 0.017483 -0.124285 1.699590 -0.025654 -0.118603 1.708678 -0.027548 -0.123683 1.707678 -0.026073 -0.118308 1.702634 -0.028067 -0.122529 1.703753 -0.022759 -0.124216 1.702272 -0.035774 -0.115097 1.712348 -0.037806 -0.118359 1.711585 -0.036903 -0.116850 1.703942 -0.047800 -0.110385 1.711757 -0.046569 -0.108931 1.704142 -0.058161 -0.103420 1.709280 -0.057410 -0.102903 1.711242 -0.057550 -0.103899 1.705229 -0.070765 -0.091681 1.678004 -0.072724 -0.094710 1.678138 -0.064282 -0.096035 1.677359 -0.066121 -0.098878 1.677484 -0.043668 -0.104474 1.704433 -0.042984 -0.104669 1.697730 -0.040486 -0.105674 1.697209 -0.037903 -0.106954 1.703478 -0.047855 -0.102062 1.672889 -0.045273 -0.103342 1.684196 -0.047407 -0.102515 1.685707 -0.052862 -0.099954 1.676173 -0.049312 -0.101999 1.702914 -0.045467 -0.103640 1.697181 -0.048852 -0.101991 1.687979 
						-0.056349 -0.098540 1.681285 -0.031782 -0.109110 1.677215 -0.038203 -0.106273 1.685759 -0.040292 -0.105376 1.684223 -0.036447 -0.107017 1.673453 -0.057786 -0.098034 1.687447 -0.049388 -0.101851 1.690666 -0.048933 -0.102115 1.693358 -0.056953 -0.098514 1.693721 -0.053977 -0.099906 1.699152 -0.047556 -0.102743 1.695646 -0.042091 -0.104542 1.671935 -0.042774 -0.104347 1.683674 -0.045273 -0.103342 1.684196 -0.047855 -0.102062 1.672889 -0.032897 -0.109062 1.700194 -0.038351 -0.106501 1.695697 -0.036906 -0.107025 1.693425 -0.029409 -0.110477 1.695083 -0.027973 -0.110982 1.688920 -0.036371 -0.107166 1.690738 -0.036826 -0.106902 1.688046 -0.028806 -0.110503 1.682646 -0.040292 -0.105376 1.684223 -0.042879 -0.104508 1.690702 -0.042774 -0.104347 1.683674 -0.036906 -0.107025 1.693425 -0.036371 -0.107166 1.690738 -0.042984 -0.104669 1.697730 -0.040486 -0.105674 1.697209 -0.045273 -0.103342 1.684196 -0.047407 -0.102515 1.685707 -0.045467 -0.103640 1.697181 -0.048852 -0.101991 1.687979 -0.038203 -0.106273 1.685759 -0.049388 -0.101851 1.690666 -0.048933 -0.102115 1.693358 -0.047556 -0.102743 1.695646 -0.038351 -0.106501 1.695697 -0.036826 -0.106902 1.688046 -0.037779 0.093950 1.694564 -0.047000 0.090573 1.694650 -0.047000 0.089761 1.703769 -0.037779 0.093237 1.703769 -0.032482 0.076404 1.760048 -0.044838 0.073782 1.754695 -0.048043 0.070137 1.756653 -0.035027 0.071104 1.764740 -0.001103 0.101459 1.703769 -0.012274 0.100691 1.703769 -0.012274 0.099247 1.716219 -0.001103 0.100064 1.716219 -0.012274 0.097139 1.728801 -0.001103 0.098006 1.728801 -0.001103 0.101459 1.686121 -0.012274 0.100716 1.686135 -0.012274 0.101194 1.694481 -0.001103 0.101940 1.694480 -0.037779 0.091311 1.716219 -0.047333 0.087475 1.716219 -0.047333 0.084645 1.728801 -0.037779 0.088716 1.728801 -0.037295 0.077762 1.753673 -0.012274 0.093187 1.741520 
						-0.001103 0.094078 1.741520 -0.037779 0.084522 1.741520 -0.047069 0.081923 1.738133 -0.047342 0.078794 1.744782 -0.047745 0.081588 1.738000 -0.050635 0.077049 1.743607 -0.012488 0.085542 1.754487 -0.009759 0.081212 1.761131 -0.000926 0.081487 1.761073 -0.001103 0.086388 1.754500 -0.017736 0.080150 1.761401 -0.016507 0.075651 1.766605 -0.010128 0.080043 1.762601 -0.001103 0.098892 1.667794 -0.012352 0.098093 1.667854 -0.012284 0.099426 1.676413 -0.001103 0.100175 1.676372 -0.037738 0.092241 1.678463 -0.046853 0.088850 1.680259 -0.047333 0.090016 1.687509 -0.037779 0.093502 1.686793 -0.045620 0.087681 1.673048 -0.048479 0.085404 1.672625 -0.047476 0.088477 1.680273 -0.037601 0.091059 1.671855 -0.035326 0.089924 1.661940 -0.069835 0.040614 1.636385 -0.064208 0.042401 1.624915 -0.067026 0.026479 1.618399 -0.073554 0.025181 1.629133 -0.060346 0.055669 1.631211 -0.059742 0.055941 1.629725 -0.063507 0.042623 1.623488 -0.064208 0.042401 1.624915 -0.066214 0.026641 1.617063 -0.067026 0.026479 1.618399 -0.042674 0.082422 1.650485 -0.051024 0.080332 1.664778 -0.048479 0.085404 1.672625 -0.035918 0.088046 1.656595 -0.059821 0.064335 1.649410 -0.054976 0.066509 1.637367 -0.060346 0.055669 1.631211 -0.065199 0.053480 1.643147 -0.049316 0.074875 1.643501 -0.048352 0.075553 1.642853 -0.054338 0.066834 1.635974 -0.054976 0.066509 1.637367 -0.051746 0.078313 1.660919 -0.045206 0.080106 1.648756 -0.049316 0.074875 1.643501 -0.054850 0.072935 1.655546 -0.045206 0.080106 1.648756 -0.042674 0.082422 1.650485 -0.075253 -0.037307 1.602693 -0.076162 -0.033670 1.604035 -0.072585 -0.031084 1.596483 -0.072574 -0.035081 1.596307 -0.076248 0.007191 1.621653 -0.069402 0.008285 1.611780 -0.070803 -0.009107 1.605949 -0.077114 -0.010286 1.614836 -0.068550 0.008421 1.610551 -0.069402 0.008285 1.611780 
						-0.070017 -0.008960 1.604843 -0.070803 -0.009107 1.605949 -0.072510 -0.036982 1.604520 -0.069825 -0.035112 1.598280 -0.070144 -0.036236 1.597848 -0.072525 -0.038154 1.603790 -0.070088 -0.031148 1.599321 -0.069653 -0.030934 1.598470 -0.069491 -0.034879 1.597503 -0.069825 -0.035112 1.598280 -0.069848 -0.035997 1.597109 -0.070144 -0.036236 1.597848 -0.077259 -0.018346 1.611279 -0.073055 -0.015284 1.602061 -0.075162 -0.004566 1.606706 -0.078780 -0.007620 1.615902 -0.071653 -0.024657 1.598505 -0.071210 -0.024295 1.597418 -0.072527 -0.015310 1.600775 -0.073055 -0.015284 1.602061 -0.074164 -0.007548 1.604421 -0.075162 -0.004566 1.606706 -0.073584 -0.032873 1.606163 -0.070088 -0.031148 1.599321 -0.075690 -0.023978 1.609578 -0.070745 -0.022532 1.601781 -0.070130 -0.022352 1.600810 -0.070745 -0.022532 1.601781 -0.075940 -0.027560 1.607245 -0.071653 -0.024657 1.598505 -0.073249 -0.038196 1.603219 -0.070908 -0.036240 1.597312 -0.071479 -0.034801 1.596851 -0.074197 -0.036929 1.603255 -0.070620 -0.035997 1.596577 -0.070908 -0.036240 1.597312 -0.071163 -0.034536 1.596054 -0.071479 -0.034801 1.596851 -0.075012 -0.033651 1.604535 -0.071426 -0.031134 1.596960 -0.071044 -0.030821 1.596017 -0.071426 -0.031134 1.596960 -0.028437 -0.053079 1.786673 -0.036625 -0.052422 1.783467 -0.036654 -0.053964 1.782988 -0.028513 -0.054776 1.786246 -0.034139 0.061281 1.774833 -0.020114 0.065196 1.775862 -0.016507 0.075651 1.766605 -0.035027 0.071104 1.764740 -0.035640 0.047145 1.785239 -0.022874 0.049667 1.787185 -0.037358 0.032314 1.791979 -0.038330 0.017500 1.795219 -0.025621 0.021133 1.796082 -0.024432 0.035868 1.792991 -0.028131 -0.048949 1.788339 -0.037196 -0.048641 1.785346 -0.038188 0.002864 1.796128 -0.026032 0.006296 1.796953 -0.028917 -0.054625 1.788922 -0.028781 -0.051437 1.789987 -0.037221 -0.050722 1.787302 -0.037146 -0.053870 1.785795 
						-0.037109 -0.010562 1.795786 -0.026081 -0.007739 1.796532 -0.026287 -0.020268 1.795593 -0.037107 -0.022354 1.794809 -0.037797 -0.032730 1.792642 -0.026771 -0.031467 1.793858 -0.028109 -0.042972 1.791599 -0.037091 -0.042100 1.790132 -0.036951 -0.037919 1.792702 -0.027769 -0.038791 1.793740 -0.027485 -0.041416 1.791099 -0.037020 -0.041772 1.789104 -0.028270 -0.047125 1.789954 -0.036982 -0.046253 1.787907 -0.028524 -0.055168 1.786860 -0.036683 -0.054304 1.783627 -0.036730 -0.053167 1.784843 -0.028488 -0.054039 1.787899 -0.027142 -0.034594 1.796216 -0.036927 -0.033824 1.795215 -0.035614 -0.029618 1.797964 -0.026374 -0.030487 1.798796 -0.036268 -0.030799 1.797151 -0.028513 -0.054776 1.786246 -0.036654 -0.053964 1.782988 -0.028395 -0.051101 1.788842 -0.036837 -0.050228 1.786214 -0.027487 -0.048971 1.788551 -0.028131 -0.048949 1.788339 -0.028437 -0.053079 1.786673 -0.027824 -0.053128 1.786913 -0.028513 -0.054776 1.786246 -0.027904 -0.054837 1.786490 -0.021925 0.051065 1.786170 -0.022874 0.049667 1.787185 -0.024432 0.035868 1.792991 -0.023510 0.036273 1.792919 -0.025621 0.021133 1.796082 -0.024720 0.021391 1.796143 -0.020114 0.065196 1.775862 -0.026032 0.006296 1.796953 -0.025170 0.006539 1.797012 -0.026081 -0.007739 1.796532 -0.025255 -0.007528 1.796588 -0.026287 -0.020268 1.795593 -0.025478 -0.020112 1.795652 -0.026771 -0.031467 1.793858 -0.025989 -0.031377 1.793944 -0.027617 -0.047190 1.790107 -0.028270 -0.047125 1.789954 -0.028109 -0.042972 1.791599 -0.027436 -0.043037 1.791708 -0.027769 -0.038791 1.793740 -0.027082 -0.038857 1.793818 -0.027485 -0.041416 1.791099 -0.026772 -0.041389 1.791248 -0.028524 -0.055168 1.786860 -0.027913 -0.055233 1.787102 -0.028488 -0.054039 1.787899 -0.027871 -0.054104 1.788128 -0.027142 -0.034594 1.796216 -0.026496 -0.034806 1.796185 -0.026374 -0.030487 1.798796 -0.026075 -0.031757 1.798070 
						-0.028395 -0.051101 1.788842 -0.027763 -0.051166 1.789039 -0.078105 -0.034027 1.741623 -0.082551 -0.029557 1.733430 -0.083099 -0.032571 1.732985 -0.078847 -0.036825 1.740755 -0.065870 0.053367 1.756677 -0.066491 0.058786 1.746939 -0.074716 0.044446 1.746296 -0.072832 0.039512 1.755900 -0.057570 0.069597 1.746290 -0.057169 0.063424 1.756467 -0.048043 0.070137 1.756653 -0.050635 0.077049 1.743607 -0.080707 0.026535 1.744317 -0.077444 0.021815 1.753706 -0.083619 0.006147 1.741059 -0.079500 0.001450 1.750207 -0.084240 -0.011201 1.737781 -0.079721 -0.015952 1.746734 -0.084597 -0.033617 1.733315 -0.080417 -0.037790 1.740926 -0.085973 -0.031493 1.734229 -0.081708 -0.035750 1.741991 -0.086370 -0.025437 1.735524 -0.081882 -0.029916 1.743692 -0.086919 -0.016594 1.737402 -0.082208 -0.021296 1.745977 -0.083704 -0.020804 1.735666 -0.079034 -0.025575 1.744498 -0.082893 -0.025624 1.734389 -0.078262 -0.030309 1.743010 -0.088691 -0.006879 1.739938 -0.083909 -0.011652 1.748641 -0.090544 0.000671 1.742304 -0.085933 -0.003931 1.750697 -0.077128 -0.030040 1.742548 -0.076990 -0.033968 1.741051 -0.081431 -0.029471 1.732870 -0.081758 -0.025352 1.733928 -0.017161 0.096268 1.659524 -0.035918 0.088046 1.656595 -0.017004 0.096382 1.660295 -0.074470 -0.037157 1.603943 -0.075343 -0.033921 1.605348 -0.076325 -0.027871 1.608183 -0.072780 -0.038359 1.604428 -0.073498 -0.038405 1.603853 -0.077792 -0.010413 1.615790 -0.076221 -0.024133 1.610415 -0.073960 -0.033058 1.606897 -0.077591 -0.019061 1.612068 -0.078608 -0.011138 1.615230 -0.072798 -0.037183 1.605190 -0.074255 0.025042 1.630286 -0.076983 0.007073 1.622713 -0.055082 0.073226 1.657345 -0.060296 0.064164 1.650766 -0.065720 0.053245 1.644428 -0.070439 0.040422 1.637616 -0.008702 0.097833 1.660280 -0.003544 0.098165 1.659755 -0.008999 0.097797 1.659553 -0.000793 0.098239 1.660302 
						-0.046824 0.088878 1.687651 -0.037348 0.092331 1.686917 -0.037353 0.092771 1.694552 -0.046560 0.089398 1.694633 -0.037344 0.092068 1.703635 -0.046885 0.088472 1.703616 -0.032067 0.075446 1.759352 -0.034647 0.070232 1.763922 -0.047414 0.069266 1.756006 -0.044287 0.072867 1.754037 -0.001056 0.100209 1.703667 -0.001054 0.098823 1.716047 -0.012093 0.098021 1.716044 -0.012101 0.099455 1.703663 -0.001052 0.096780 1.728538 -0.012086 0.095929 1.728538 -0.001058 0.100210 1.686239 -0.001058 0.100686 1.694483 -0.012106 0.099953 1.694483 -0.012107 0.099480 1.686252 -0.037327 0.090159 1.716012 -0.037312 0.087586 1.728521 -0.046814 0.083542 1.728506 -0.046535 0.086467 1.715992 -0.036868 0.076768 1.753037 -0.001052 0.094339 1.737750 -0.012087 0.093465 1.737754 -0.001055 0.091517 1.744310 -0.012096 0.090634 1.744316 -0.037313 0.084896 1.737763 -0.037332 0.082010 1.744344 -0.046725 0.077829 1.744270 -0.046502 0.080876 1.737739 -0.047132 0.080567 1.737607 -0.049951 0.076132 1.743092 -0.001063 0.085372 1.753765 -0.000952 0.080480 1.760325 -0.009687 0.080215 1.760373 -0.012332 0.084520 1.753779 -0.010038 0.079078 1.761804 -0.016293 0.074756 1.765753 -0.017548 0.079179 1.760629 -0.001054 0.097650 1.667966 -0.001057 0.098934 1.676548 -0.012114 0.098197 1.676590 -0.012174 0.096867 1.668037 -0.037289 0.091087 1.678663 -0.046259 0.087772 1.680506 -0.044966 0.086654 1.673351 -0.046819 0.087440 1.680532 -0.047758 0.084429 1.672946 -0.034800 0.088828 1.662250 -0.037134 0.089917 1.672080 -0.072523 0.024735 1.629692 -0.065980 0.026095 1.618975 -0.063134 0.041945 1.625378 -0.068787 0.040084 1.636824 -0.059294 0.055079 1.631557 -0.063134 0.041945 1.625378 -0.062433 0.042178 1.623958 -0.058687 0.055361 1.630079 -0.065980 0.026095 1.618975 -0.065168 0.026264 1.617644 -0.035331 0.086986 1.656920 
						-0.047758 0.084429 1.672946 -0.050186 0.079450 1.665082 -0.050852 0.077481 1.661207 -0.044435 0.079159 1.649042 -0.041974 0.081405 1.650705 -0.064162 0.052856 1.643477 -0.059294 0.055079 1.631557 -0.054007 0.065763 1.637649 -0.058828 0.063622 1.649690 -0.048450 0.074011 1.643780 -0.054007 0.065763 1.637649 -0.053377 0.066085 1.636271 -0.047568 0.074633 1.643192 -0.053914 0.072149 1.655827 -0.048450 0.074011 1.643780 -0.041974 0.081405 1.650705 -0.044435 0.079159 1.649042 -0.076319 -0.004579 1.606221 -0.079942 -0.007586 1.615431 -0.076085 -0.010519 1.615513 -0.069775 -0.009362 1.606621 -0.068382 0.007950 1.612429 -0.075233 0.006831 1.622296 -0.068382 0.007950 1.612429 -0.067530 0.008091 1.611203 -0.069775 -0.009362 1.606621 -0.068989 -0.009214 1.605515 -0.071644 -0.039044 1.603865 -0.069347 -0.037205 1.597865 -0.068676 -0.035366 1.598713 -0.071355 -0.037081 1.605000 -0.068972 -0.031222 1.599888 -0.068676 -0.035366 1.598713 -0.068343 -0.035140 1.597935 -0.068536 -0.031018 1.599033 -0.069347 -0.037205 1.597865 -0.069081 -0.036990 1.597105 -0.074210 -0.015285 1.601573 -0.078420 -0.018307 1.610805 -0.072810 -0.024613 1.598021 -0.074210 -0.015285 1.601573 -0.073687 -0.015313 1.600300 -0.072375 -0.024258 1.596954 -0.076319 -0.004579 1.606221 -0.075324 -0.007568 1.603943 -0.072478 -0.032830 1.606753 -0.068972 -0.031222 1.599888 -0.069677 -0.022678 1.602422 -0.074623 -0.024048 1.610234 -0.069677 -0.022678 1.602422 -0.069060 -0.022501 1.601448 -0.077095 -0.027516 1.606758 -0.072810 -0.024613 1.598021 -0.071348 -0.037293 1.596789 -0.073614 -0.039285 1.602714 -0.071348 -0.037293 1.596789 -0.071201 -0.036965 1.596030 -0.072574 -0.035081 1.596307 -0.072290 -0.034733 1.595539 -0.072585 -0.031084 1.596483 -0.072212 -0.030769 1.595562 -0.027990 -0.052735 1.785553 -0.028130 -0.055255 1.785152 -0.036276 -0.054458 1.781899 
						-0.036184 -0.051968 1.782384 -0.016293 0.074756 1.765753 -0.019840 0.064345 1.774982 -0.033804 0.060439 1.773966 -0.034647 0.070232 1.763922 -0.024308 0.035487 1.791803 -0.025497 0.020959 1.794846 -0.037509 0.017514 1.794032 -0.036397 0.031977 1.791004 -0.034758 0.045593 1.785305 -0.034830 0.046561 1.784480 -0.038163 0.017343 1.793986 -0.027767 -0.048539 1.787210 -0.036376 -0.048087 1.784440 -0.022800 0.049093 1.786073 -0.035772 -0.030263 1.799028 -0.026530 -0.031128 1.799863 -0.025942 0.006276 1.795702 -0.026010 -0.007674 1.795282 -0.037040 -0.010491 1.794535 -0.037464 0.003024 1.794920 -0.038100 0.002854 1.794877 -0.026212 -0.020127 1.794349 -0.026647 -0.031209 1.792636 -0.037111 -0.032310 1.791507 -0.037038 -0.022179 1.793568 -0.028347 -0.043472 1.792724 -0.027956 -0.039375 1.794835 -0.037140 -0.038563 1.793762 -0.037331 -0.042711 1.791201 -0.027250 -0.041053 1.789921 -0.037325 -0.041264 1.787878 -0.028580 -0.047508 1.791107 -0.037771 -0.046743 1.788884 -0.028699 -0.056403 1.786998 -0.036858 -0.055538 1.783764 -0.027302 -0.035223 1.797290 -0.036563 -0.034369 1.796418 -0.036424 -0.031445 1.798215 -0.016507 0.075651 1.766605 -0.027129 -0.048573 1.787417 -0.027378 -0.052788 1.785791 -0.027990 -0.052735 1.785553 -0.027767 -0.048539 1.787210 -0.027538 -0.055384 1.785422 -0.028130 -0.055255 1.785152 -0.022315 0.050439 1.785155 -0.023614 0.035862 1.791738 -0.024308 0.035487 1.791803 -0.022800 0.049093 1.786073 -0.024623 0.021199 1.794907 -0.025497 0.020959 1.794846 -0.025076 0.006509 1.795761 -0.025942 0.006276 1.795702 -0.025184 -0.007468 1.795337 -0.026010 -0.007674 1.795282 -0.025403 -0.019980 1.794406 -0.026212 -0.020127 1.794349 -0.025869 -0.031134 1.792719 -0.026647 -0.031209 1.792636 -0.027927 -0.047563 1.791264 -0.027674 -0.043531 1.792837 -0.028347 -0.043472 1.792724 -0.028580 -0.047508 1.791107 
						-0.027266 -0.039438 1.794914 -0.027956 -0.039375 1.794835 -0.026544 -0.041040 1.790065 -0.027250 -0.041053 1.789921 -0.028158 -0.056418 1.787431 -0.028699 -0.056403 1.786998 -0.028301 -0.054665 1.789165 -0.028917 -0.054625 1.788922 -0.026654 -0.035430 1.797261 -0.027302 -0.035223 1.797290 -0.026225 -0.032399 1.799137 -0.026530 -0.031128 1.799863 -0.028148 -0.051491 1.790187 -0.028781 -0.051437 1.789987 -0.078002 -0.037363 1.740000 -0.082233 -0.033081 1.732234 -0.065234 0.052928 1.755688 -0.071792 0.039201 1.755271 -0.073596 0.043942 1.746040 -0.065486 0.058037 1.746994 -0.049951 0.076132 1.743092 -0.047414 0.069266 1.756006 -0.056494 0.062561 1.755855 -0.056805 0.068728 1.745808 -0.076295 0.021695 1.753217 -0.079560 0.026311 1.743860 -0.078348 0.001484 1.749713 -0.082472 0.006124 1.740553 -0.078577 -0.015804 1.746241 -0.083098 -0.011095 1.737274 -0.080691 -0.038921 1.740457 -0.085055 -0.034729 1.732957 -0.082808 -0.036259 1.742316 -0.087091 -0.031911 1.734614 -0.083009 -0.030099 1.744211 -0.087497 -0.025619 1.736043 -0.083333 -0.021538 1.746476 -0.088055 -0.016857 1.737864 -0.077895 -0.025308 1.744044 -0.082564 -0.020575 1.735193 -0.085022 -0.012002 1.749101 -0.089828 -0.007233 1.740332 -0.087035 -0.004340 1.751134 -0.091679 0.000277 1.742664 -0.085933 -0.003931 1.750697 -0.090544 0.000671 1.742304 -0.035331 0.086986 1.656920 -0.016837 0.095065 1.659673 -0.016702 0.095172 1.660426 -0.075536 -0.037528 1.603394 -0.076502 -0.033947 1.604869 -0.077490 -0.027838 1.607719 -0.071812 -0.039143 1.604574 -0.073809 -0.039518 1.603365 -0.076764 -0.010656 1.616467 -0.075158 -0.024212 1.611076 -0.072858 -0.033012 1.607495 -0.078757 -0.019027 1.611608 -0.079776 -0.011107 1.614774 -0.071647 -0.037246 1.605684 -0.073224 0.024587 1.630837 -0.075968 0.006706 1.623352 -0.054126 0.072451 1.657587 -0.059297 0.063451 1.651029 
						-0.064684 0.052615 1.644751 -0.069392 0.039882 1.638047 -0.008565 0.096587 1.660305 -0.003467 0.096914 1.659717 -0.000861 0.096987 1.660312 -0.008830 0.096554 1.659575 -0.047414 0.069266 1.756006 -0.034647 0.070232 1.763922 -0.003467 0.096914 1.659717 -0.008830 0.096554 1.659575 -0.016837 0.095065 1.659673 -0.046814 0.083542 1.728506 -0.047132 0.080567 1.737607 -0.049951 0.076132 1.743092 -0.046885 0.088472 1.703616 -0.046535 0.086467 1.715992 -0.046824 0.088878 1.687651 -0.046560 0.089398 1.694633 -0.047758 0.084429 1.672946 -0.046819 0.087440 1.680532 -0.035918 0.088046 1.656595 -0.035331 0.086986 1.656920 -0.079942 -0.007586 1.615431 -0.079776 -0.011107 1.614774 -0.075536 -0.037528 1.603394 -0.077490 -0.027838 1.607719 -0.076502 -0.033947 1.604869 -0.078757 -0.019027 1.611608 -0.010038 0.079078 1.761804 -0.000952 0.080480 1.760325 -0.037091 -0.042100 1.790132 -0.036982 -0.046253 1.787907 -0.036951 -0.037919 1.792702 -0.036683 -0.054304 1.783627 -0.036730 -0.053167 1.784843 -0.036927 -0.033824 1.795215 -0.036268 -0.030799 1.797151 -0.036837 -0.050228 1.786214 -0.035331 0.086986 1.656920 -0.082551 -0.029557 1.733430 -0.082893 -0.025624 1.734389 -0.083099 -0.032571 1.732985 -0.074716 0.044446 1.746296 -0.066491 0.058786 1.746939 -0.080707 0.026535 1.744317 -0.079500 0.001450 1.750207 -0.079721 -0.015952 1.746734 -0.077444 0.021815 1.753706 -0.072832 0.039512 1.755900 -0.065870 0.053367 1.756677 -0.057169 0.063424 1.756467 -0.048043 0.070137 1.756653 -0.083619 0.006147 1.741059 -0.084240 -0.011201 1.737781 -0.079034 -0.025575 1.744498 -0.078262 -0.030309 1.743010 -0.084597 -0.033617 1.733315 -0.085973 -0.031493 1.734229 -0.080417 -0.037790 1.740926 -0.081708 -0.035750 1.741991 -0.078847 -0.036825 1.740755 -0.086370 -0.025437 1.735524 -0.086919 -0.016594 1.737402 -0.081882 -0.029916 1.743692 
						-0.082208 -0.021296 1.745977 -0.083704 -0.020804 1.735666 -0.078105 -0.034027 1.741623 -0.088691 -0.006879 1.739938 -0.083909 -0.011652 1.748641 -0.057570 0.069597 1.746290 -0.050635 0.077049 1.743607 -0.000861 0.096987 1.660312 0.035573 0.093950 1.694564 0.035573 0.093237 1.703769 0.045127 0.089634 1.703769 0.045127 0.090449 1.694653 0.030276 0.076404 1.760048 0.032821 0.071104 1.764740 0.045837 0.070137 1.756653 0.042632 0.073782 1.754695 0.010068 0.099247 1.716219 0.010068 0.100691 1.703769 0.010068 0.097139 1.728801 0.010068 0.101194 1.694481 0.010068 0.100716 1.686135 0.035573 0.091311 1.716219 0.035573 0.088716 1.728801 0.045127 0.084646 1.728801 0.045127 0.087475 1.716219 0.035089 0.077762 1.753673 0.010068 0.093187 1.741520 0.035573 0.084522 1.741520 0.045136 0.078794 1.744782 0.044863 0.081923 1.738133 0.045540 0.081588 1.738000 0.048429 0.077049 1.743607 0.007553 0.081212 1.761131 0.010283 0.085542 1.754487 0.007922 0.080043 1.762601 0.014302 0.075651 1.766605 0.015531 0.080150 1.761401 0.010078 0.099426 1.676413 0.010146 0.098093 1.667854 0.035532 0.092241 1.678463 0.035573 0.093502 1.686793 0.045127 0.090016 1.687509 0.044647 0.088850 1.680259 0.043414 0.087681 1.673048 0.045270 0.088477 1.680273 0.046273 0.085404 1.672625 0.033120 0.089924 1.661940 0.035396 0.091059 1.671855 0.071348 0.025181 1.629133 0.064820 0.026479 1.618399 0.062002 0.042401 1.624915 0.067629 0.040614 1.636385 0.058140 0.055669 1.631211 0.062002 0.042401 1.624915 0.061301 0.042623 1.623488 0.057536 0.055941 1.629725 0.064820 0.026479 1.618399 0.064008 0.026641 1.617063 0.040468 0.082422 1.650485 0.048818 0.080332 1.664778 0.049540 0.078313 1.660919 0.043000 0.080106 1.648756 0.062993 0.053480 1.643147 0.058140 0.055669 1.631211 
						0.052770 0.066509 1.637367 0.057615 0.064335 1.649410 0.047110 0.074875 1.643501 0.052770 0.066509 1.637367 0.052133 0.066834 1.635974 0.046146 0.075553 1.642853 0.052644 0.072935 1.655546 0.047110 0.074875 1.643501 0.040468 0.082422 1.650485 0.043000 0.080106 1.648756 0.073047 -0.037307 1.602693 0.070369 -0.035081 1.596307 0.070379 -0.031084 1.596483 0.073956 -0.033670 1.604035 0.074909 -0.010286 1.614836 0.068597 -0.009107 1.605949 0.067197 0.008285 1.611780 0.074043 0.007191 1.621653 0.067197 0.008285 1.611780 0.066344 0.008421 1.610551 0.068597 -0.009107 1.605949 0.067811 -0.008960 1.604843 0.070319 -0.038153 1.603790 0.067939 -0.036236 1.597848 0.067619 -0.035111 1.598280 0.070304 -0.036982 1.604520 0.067883 -0.031148 1.599321 0.067619 -0.035111 1.598280 0.067285 -0.034879 1.597503 0.067448 -0.030934 1.598470 0.067939 -0.036236 1.597848 0.067642 -0.035997 1.597109 0.076574 -0.007620 1.615902 0.072957 -0.004566 1.606706 0.070849 -0.015284 1.602061 0.075053 -0.018346 1.611279 0.069448 -0.024657 1.598505 0.070849 -0.015284 1.602061 0.070321 -0.015310 1.600775 0.069004 -0.024295 1.597418 0.072957 -0.004566 1.606706 0.071959 -0.007548 1.604421 0.071379 -0.032873 1.606163 0.067883 -0.031148 1.599321 0.068539 -0.022532 1.601781 0.073484 -0.023978 1.609578 0.068539 -0.022532 1.601781 0.067924 -0.022352 1.600810 0.073734 -0.027559 1.607245 0.069448 -0.024657 1.598505 0.071992 -0.036928 1.603255 0.069273 -0.034801 1.596851 0.068703 -0.036240 1.597312 0.071043 -0.038195 1.603219 0.068703 -0.036240 1.597312 0.068414 -0.035997 1.596577 0.069273 -0.034801 1.596851 0.068957 -0.034536 1.596054 0.069220 -0.031134 1.596960 0.072806 -0.033651 1.604535 0.069220 -0.031134 1.596960 0.068838 -0.030821 1.596017 0.026231 -0.053079 1.786673 0.026307 -0.054776 1.786246 
						0.034897 -0.053919 1.782809 0.034870 -0.052386 1.783291 0.017909 0.065196 1.775862 0.019407 0.060110 1.780121 0.031738 0.056609 1.779265 0.031933 0.061281 1.774833 0.022227 0.035868 1.792991 0.023416 0.021133 1.796082 0.036124 0.017500 1.795219 0.035152 0.032314 1.791979 0.025925 -0.048949 1.788339 0.034990 -0.048641 1.785346 0.020668 0.049667 1.787185 0.033435 0.047145 1.785239 0.026712 -0.054625 1.788922 0.035392 -0.053838 1.785615 0.035015 -0.050722 1.787302 0.026575 -0.051437 1.789987 0.023827 0.006296 1.796953 0.023875 -0.007739 1.796532 0.035510 -0.010717 1.795745 0.035982 0.002864 1.796128 0.024082 -0.020268 1.795593 0.024565 -0.031467 1.793858 0.035591 -0.032730 1.792642 0.035496 -0.022469 1.794765 0.025903 -0.042972 1.791599 0.025563 -0.038791 1.793740 0.035251 -0.037871 1.792645 0.035379 -0.042052 1.790051 0.025280 -0.041416 1.791099 0.035339 -0.041791 1.788995 0.026064 -0.047125 1.789954 0.035255 -0.046205 1.787794 0.026318 -0.055168 1.786860 0.026282 -0.054039 1.787899 0.034977 -0.053119 1.784675 0.034926 -0.054256 1.783449 0.024936 -0.034594 1.796216 0.024168 -0.030487 1.798796 0.033408 -0.029618 1.797964 0.034721 -0.033824 1.795215 0.034062 -0.030799 1.797151 0.026189 -0.051101 1.788842 0.035095 -0.050180 1.786070 0.025282 -0.048971 1.788551 0.025619 -0.053128 1.786913 0.025698 -0.054837 1.786490 0.019719 0.051065 1.786170 0.021304 0.036273 1.792919 0.022514 0.021391 1.796143 0.022964 0.006539 1.797012 0.023050 -0.007528 1.796588 0.023272 -0.020112 1.795652 0.023783 -0.031377 1.793944 0.025412 -0.047190 1.790107 0.025231 -0.043037 1.791708 0.024876 -0.038857 1.793818 0.024566 -0.041389 1.791248 0.025708 -0.055233 1.787102 0.025665 -0.054104 1.788128 0.024290 -0.034806 1.796185 0.023869 -0.031757 1.798070 0.025558 -0.051166 1.789039 
						0.080286 -0.026029 1.735134 0.079960 -0.029943 1.734139 0.080345 -0.029557 1.733430 0.080687 -0.025624 1.734389 0.080525 -0.032939 1.733657 0.080893 -0.032571 1.732985 0.065011 0.057672 1.747785 0.072445 0.043939 1.747127 0.072510 0.044446 1.746296 0.064285 0.058786 1.746939 0.078218 0.026127 1.745129 0.078501 0.026535 1.744317 0.055364 0.069597 1.746290 0.058590 0.066015 1.747474 0.081057 0.005741 1.741850 0.081413 0.006147 1.741059 0.081644 -0.011612 1.738556 0.082035 -0.011201 1.737781 0.082029 -0.033978 1.733973 0.082391 -0.033617 1.733315 0.083398 -0.031861 1.734900 0.083767 -0.031493 1.734229 0.083776 -0.025824 1.736230 0.084164 -0.025437 1.735524 0.084306 -0.017000 1.738143 0.084713 -0.016593 1.737402 0.081094 -0.021217 1.736430 0.081498 -0.020804 1.735666 0.086184 -0.006905 1.740782 0.086485 -0.006879 1.739938 0.088868 0.003469 1.743781 0.088338 0.000672 1.742304 0.080002 -0.021296 1.745977 0.081703 -0.011652 1.748641 0.082143 -0.010938 1.748137 0.080342 -0.020956 1.745357 0.084837 -0.000554 1.751117 0.088868 0.003469 1.743781 0.086184 -0.006905 1.740782 0.082143 -0.010938 1.748137 0.077165 -0.025230 1.743860 0.081094 -0.021217 1.736430 0.081644 -0.011612 1.738556 0.077842 -0.015609 1.746087 0.081703 -0.011652 1.748641 0.083727 -0.003931 1.750697 0.077515 -0.015952 1.746734 0.076828 -0.025575 1.744498 0.076391 -0.029971 1.742387 0.080286 -0.026029 1.735134 0.080000 -0.029593 1.743102 0.083776 -0.025824 1.736230 0.083398 -0.031861 1.734900 0.079810 -0.035442 1.741431 0.076057 -0.030309 1.743010 0.079502 -0.035750 1.741991 0.079676 -0.029916 1.743692 0.084306 -0.017000 1.738143 0.078513 -0.037489 1.740376 0.082029 -0.033978 1.733973 0.080525 -0.032939 1.733657 0.076949 -0.036518 1.740194 0.076642 -0.036825 1.740755 0.078212 -0.037790 1.740926 
						0.077592 0.001789 1.749546 0.081057 0.005741 1.741850 0.078218 0.026127 1.745129 0.075474 0.022156 1.753027 0.075238 0.021815 1.753706 0.077294 0.001450 1.750207 0.070860 0.039783 1.755224 0.072445 0.043939 1.747127 0.065011 0.057672 1.747785 0.064488 0.053079 1.756119 0.058590 0.066015 1.747474 0.058411 0.060861 1.756109 0.087315 -0.007271 1.741182 0.083259 -0.011310 1.748573 0.081469 -0.021210 1.745847 0.085438 -0.017253 1.738620 0.063664 0.053367 1.756677 0.054963 0.063424 1.756467 0.070626 0.039512 1.755900 0.076220 -0.033704 1.741031 0.079960 -0.029943 1.734139 0.075899 -0.034027 1.741623 0.055364 0.069597 1.746290 0.014955 0.096268 1.659524 0.014798 0.096382 1.660295 0.033712 0.088046 1.656595 0.072265 -0.037157 1.603943 0.073137 -0.033921 1.605348 0.074120 -0.027871 1.608183 0.070575 -0.038359 1.604428 0.071292 -0.038405 1.603853 0.075586 -0.010413 1.615790 0.074015 -0.024133 1.610415 0.071754 -0.033058 1.606897 0.075385 -0.019061 1.612068 0.076402 -0.011138 1.615230 0.070592 -0.037183 1.605190 0.072049 0.025042 1.630286 0.074778 0.007073 1.622713 0.052876 0.073227 1.657345 0.058090 0.064164 1.650766 0.063514 0.053245 1.644428 0.068233 0.040422 1.637616 0.006496 0.097833 1.660280 0.001338 0.098165 1.659755 0.006794 0.097797 1.659553 0.044686 0.089275 1.694636 0.035147 0.092771 1.694552 0.035142 0.092331 1.686917 0.044618 0.088878 1.687651 0.044679 0.088472 1.703616 0.035138 0.092068 1.703635 0.029861 0.075446 1.759352 0.042081 0.072867 1.754037 0.045208 0.069266 1.756006 0.032441 0.070232 1.763922 0.009895 0.099455 1.703663 0.009887 0.098021 1.716044 0.009881 0.095929 1.728538 0.009901 0.099480 1.686252 0.009900 0.099953 1.694483 0.035121 0.090159 1.716012 0.044661 0.086332 1.715991 0.044608 0.083542 1.728506 
						0.035106 0.087586 1.728521 0.034662 0.076768 1.753037 0.009882 0.093465 1.737754 0.009890 0.090634 1.744316 0.035107 0.084896 1.737763 0.044297 0.080876 1.737739 0.044519 0.077829 1.744270 0.035126 0.082010 1.744344 0.044926 0.080567 1.737607 0.047745 0.076132 1.743092 0.010126 0.084520 1.753779 0.007481 0.080215 1.760373 0.015342 0.079179 1.760629 0.014087 0.074756 1.765753 0.007832 0.079078 1.761804 0.009968 0.096867 1.668037 0.009908 0.098197 1.676590 0.035083 0.091087 1.678663 0.044053 0.087772 1.680506 0.042760 0.086654 1.673351 0.045552 0.084429 1.672946 0.044613 0.087440 1.680532 0.034928 0.089917 1.672080 0.032594 0.088828 1.662250 0.066581 0.040084 1.636824 0.060929 0.041945 1.625378 0.063774 0.026095 1.618975 0.070317 0.024735 1.629692 0.057088 0.055079 1.631557 0.056482 0.055361 1.630079 0.060227 0.042178 1.623958 0.060929 0.041945 1.625378 0.062962 0.026264 1.617644 0.063774 0.026095 1.618975 0.042229 0.079159 1.649042 0.048646 0.077481 1.661207 0.047980 0.079450 1.665082 0.045552 0.084429 1.672946 0.033125 0.086986 1.656920 0.039768 0.081405 1.650705 0.056622 0.063622 1.649690 0.051801 0.065763 1.637649 0.057088 0.055079 1.631557 0.061956 0.052856 1.643477 0.046244 0.074011 1.643780 0.045362 0.074633 1.643192 0.051171 0.066085 1.636271 0.051801 0.065763 1.637649 0.046244 0.074011 1.643780 0.051708 0.072149 1.655827 0.042229 0.079159 1.649042 0.039768 0.081405 1.650705 0.077736 -0.007586 1.615431 0.074113 -0.004579 1.606221 0.073027 0.006831 1.622296 0.066177 0.007951 1.612429 0.067569 -0.009362 1.606621 0.073879 -0.010519 1.615513 0.065325 0.008091 1.611203 0.066177 0.007951 1.612429 0.066783 -0.009214 1.605515 0.067569 -0.009362 1.606621 0.069149 -0.037081 1.605000 0.066470 -0.035366 1.598713 
						0.067142 -0.037205 1.597865 0.069438 -0.039043 1.603865 0.066766 -0.031222 1.599888 0.066330 -0.031018 1.599033 0.066137 -0.035140 1.597935 0.066470 -0.035366 1.598713 0.066875 -0.036990 1.597105 0.067142 -0.037205 1.597865 0.076214 -0.018307 1.610805 0.072004 -0.015285 1.601573 0.070604 -0.024613 1.598021 0.070169 -0.024258 1.596954 0.071482 -0.015313 1.600300 0.072004 -0.015285 1.601573 0.073118 -0.007568 1.603943 0.074113 -0.004579 1.606221 0.070273 -0.032830 1.606753 0.066766 -0.031222 1.599888 0.072417 -0.024048 1.610234 0.067471 -0.022678 1.602422 0.066854 -0.022501 1.601448 0.067471 -0.022678 1.602422 0.074889 -0.027516 1.606758 0.070604 -0.024613 1.598021 0.071408 -0.039284 1.602714 0.069142 -0.037293 1.596789 0.068995 -0.036965 1.596030 0.069142 -0.037293 1.596789 0.070084 -0.034733 1.595539 0.070369 -0.035081 1.596307 0.070006 -0.030769 1.595562 0.070379 -0.031084 1.596483 0.025172 -0.052788 1.785791 0.034428 -0.051931 1.782209 0.034495 -0.054310 1.781686 0.025925 -0.055255 1.785152 0.031598 0.060439 1.773966 0.017634 0.064345 1.774982 0.014087 0.074756 1.765753 0.032441 0.070232 1.763922 0.021408 0.035862 1.791738 0.034687 0.031928 1.790879 0.035957 0.017343 1.793986 0.022417 0.021199 1.794907 0.024923 -0.048573 1.787417 0.034641 -0.048061 1.784289 0.020109 0.050439 1.785155 0.032624 0.046561 1.784480 0.024325 -0.031128 1.799863 0.033566 -0.030263 1.799028 0.022871 0.006509 1.795761 0.035894 0.002854 1.794877 0.035441 -0.010642 1.794495 0.022978 -0.007468 1.795337 0.023198 -0.019980 1.794406 0.035427 -0.022282 1.793527 0.035478 -0.032361 1.791449 0.023663 -0.031134 1.792719 0.026141 -0.043472 1.792724 0.035125 -0.042711 1.791201 0.035440 -0.038519 1.793703 0.025750 -0.039375 1.794835 0.024338 -0.041040 1.790065 0.035119 -0.041264 1.787878 
						0.026374 -0.047508 1.791107 0.035566 -0.046743 1.788884 0.026493 -0.056403 1.786998 0.035051 -0.055504 1.783454 0.025096 -0.035223 1.797290 0.034886 -0.034472 1.796277 0.034218 -0.031445 1.798215 0.025332 -0.055384 1.785422 0.025721 -0.047563 1.791264 0.025468 -0.043531 1.792837 0.025061 -0.039438 1.794914 0.025952 -0.056418 1.787431 0.026095 -0.054665 1.789165 0.024449 -0.035430 1.797261 0.024019 -0.032399 1.799137 0.025942 -0.051491 1.790187 0.079152 -0.025765 1.734669 0.079552 -0.025352 1.733928 0.079226 -0.029471 1.732870 0.078845 -0.029883 1.733567 0.080027 -0.033081 1.732234 0.079686 -0.033483 1.732901 0.063992 0.057034 1.747428 0.063280 0.058037 1.746994 0.071390 0.043942 1.746040 0.071343 0.043502 1.746716 0.077354 0.026311 1.743860 0.077075 0.025929 1.744652 0.057657 0.065231 1.747175 0.054599 0.068728 1.745808 0.080266 0.006124 1.740553 0.079909 0.005732 1.741344 0.080892 -0.011095 1.737274 0.080502 -0.011494 1.738051 0.082849 -0.034729 1.732957 0.082410 -0.035102 1.733567 0.084885 -0.031911 1.734614 0.084507 -0.032332 1.735251 0.085291 -0.025619 1.736043 0.084903 -0.026007 1.736750 0.085849 -0.016857 1.737864 0.085438 -0.017253 1.738620 0.080359 -0.020575 1.735193 0.079955 -0.020975 1.735963 0.087622 -0.007233 1.740332 0.087315 -0.007271 1.741182 0.089473 0.000277 1.742664 0.089991 0.003066 1.744169 0.081127 -0.021538 1.746476 0.082817 -0.012002 1.749101 0.089991 0.003066 1.744169 0.085956 -0.000958 1.751516 0.079955 -0.020975 1.735963 0.076026 -0.024974 1.743401 0.076698 -0.015471 1.745592 0.080502 -0.011494 1.738051 0.084829 -0.004340 1.751134 0.076372 -0.015804 1.746241 0.075690 -0.025308 1.744044 0.079152 -0.025765 1.734669 0.075257 -0.029697 1.741928 0.084903 -0.026007 1.736750 0.081128 -0.029775 1.743621 0.080919 -0.035913 1.741782 
						0.084507 -0.032332 1.735251 0.074922 -0.030040 1.742548 0.080602 -0.036259 1.742316 0.080803 -0.030099 1.744211 0.082410 -0.035102 1.733567 0.078892 -0.038613 1.739969 0.076104 -0.037056 1.739438 0.079686 -0.033483 1.732901 0.075797 -0.037363 1.740000 0.078485 -0.038921 1.740457 0.079909 0.005732 1.741344 0.076439 0.001811 1.749053 0.074322 0.022014 1.752552 0.077075 0.025929 1.744652 0.074089 0.021695 1.753217 0.076142 0.001484 1.749713 0.071343 0.043502 1.746716 0.069773 0.039435 1.754704 0.063511 0.052547 1.755540 0.063992 0.057034 1.747428 0.057614 0.060170 1.755431 0.057657 0.065231 1.747175 0.063028 0.052928 1.755688 0.054289 0.062561 1.755855 0.069587 0.039201 1.755271 0.078845 -0.029883 1.733567 0.075103 -0.033634 1.740464 0.074784 -0.033968 1.741051 0.045208 0.069266 1.756006 0.047745 0.076132 1.743092 0.054599 0.068728 1.745808 0.014496 0.095172 1.660426 0.014631 0.095065 1.659673 0.033125 0.086986 1.656920 0.073330 -0.037527 1.603394 0.074296 -0.033946 1.604869 0.075284 -0.027838 1.607719 0.069606 -0.039143 1.604574 0.071603 -0.039518 1.603365 0.074558 -0.010656 1.616467 0.072952 -0.024212 1.611076 0.070652 -0.033012 1.607495 0.076552 -0.019027 1.611608 0.077570 -0.011107 1.614774 0.069441 -0.037246 1.605684 0.071018 0.024587 1.630837 0.073762 0.006706 1.623352 0.051920 0.072451 1.657587 0.057092 0.063451 1.651029 0.062479 0.052615 1.644751 0.067186 0.039882 1.638047 0.086184 -0.006905 1.740782 0.006359 0.096587 1.660305 0.001261 0.096914 1.659717 0.006624 0.096554 1.659575 0.032441 0.070232 1.763922 0.045208 0.069266 1.756006 0.046273 0.085404 1.672625 0.006624 0.096554 1.659575 0.001261 0.096914 1.659717 0.014631 0.095065 1.659673 0.044926 0.080567 1.737607 0.044608 0.083542 1.728506 0.047745 0.076132 1.743092 
						0.044661 0.086332 1.715991 0.044679 0.088472 1.703616 0.044686 0.089275 1.694636 0.044618 0.088878 1.687651 0.044613 0.087440 1.680532 0.045552 0.084429 1.672946 0.033125 0.086986 1.656920 0.033712 0.088046 1.656595 0.077570 -0.011107 1.614774 0.077736 -0.007586 1.615431 0.073330 -0.037527 1.603394 0.074296 -0.033946 1.604869 0.075284 -0.027838 1.607719 0.076552 -0.019027 1.611608 0.017634 0.064345 1.774982 0.020109 0.050439 1.785155 0.014302 0.075651 1.766605 0.014087 0.074756 1.765753 0.022871 0.006509 1.795761 0.022978 -0.007468 1.795337 0.022417 0.021199 1.794907 0.021408 0.035862 1.791738 0.032821 0.071104 1.764740 0.023198 -0.019980 1.794406 0.023663 -0.031134 1.792719 0.007832 0.079078 1.761804 0.014087 0.074756 1.765753 0.024338 -0.041040 1.790065 0.024923 -0.048573 1.787417 0.025952 -0.056418 1.787431 0.026095 -0.054665 1.789165 0.025332 -0.055384 1.785422 0.025172 -0.052788 1.785791 0.025942 -0.051491 1.790187 0.025721 -0.047563 1.791264 0.024019 -0.032399 1.799137 0.024325 -0.031128 1.799863 0.024449 -0.035430 1.797261 0.025061 -0.039438 1.794914 0.025468 -0.043531 1.792837 0.033125 0.086986 1.656920 0.045837 0.070137 1.756653 0.078485 -0.038921 1.740457 0.080602 -0.036259 1.742316 0.080803 -0.030099 1.744211 0.081127 -0.021538 1.746476 0.082817 -0.012002 1.749101 0.047745 0.076132 1.743092 0.048429 0.077049 1.743607 -0.016293 0.074756 1.765753 0.048429 0.077049 1.743607 0.033712 0.088046 1.656595 0.035903 -0.049845 1.785379 0.035107 -0.048995 1.783381 0.023022 -0.051731 1.786816 0.023817 -0.052581 1.788813 0.035903 -0.049845 1.785379 0.023817 -0.052581 1.788813 0.025453 -0.054466 1.787612 0.033882 -0.052780 1.785191 0.037002 -0.062477 1.780849 0.034484 -0.059994 1.782371 0.037002 -0.062477 1.780849 0.036206 -0.061627 1.778852 
						0.035107 -0.048995 1.783381 0.035903 -0.049845 1.785379 0.035107 -0.048995 1.783381 0.033086 -0.051930 1.783193 0.024657 -0.053616 1.785614 0.023022 -0.051731 1.786816 0.036206 -0.061627 1.778852 0.033689 -0.059144 1.780374 0.023431 -0.064458 1.781865 0.025368 -0.060997 1.782408 0.034465 -0.063132 1.778819 0.025397 -0.065313 1.780918 0.036594 -0.070545 1.775510 0.035258 -0.068964 1.776616 0.034465 -0.063132 1.778819 0.036206 -0.061627 1.778852 0.037389 -0.071395 1.777507 0.036594 -0.070545 1.775510 0.033882 -0.052780 1.785191 0.033086 -0.051930 1.783193 0.033689 -0.059144 1.780374 0.034484 -0.059994 1.782371 0.034484 -0.059994 1.782371 0.033689 -0.059144 1.780374 0.025368 -0.060997 1.782408 0.026163 -0.061847 1.784405 0.024227 -0.065308 1.783862 0.026163 -0.061847 1.784405 0.026163 -0.061847 1.784405 0.025368 -0.060997 1.782408 0.024657 -0.053616 1.785614 0.025453 -0.054466 1.787612 0.023817 -0.052581 1.788813 0.025453 -0.054466 1.787612 0.026192 -0.066163 1.782915 0.035260 -0.063981 1.780816 0.024227 -0.065308 1.783862 0.025798 -0.073822 1.780614 0.027204 -0.071869 1.780819 0.026192 -0.066163 1.782915 0.024227 -0.065308 1.783862 0.023431 -0.064458 1.781865 0.025003 -0.072973 1.778617 0.025798 -0.073822 1.780614 0.023817 -0.052581 1.788813 0.023022 -0.051731 1.786816 0.028452 -0.076542 1.778912 0.028958 -0.074585 1.779543 0.027656 -0.075692 1.776915 0.028452 -0.076542 1.778912 0.028452 -0.076542 1.778912 0.027656 -0.075692 1.776915 0.031390 -0.076086 1.775431 0.032185 -0.076936 1.777428 0.032185 -0.076936 1.777428 0.032054 -0.075121 1.778253 0.035470 -0.075059 1.776827 0.034723 -0.073381 1.777838 0.034675 -0.074209 1.774829 0.035470 -0.075059 1.776827 0.031390 -0.076086 1.775431 0.031258 -0.074271 1.776256 0.033928 -0.072531 1.775840 0.034675 -0.074209 1.774829 
						0.027656 -0.075692 1.776915 0.028163 -0.073735 1.777546 0.034723 -0.073381 1.777838 0.033928 -0.072531 1.775840 0.031258 -0.074271 1.776256 0.032054 -0.075121 1.778253 0.028163 -0.073735 1.777546 0.028958 -0.074585 1.779543 0.025003 -0.072973 1.778617 0.026409 -0.071019 1.778822 0.028958 -0.074585 1.779543 0.028163 -0.073735 1.777546 0.026409 -0.071019 1.778822 0.027204 -0.071869 1.780819 0.025397 -0.065313 1.780918 0.026192 -0.066163 1.782915 0.026192 -0.066163 1.782915 0.025397 -0.065313 1.780918 0.034465 -0.063132 1.778819 0.035260 -0.063981 1.780816 0.036053 -0.069814 1.778613 0.035258 -0.068964 1.776616 0.033928 -0.072531 1.775840 0.034723 -0.073381 1.777838 0.037389 -0.071395 1.777507 0.036053 -0.069814 1.778613 0.035260 -0.063981 1.780816 0.034465 -0.063132 1.778819 0.035470 -0.075059 1.776827 0.034675 -0.074209 1.774829 0.025453 -0.054466 1.787612 0.024657 -0.053616 1.785614 0.033086 -0.051930 1.783193 0.033882 -0.052780 1.785191 0.023022 -0.051731 1.786816 0.024657 -0.053616 1.785614 0.079586 -0.026468 1.732984 0.077303 -0.026529 1.732632 0.075370 -0.030658 1.744655 0.077654 -0.030596 1.745008 0.079586 -0.026468 1.732984 0.077654 -0.030596 1.745008 0.078241 -0.032346 1.742943 0.079657 -0.029679 1.734539 0.081651 -0.039259 1.728766 0.080659 -0.037057 1.731764 0.081651 -0.039259 1.728766 0.079367 -0.039321 1.728414 0.077303 -0.026529 1.732632 0.079586 -0.026468 1.732984 0.077303 -0.026529 1.732632 0.077373 -0.029740 1.734186 0.075957 -0.032408 1.742590 0.075370 -0.030658 1.744655 0.079367 -0.039321 1.728414 0.078375 -0.037119 1.731411 0.076816 -0.043833 1.740800 0.076774 -0.040042 1.739516 0.079119 -0.041107 1.729844 0.077346 -0.044480 1.738612 0.080499 -0.048505 1.726127 0.080101 -0.046996 1.727880 0.079119 -0.041107 1.729844 0.079367 -0.039321 1.728414 
						0.082783 -0.048443 1.726480 0.080499 -0.048505 1.726127 0.079657 -0.029679 1.734539 0.077373 -0.029740 1.734186 0.078375 -0.037119 1.731411 0.080659 -0.037057 1.731764 0.080659 -0.037057 1.731764 0.078375 -0.037119 1.731411 0.076774 -0.040042 1.739516 0.079058 -0.039980 1.739869 0.079100 -0.043771 1.741153 0.079058 -0.039980 1.739869 0.079058 -0.039980 1.739869 0.076774 -0.040042 1.739516 0.075957 -0.032408 1.742590 0.078241 -0.032346 1.742943 0.077654 -0.030596 1.745008 0.078241 -0.032346 1.742943 0.079630 -0.044419 1.738964 0.081403 -0.041046 1.730196 0.079100 -0.043771 1.741153 0.080704 -0.052284 1.737918 0.080749 -0.050106 1.736874 0.079630 -0.044419 1.738964 0.079100 -0.043771 1.741153 0.076816 -0.043833 1.740800 0.078421 -0.052346 1.737565 0.080704 -0.052284 1.737918 0.077654 -0.030596 1.745008 0.075370 -0.030658 1.744655 0.081714 -0.054732 1.734705 0.081666 -0.052616 1.734650 0.079430 -0.054794 1.734352 0.081714 -0.054732 1.734705 0.081714 -0.054732 1.734705 0.079430 -0.054794 1.734352 0.080192 -0.054793 1.730388 0.082475 -0.054731 1.730740 0.082475 -0.054731 1.730740 0.082334 -0.052827 1.731327 0.082807 -0.052462 1.727672 0.082575 -0.050761 1.728876 0.080523 -0.052523 1.727320 0.082807 -0.052462 1.727672 0.080192 -0.054793 1.730388 0.080050 -0.052889 1.730974 0.080291 -0.050823 1.728524 0.080523 -0.052523 1.727320 0.079430 -0.054794 1.734352 0.079382 -0.052678 1.734297 0.082575 -0.050761 1.728876 0.080291 -0.050823 1.728524 0.080050 -0.052889 1.730974 0.082334 -0.052827 1.731327 0.079382 -0.052678 1.734297 0.081666 -0.052616 1.734650 0.078421 -0.052346 1.737565 0.078465 -0.050168 1.736521 0.081666 -0.052616 1.734650 0.079382 -0.052678 1.734297 0.078465 -0.050168 1.736521 0.080749 -0.050106 1.736874 0.077346 -0.044480 1.738612 0.079630 -0.044419 1.738964 
						0.079630 -0.044419 1.738964 0.077346 -0.044480 1.738612 0.079119 -0.041107 1.729844 0.081403 -0.041046 1.730196 0.082385 -0.046934 1.728233 0.080101 -0.046996 1.727880 0.080291 -0.050823 1.728524 0.082575 -0.050761 1.728876 0.082783 -0.048443 1.726480 0.082385 -0.046934 1.728233 0.081403 -0.041046 1.730196 0.079119 -0.041107 1.729844 0.082807 -0.052462 1.727672 0.080523 -0.052523 1.727320 0.078241 -0.032346 1.742943 0.075957 -0.032408 1.742590 0.077373 -0.029740 1.734186 0.079657 -0.029679 1.734539 0.075370 -0.030658 1.744655 0.075957 -0.032408 1.742590 0.068026 -0.032836 1.595618 0.065905 -0.032589 1.596503 0.070213 -0.035758 1.608197 0.072334 -0.036005 1.607312 0.068026 -0.032836 1.595618 0.072334 -0.036005 1.607312 0.071579 -0.037927 1.605467 0.068602 -0.035937 1.597286 0.065922 -0.046355 1.592615 0.066996 -0.043886 1.595367 0.065922 -0.046355 1.592615 0.063844 -0.046110 1.593598 0.065905 -0.032589 1.596503 0.068026 -0.032836 1.595618 0.065905 -0.032589 1.596503 0.066481 -0.035690 1.598170 0.069457 -0.037680 1.606352 0.070213 -0.035758 1.608197 0.063844 -0.046110 1.593598 0.064917 -0.043642 1.596349 0.068348 -0.049586 1.605760 0.067923 -0.045896 1.604267 0.064290 -0.047769 1.595129 0.067489 -0.050411 1.603743 0.062387 -0.055274 1.592358 0.063184 -0.053638 1.593840 0.064290 -0.047769 1.595129 0.063844 -0.046110 1.593598 0.064466 -0.055518 1.591376 0.062387 -0.055274 1.592358 0.068602 -0.035937 1.597286 0.066481 -0.035690 1.598170 0.064917 -0.043642 1.596349 0.066996 -0.043886 1.595367 0.066996 -0.043886 1.595367 0.064917 -0.043642 1.596349 0.067923 -0.045896 1.604267 0.070001 -0.046140 1.603285 0.070426 -0.049830 1.604778 0.070001 -0.046140 1.603285 0.070001 -0.046140 1.603285 0.067923 -0.045896 1.604267 0.069457 -0.037680 1.606352 0.071579 -0.037927 1.605467 
						0.072334 -0.036005 1.607312 0.071579 -0.037927 1.605467 0.069568 -0.050655 1.602761 0.066369 -0.048013 1.594147 0.070426 -0.049830 1.604778 0.068882 -0.058445 1.602414 0.068520 -0.056351 1.601265 0.069568 -0.050655 1.602761 0.070426 -0.049830 1.604778 0.068348 -0.049586 1.605760 0.066803 -0.058201 1.603396 0.068882 -0.058445 1.602414 0.072334 -0.036005 1.607312 0.070213 -0.035758 1.608197 0.067679 -0.061170 1.599505 0.067795 -0.059074 1.599230 0.065600 -0.060926 1.600487 0.067679 -0.061170 1.599505 0.067679 -0.061170 1.599505 0.065600 -0.060926 1.600487 0.063986 -0.061233 1.596800 0.066064 -0.061477 1.595818 0.066064 -0.061477 1.595818 0.066447 -0.059544 1.596148 0.064804 -0.059435 1.592832 0.065444 -0.057660 1.593746 0.062725 -0.059191 1.593814 0.064804 -0.059435 1.592832 0.063986 -0.061233 1.596800 0.064369 -0.059300 1.597130 0.063366 -0.057416 1.594728 0.062725 -0.059191 1.593814 0.065600 -0.060926 1.600487 0.065716 -0.058830 1.600212 0.065444 -0.057660 1.593746 0.063366 -0.057416 1.594728 0.064369 -0.059300 1.597130 0.066447 -0.059544 1.596148 0.065716 -0.058830 1.600212 0.067795 -0.059074 1.599230 0.066803 -0.058201 1.603396 0.066442 -0.056107 1.602247 0.067795 -0.059074 1.599230 0.065716 -0.058830 1.600212 0.066442 -0.056107 1.602247 0.068520 -0.056351 1.601265 0.067489 -0.050411 1.603743 0.069568 -0.050655 1.602761 0.069568 -0.050655 1.602761 0.067489 -0.050411 1.603743 0.064290 -0.047769 1.595129 0.066369 -0.048013 1.594147 0.065263 -0.053882 1.592857 0.063184 -0.053638 1.593840 0.063366 -0.057416 1.594728 0.065444 -0.057660 1.593746 0.064466 -0.055518 1.591376 0.065263 -0.053882 1.592857 0.066369 -0.048013 1.594147 0.064290 -0.047769 1.595129 0.064804 -0.059435 1.592832 0.062725 -0.059191 1.593814 0.071579 -0.037927 1.605467 0.069457 -0.037680 1.606352 
						0.066481 -0.035690 1.598170 0.068602 -0.035937 1.597286 0.070213 -0.035758 1.608197 0.069457 -0.037680 1.606352 -0.039033 -0.049845 1.785379 -0.026947 -0.052581 1.788813 -0.026152 -0.051731 1.786816 -0.038238 -0.048995 1.783381 -0.039033 -0.049845 1.785379 -0.037012 -0.052780 1.785191 -0.028583 -0.054466 1.787612 -0.026947 -0.052581 1.788813 -0.040132 -0.062477 1.780849 -0.037614 -0.059994 1.782371 -0.040132 -0.062477 1.780849 -0.039033 -0.049845 1.785379 -0.038238 -0.048995 1.783381 -0.039336 -0.061627 1.778852 -0.038238 -0.048995 1.783381 -0.026152 -0.051731 1.786816 -0.027788 -0.053616 1.785614 -0.036216 -0.051930 1.783193 -0.039336 -0.061627 1.778852 -0.036819 -0.059144 1.780374 -0.026561 -0.064458 1.781865 -0.028498 -0.060997 1.782408 -0.028527 -0.065313 1.780918 -0.037595 -0.063132 1.778819 -0.039724 -0.070545 1.775510 -0.038388 -0.068964 1.776616 -0.040519 -0.071395 1.777507 -0.039724 -0.070545 1.775510 -0.037012 -0.052780 1.785191 -0.037614 -0.059994 1.782371 -0.036819 -0.059144 1.780374 -0.036216 -0.051930 1.783193 -0.037614 -0.059994 1.782371 -0.029293 -0.061847 1.784405 -0.028498 -0.060997 1.782408 -0.036819 -0.059144 1.780374 -0.027357 -0.065308 1.783862 -0.029293 -0.061847 1.784405 -0.029293 -0.061847 1.784405 -0.028583 -0.054466 1.787612 -0.027788 -0.053616 1.785614 -0.028498 -0.060997 1.782408 -0.026947 -0.052581 1.788813 -0.028583 -0.054466 1.787612 -0.038390 -0.063981 1.780816 -0.029322 -0.066163 1.782915 -0.030334 -0.071869 1.780819 -0.028928 -0.073822 1.780614 -0.027357 -0.065308 1.783862 -0.028928 -0.073822 1.780614 -0.028133 -0.072973 1.778617 -0.026561 -0.064458 1.781865 -0.026947 -0.052581 1.788813 -0.026152 -0.051731 1.786816 -0.032088 -0.074585 1.779543 -0.031582 -0.076542 1.778912 -0.031582 -0.076542 1.778912 -0.030786 -0.075692 1.776915 -0.031582 -0.076542 1.778912 -0.035316 -0.076936 1.777428 
						-0.034520 -0.076086 1.775431 -0.030786 -0.075692 1.776915 -0.035184 -0.075121 1.778253 -0.035316 -0.076936 1.777428 -0.037854 -0.073381 1.777838 -0.038600 -0.075059 1.776827 -0.038600 -0.075059 1.776827 -0.037805 -0.074209 1.774829 -0.034520 -0.076086 1.775431 -0.037805 -0.074209 1.774829 -0.037058 -0.072531 1.775840 -0.034388 -0.074271 1.776256 -0.030786 -0.075692 1.776915 -0.031293 -0.073735 1.777546 -0.037854 -0.073381 1.777838 -0.035184 -0.075121 1.778253 -0.034388 -0.074271 1.776256 -0.037058 -0.072531 1.775840 -0.032088 -0.074585 1.779543 -0.031293 -0.073735 1.777546 -0.028133 -0.072973 1.778617 -0.029539 -0.071019 1.778822 -0.032088 -0.074585 1.779543 -0.030334 -0.071869 1.780819 -0.029539 -0.071019 1.778822 -0.031293 -0.073735 1.777546 -0.029322 -0.066163 1.782915 -0.028527 -0.065313 1.780918 -0.026561 -0.064458 1.781865 -0.028527 -0.065313 1.780918 -0.029322 -0.066163 1.782915 -0.038390 -0.063981 1.780816 -0.037595 -0.063132 1.778819 -0.028527 -0.065313 1.780918 -0.039183 -0.069814 1.778613 -0.037854 -0.073381 1.777838 -0.037058 -0.072531 1.775840 -0.038388 -0.068964 1.776616 -0.039183 -0.069814 1.778613 -0.040519 -0.071395 1.777507 -0.038390 -0.063981 1.780816 -0.037595 -0.063132 1.778819 -0.038390 -0.063981 1.780816 -0.040132 -0.062477 1.780849 -0.038600 -0.075059 1.776827 -0.037805 -0.074209 1.774829 -0.028583 -0.054466 1.787612 -0.037012 -0.052780 1.785191 -0.036216 -0.051930 1.783193 -0.027788 -0.053616 1.785614 -0.026152 -0.051731 1.786816 -0.027788 -0.053616 1.785614 -0.082716 -0.026468 1.732984 -0.080784 -0.030596 1.745008 -0.078501 -0.030658 1.744655 -0.080433 -0.026529 1.732632 -0.082716 -0.026468 1.732984 -0.082787 -0.029679 1.734539 -0.081371 -0.032346 1.742943 -0.080784 -0.030596 1.745008 -0.084781 -0.039259 1.728766 -0.083789 -0.037057 1.731764 -0.084781 -0.039259 1.728766 -0.082716 -0.026468 1.732984 
						-0.080433 -0.026529 1.732632 -0.082497 -0.039321 1.728414 -0.080433 -0.026529 1.732632 -0.078501 -0.030658 1.744655 -0.079087 -0.032408 1.742590 -0.080503 -0.029740 1.734186 -0.082497 -0.039321 1.728414 -0.081505 -0.037119 1.731411 -0.079946 -0.043833 1.740800 -0.079904 -0.040042 1.739516 -0.080476 -0.044480 1.738612 -0.082250 -0.041107 1.729844 -0.083629 -0.048505 1.726127 -0.083231 -0.046996 1.727880 -0.085913 -0.048443 1.726480 -0.083629 -0.048505 1.726127 -0.082787 -0.029679 1.734539 -0.083789 -0.037057 1.731764 -0.081505 -0.037119 1.731411 -0.080503 -0.029740 1.734186 -0.083789 -0.037057 1.731764 -0.082188 -0.039980 1.739869 -0.079904 -0.040042 1.739516 -0.081505 -0.037119 1.731411 -0.082230 -0.043771 1.741153 -0.082188 -0.039980 1.739869 -0.082188 -0.039980 1.739869 -0.081371 -0.032346 1.742943 -0.079087 -0.032408 1.742590 -0.079904 -0.040042 1.739516 -0.080784 -0.030596 1.745008 -0.081371 -0.032346 1.742943 -0.084533 -0.041046 1.730196 -0.082760 -0.044419 1.738964 -0.083879 -0.050106 1.736874 -0.083835 -0.052284 1.737918 -0.082230 -0.043771 1.741153 -0.083835 -0.052284 1.737918 -0.081551 -0.052346 1.737565 -0.079946 -0.043833 1.740800 -0.080784 -0.030596 1.745008 -0.078501 -0.030658 1.744655 -0.084796 -0.052616 1.734650 -0.084844 -0.054732 1.734705 -0.084844 -0.054732 1.734705 -0.082561 -0.054794 1.734352 -0.084844 -0.054732 1.734705 -0.085606 -0.054731 1.730740 -0.083322 -0.054793 1.730388 -0.082561 -0.054794 1.734352 -0.085464 -0.052827 1.731327 -0.085606 -0.054731 1.730740 -0.085705 -0.050761 1.728876 -0.085937 -0.052462 1.727672 -0.085937 -0.052462 1.727672 -0.083653 -0.052523 1.727320 -0.083322 -0.054793 1.730388 -0.083653 -0.052523 1.727320 -0.083421 -0.050823 1.728524 -0.083180 -0.052889 1.730974 -0.082561 -0.054794 1.734352 -0.082512 -0.052678 1.734297 -0.085705 -0.050761 1.728876 -0.085464 -0.052827 1.731327 
						-0.083180 -0.052889 1.730974 -0.083421 -0.050823 1.728524 -0.084796 -0.052616 1.734650 -0.082512 -0.052678 1.734297 -0.081551 -0.052346 1.737565 -0.081595 -0.050168 1.736521 -0.084796 -0.052616 1.734650 -0.083879 -0.050106 1.736874 -0.081595 -0.050168 1.736521 -0.082512 -0.052678 1.734297 -0.082760 -0.044419 1.738964 -0.080476 -0.044480 1.738612 -0.079946 -0.043833 1.740800 -0.080476 -0.044480 1.738612 -0.082760 -0.044419 1.738964 -0.084533 -0.041046 1.730196 -0.082250 -0.041107 1.729844 -0.080476 -0.044480 1.738612 -0.085515 -0.046934 1.728233 -0.085705 -0.050761 1.728876 -0.083421 -0.050823 1.728524 -0.083231 -0.046996 1.727880 -0.085515 -0.046934 1.728233 -0.085913 -0.048443 1.726480 -0.084533 -0.041046 1.730196 -0.082250 -0.041107 1.729844 -0.084533 -0.041046 1.730196 -0.084781 -0.039259 1.728766 -0.085937 -0.052462 1.727672 -0.083653 -0.052523 1.727320 -0.081371 -0.032346 1.742943 -0.082787 -0.029679 1.734539 -0.080503 -0.029740 1.734186 -0.079087 -0.032408 1.742590 -0.078501 -0.030658 1.744655 -0.079087 -0.032408 1.742590 -0.071156 -0.032836 1.595618 -0.075465 -0.036005 1.607312 -0.073343 -0.035758 1.608197 -0.069035 -0.032589 1.596503 -0.071156 -0.032836 1.595618 -0.071733 -0.035937 1.597286 -0.074709 -0.037927 1.605467 -0.075465 -0.036005 1.607312 -0.069052 -0.046354 1.592615 -0.070126 -0.043886 1.595367 -0.069052 -0.046354 1.592615 -0.071156 -0.032836 1.595618 -0.069035 -0.032589 1.596503 -0.066974 -0.046110 1.593598 -0.069035 -0.032589 1.596503 -0.073343 -0.035758 1.608197 -0.072587 -0.037680 1.606352 -0.069611 -0.035690 1.598171 -0.066974 -0.046110 1.593598 -0.068047 -0.043642 1.596349 -0.071478 -0.049586 1.605760 -0.071053 -0.045896 1.604267 -0.070619 -0.050411 1.603743 -0.067420 -0.047769 1.595129 -0.065517 -0.055274 1.592358 -0.066314 -0.053638 1.593840 -0.067596 -0.055518 1.591376 -0.065517 -0.055274 1.592358 
						-0.071733 -0.035937 1.597286 -0.070126 -0.043886 1.595367 -0.068047 -0.043642 1.596349 -0.069611 -0.035690 1.598171 -0.070126 -0.043886 1.595367 -0.073132 -0.046140 1.603285 -0.071053 -0.045896 1.604267 -0.068047 -0.043642 1.596349 -0.073557 -0.049830 1.604778 -0.073132 -0.046140 1.603285 -0.073132 -0.046140 1.603285 -0.074709 -0.037927 1.605467 -0.072587 -0.037680 1.606352 -0.071053 -0.045896 1.604267 -0.075465 -0.036005 1.607312 -0.074709 -0.037927 1.605467 -0.069499 -0.048013 1.594147 -0.072698 -0.050655 1.602761 -0.071650 -0.056351 1.601265 -0.072012 -0.058445 1.602414 -0.073557 -0.049830 1.604778 -0.072012 -0.058445 1.602414 -0.069933 -0.058201 1.603396 -0.071478 -0.049586 1.605760 -0.075465 -0.036005 1.607312 -0.073343 -0.035758 1.608197 -0.070925 -0.059074 1.599230 -0.070809 -0.061170 1.599505 -0.070809 -0.061170 1.599505 -0.068731 -0.060926 1.600487 -0.070809 -0.061170 1.599505 -0.069194 -0.061477 1.595818 -0.067116 -0.061233 1.596800 -0.068731 -0.060926 1.600487 -0.069577 -0.059544 1.596148 -0.069194 -0.061477 1.595818 -0.068574 -0.057660 1.593746 -0.067934 -0.059435 1.592832 -0.067934 -0.059435 1.592832 -0.065855 -0.059191 1.593814 -0.067116 -0.061233 1.596800 -0.065855 -0.059191 1.593814 -0.066496 -0.057416 1.594728 -0.067499 -0.059300 1.597130 -0.068731 -0.060926 1.600487 -0.068847 -0.058830 1.600212 -0.068574 -0.057660 1.593746 -0.069577 -0.059544 1.596148 -0.067499 -0.059300 1.597130 -0.066496 -0.057416 1.594728 -0.070925 -0.059074 1.599230 -0.068847 -0.058830 1.600212 -0.069933 -0.058201 1.603396 -0.069572 -0.056107 1.602247 -0.070925 -0.059074 1.599230 -0.071650 -0.056351 1.601265 -0.069572 -0.056107 1.602247 -0.068847 -0.058830 1.600212 -0.072698 -0.050655 1.602761 -0.070619 -0.050411 1.603743 -0.071478 -0.049586 1.605760 -0.070619 -0.050411 1.603743 -0.072698 -0.050655 1.602761 -0.069499 -0.048013 1.594147 
						-0.067420 -0.047769 1.595129 -0.070619 -0.050411 1.603743 -0.068393 -0.053882 1.592857 -0.068574 -0.057660 1.593746 -0.066496 -0.057416 1.594728 -0.066314 -0.053638 1.593840 -0.068393 -0.053882 1.592857 -0.067596 -0.055518 1.591376 -0.069499 -0.048013 1.594147 -0.067420 -0.047769 1.595129 -0.069499 -0.048013 1.594147 -0.069052 -0.046354 1.592615 -0.067934 -0.059435 1.592832 -0.065855 -0.059191 1.593814 -0.074709 -0.037927 1.605467 -0.071733 -0.035937 1.597286 -0.069611 -0.035690 1.598171 -0.072587 -0.037680 1.606352 -0.073343 -0.035758 1.608197 -0.072587 -0.037680 1.606352 0.037046 -0.050717 1.787833 0.025559 -0.052329 1.791800 0.022795 -0.048154 1.785493 0.034281 -0.046542 1.781525 0.037570 -0.042502 1.792688 0.026083 -0.044114 1.796655 0.025559 -0.052329 1.791800 0.037046 -0.050717 1.787833 0.037046 -0.050717 1.787833 0.034281 -0.046542 1.781525 0.034805 -0.038327 1.786380 0.037570 -0.042502 1.792688 0.023319 -0.039939 1.790348 0.034805 -0.038327 1.786380 0.034281 -0.046542 1.781525 0.022795 -0.048154 1.785493 0.026083 -0.044114 1.796655 0.037570 -0.042502 1.792688 0.034805 -0.038327 1.786380 0.023319 -0.039939 1.790348 0.026083 -0.044114 1.796655 0.023319 -0.039939 1.790348 0.022795 -0.048154 1.785493 0.025559 -0.052329 1.791800 -0.090901 -0.016326 1.738491 -0.089131 -0.025420 1.736145 -0.084275 -0.027336 1.747238 -0.086046 -0.018242 1.749584 -0.089131 -0.025420 1.736145 -0.081935 -0.023067 1.733402 -0.077079 -0.024983 1.744494 -0.084275 -0.027336 1.747238 -0.090901 -0.016326 1.738491 -0.083705 -0.013973 1.735748 -0.081935 -0.023067 1.733402 -0.089131 -0.025420 1.736145 -0.077079 -0.024983 1.744494 -0.081935 -0.023067 1.733402 -0.083705 -0.013973 1.735748 -0.078850 -0.015889 1.746840 -0.078850 -0.015889 1.746840 -0.083705 -0.013973 1.735748 -0.090901 -0.016326 1.738491 -0.086046 -0.018242 1.749584 
						-0.086046 -0.018242 1.749584 -0.084275 -0.027336 1.747238 -0.077079 -0.024983 1.744494 -0.078850 -0.015889 1.746840 0.086077 -0.025420 1.736145 0.081222 -0.027336 1.747238 0.074026 -0.024983 1.744494 0.078881 -0.023067 1.733402 0.081222 -0.027336 1.747238 0.086077 -0.025420 1.736145 0.087848 -0.016326 1.738491 0.082993 -0.018242 1.749584 0.086077 -0.025420 1.736145 0.078881 -0.023067 1.733402 0.080652 -0.013973 1.735748 0.087848 -0.016326 1.738491 0.075796 -0.015889 1.746840 0.080652 -0.013973 1.735748 0.078881 -0.023067 1.733402 0.074026 -0.024983 1.744494 0.082993 -0.018242 1.749584 0.087848 -0.016326 1.738491 0.080652 -0.013973 1.735748 0.075796 -0.015889 1.746840 0.082993 -0.018242 1.749584 0.075796 -0.015889 1.746840 0.074026 -0.024983 1.744494 0.081222 -0.027336 1.747238 -0.039211 -0.050717 1.788117 -0.036447 -0.046542 1.781809 -0.024960 -0.048154 1.785777 -0.027725 -0.052329 1.792084 -0.039735 -0.042501 1.792972 -0.039211 -0.050717 1.788117 -0.027725 -0.052329 1.792084 -0.028249 -0.044114 1.796939 -0.039211 -0.050717 1.788117 -0.039735 -0.042501 1.792972 -0.036971 -0.038327 1.786664 -0.036447 -0.046542 1.781809 -0.025484 -0.039939 1.790632 -0.024960 -0.048154 1.785777 -0.036447 -0.046542 1.781809 -0.036971 -0.038327 1.786664 -0.028249 -0.044114 1.796939 -0.025484 -0.039939 1.790632 -0.036971 -0.038327 1.786664 -0.039735 -0.042501 1.792972 -0.028249 -0.044114 1.796939 -0.027725 -0.052329 1.792084 -0.024960 -0.048154 1.785777 -0.025484 -0.039939 1.790632 -0.070781 -0.036375 1.608337 -0.079364 -0.035769 1.605451 -0.074927 -0.031077 1.593238 -0.066344 -0.031684 1.596123 -0.079364 -0.035769 1.605451 -0.079597 -0.025689 1.609239 -0.075159 -0.020997 1.597025 -0.074927 -0.031077 1.593238 -0.075159 -0.020997 1.597025 -0.066576 -0.021604 1.599911 -0.066344 -0.031684 1.596123 -0.074927 -0.031077 1.593238 
						-0.071013 -0.026295 1.612124 -0.070781 -0.036375 1.608337 -0.066344 -0.031684 1.596123 -0.066576 -0.021604 1.599911 -0.071013 -0.026295 1.612124 -0.066576 -0.021604 1.599911 -0.075159 -0.020997 1.597025 -0.079597 -0.025689 1.609239 -0.079597 -0.025689 1.609239 -0.079364 -0.035769 1.605451 -0.070781 -0.036375 1.608337 -0.071013 -0.026295 1.612124 0.068457 -0.036375 1.608337 0.064019 -0.031684 1.596123 0.072603 -0.031077 1.593238 0.077040 -0.035769 1.605451 0.077040 -0.035769 1.605451 0.072603 -0.031077 1.593238 0.072835 -0.020997 1.597025 0.077272 -0.025689 1.609239 0.072835 -0.020997 1.597025 0.072603 -0.031077 1.593238 0.064019 -0.031684 1.596123 0.064252 -0.021604 1.599911 0.068689 -0.026295 1.612124 0.064252 -0.021604 1.599911 0.064019 -0.031684 1.596123 0.068457 -0.036375 1.608337 0.068689 -0.026295 1.612124 0.077272 -0.025689 1.609239 0.072835 -0.020997 1.597025 0.064252 -0.021604 1.599911 0.077272 -0.025689 1.609239 0.068689 -0.026295 1.612124 0.068457 -0.036375 1.608337 0.077040 -0.035769 1.605451 0.030432 -0.067084 1.776821 0.028113 -0.068603 1.777225 0.029191 -0.069376 1.780502 0.031510 -0.067857 1.780098 0.033005 -0.067618 1.775849 0.034083 -0.068391 1.779126 0.035363 -0.066869 1.779493 0.031396 -0.066047 1.780992 0.027821 -0.068388 1.781615 0.034324 -0.069891 1.774879 0.035402 -0.070663 1.778156 0.037397 -0.070373 1.777998 0.034695 -0.073344 1.777756 0.033617 -0.072572 1.774479 0.036307 -0.074506 1.777382 0.031298 -0.074090 1.774884 0.033617 -0.072572 1.774479 0.034695 -0.073344 1.777756 0.032376 -0.074863 1.778161 0.032732 -0.076848 1.778005 0.036307 -0.074506 1.777382 0.028726 -0.073557 1.775855 0.029803 -0.074330 1.779132 0.028766 -0.076026 1.779503 0.028484 -0.072057 1.780102 0.027406 -0.071284 1.776825 0.026732 -0.072521 1.780998 0.027233 -0.072881 1.782524 
						0.028323 -0.068748 1.783141 0.029268 -0.076385 1.781029 0.032522 -0.071776 1.780891 0.028323 -0.068748 1.783141 0.027233 -0.072881 1.782524 0.029268 -0.076385 1.781029 0.036809 -0.074866 1.778907 0.037899 -0.070733 1.779524 0.035865 -0.067229 1.781019 0.033234 -0.077208 1.779531 0.031898 -0.066407 1.782517 0.033234 -0.077208 1.779531 0.036809 -0.074866 1.778907 0.036809 -0.074866 1.778907 0.037899 -0.070733 1.779524 0.035865 -0.067229 1.781019 0.031898 -0.066407 1.782517 -0.030174 -0.068603 1.777072 -0.031252 -0.069376 1.780349 -0.030545 -0.072057 1.779950 -0.029468 -0.071284 1.776672 -0.031865 -0.074330 1.778980 -0.030787 -0.073557 1.775703 -0.028793 -0.072521 1.780846 -0.030827 -0.076026 1.779350 -0.029883 -0.068388 1.781462 -0.029295 -0.072881 1.782372 -0.031329 -0.076385 1.780876 -0.030384 -0.068748 1.782988 -0.029295 -0.072881 1.782372 -0.034583 -0.071776 1.780738 -0.031329 -0.076385 1.780876 -0.030384 -0.068748 1.782988 -0.038870 -0.074866 1.778755 -0.035295 -0.077208 1.779378 -0.039960 -0.070733 1.779371 -0.033959 -0.066407 1.782365 -0.037926 -0.067229 1.780867 -0.039960 -0.070733 1.779371 -0.037926 -0.067229 1.780867 -0.037424 -0.066869 1.779341 -0.039458 -0.070373 1.777845 -0.038368 -0.074506 1.777229 -0.038870 -0.074866 1.778755 -0.036144 -0.068391 1.778973 -0.037463 -0.070663 1.778003 -0.036756 -0.073344 1.777604 -0.036385 -0.069891 1.774726 -0.035066 -0.067618 1.775696 -0.035679 -0.072572 1.774326 -0.033571 -0.067857 1.779945 -0.032493 -0.067084 1.776668 -0.033458 -0.066047 1.780839 -0.033959 -0.066407 1.782365 -0.033360 -0.074090 1.774731 -0.034437 -0.074863 1.778008 -0.036756 -0.073344 1.777604 -0.035679 -0.072572 1.774326 -0.034793 -0.076848 1.777852 -0.038368 -0.074506 1.777229 -0.035295 -0.077208 1.779378 -0.038870 -0.074866 1.778755 -0.079618 -0.048086 1.735767 -0.082969 -0.048137 1.736892 
						-0.083312 -0.050673 1.735753 -0.079961 -0.050622 1.734629 -0.084137 -0.051626 1.733251 -0.080785 -0.051575 1.732127 -0.083245 -0.052143 1.737140 -0.084516 -0.053612 1.733283 -0.082715 -0.048233 1.738895 -0.084805 -0.052167 1.737663 -0.086076 -0.053636 1.733806 -0.084276 -0.048257 1.739419 -0.084805 -0.052167 1.737663 -0.085936 -0.047998 1.734030 -0.086076 -0.053636 1.733806 -0.084276 -0.048257 1.739419 -0.087868 -0.047743 1.728733 -0.087345 -0.051804 1.730107 -0.087339 -0.043833 1.730488 -0.084799 -0.044196 1.738045 -0.086068 -0.042364 1.734346 -0.087339 -0.043833 1.730488 -0.086068 -0.042364 1.734346 -0.084507 -0.042340 1.733822 -0.085778 -0.043809 1.729965 -0.086307 -0.047719 1.728209 -0.087868 -0.047743 1.728733 -0.084131 -0.044314 1.733601 -0.084956 -0.045267 1.731099 -0.085299 -0.047804 1.729960 -0.081604 -0.045216 1.729975 -0.080780 -0.044263 1.732477 -0.081948 -0.047752 1.728836 -0.083308 -0.045503 1.736000 -0.079957 -0.045452 1.734876 -0.083238 -0.044173 1.737521 -0.084799 -0.044196 1.738045 -0.081608 -0.050386 1.729727 -0.084960 -0.050438 1.730851 -0.085299 -0.047804 1.729960 -0.081948 -0.047752 1.728836 -0.085785 -0.051780 1.729583 -0.086307 -0.047719 1.728209 -0.087345 -0.051804 1.730107 -0.087868 -0.047743 1.728733 -0.068569 -0.055511 1.601552 -0.071893 -0.055777 1.600377 -0.071240 -0.058166 1.599068 -0.067916 -0.057900 1.600242 -0.070286 -0.058830 1.596519 -0.066962 -0.058564 1.597693 -0.071891 -0.059790 1.600081 -0.070421 -0.060814 1.596152 -0.072899 -0.056107 1.602100 -0.073439 -0.059913 1.599534 -0.071969 -0.060938 1.595605 -0.074447 -0.056231 1.601553 -0.073439 -0.059913 1.599534 -0.072514 -0.055366 1.596321 -0.071969 -0.060938 1.595605 -0.074447 -0.056231 1.601553 -0.070852 -0.054522 1.590993 -0.070897 -0.058705 1.592067 -0.071860 -0.050840 1.593012 -0.074402 -0.052048 1.600480 -0.073331 -0.049815 1.596942 
						-0.071860 -0.050840 1.593012 -0.073331 -0.049815 1.596942 -0.071783 -0.049691 1.597489 -0.070312 -0.050716 1.593559 -0.069305 -0.054398 1.591540 -0.070852 -0.054522 1.590993 -0.071169 -0.051615 1.597386 -0.070216 -0.052280 1.594837 -0.069562 -0.054668 1.593527 -0.066892 -0.052014 1.596012 -0.067845 -0.051349 1.598560 -0.066238 -0.054403 1.594702 -0.071864 -0.053064 1.599681 -0.068540 -0.052798 1.600855 -0.072854 -0.051924 1.601026 -0.074402 -0.052048 1.600480 -0.066267 -0.057116 1.595398 -0.069591 -0.057382 1.594224 -0.069562 -0.054668 1.593527 -0.066238 -0.054403 1.594702 -0.069349 -0.058581 1.592614 -0.069305 -0.054398 1.591540 -0.070897 -0.058705 1.592067 -0.070852 -0.054522 1.590993 0.076235 -0.048086 1.735767 0.076578 -0.050622 1.734629 0.079930 -0.050673 1.735753 0.079587 -0.048137 1.736892 0.080754 -0.051626 1.733251 0.077403 -0.051575 1.732127 0.081133 -0.053612 1.733283 0.079862 -0.052143 1.737140 0.079333 -0.048233 1.738895 0.081423 -0.052167 1.737663 0.082694 -0.053636 1.733806 0.080893 -0.048257 1.739419 0.081423 -0.052167 1.737663 0.082694 -0.053636 1.733806 0.082553 -0.047998 1.734030 0.080893 -0.048257 1.739419 0.083963 -0.051804 1.730107 0.084486 -0.047743 1.728733 0.083956 -0.043833 1.730488 0.081416 -0.044196 1.738045 0.082685 -0.042364 1.734346 0.083956 -0.043833 1.730488 0.082396 -0.043809 1.729965 0.081125 -0.042340 1.733822 0.082685 -0.042364 1.734346 0.084486 -0.047743 1.728733 0.082925 -0.047719 1.728209 0.081573 -0.045267 1.731099 0.080749 -0.044314 1.733601 0.081917 -0.047804 1.729960 0.078222 -0.045216 1.729975 0.077397 -0.044263 1.732477 0.078565 -0.047752 1.728836 0.076574 -0.045452 1.734876 0.079926 -0.045503 1.736000 0.079856 -0.044173 1.737521 0.081416 -0.044196 1.738045 0.078226 -0.050386 1.729727 0.078565 -0.047752 1.728836 0.081917 -0.047804 1.729960 
						0.081577 -0.050438 1.730851 0.082925 -0.047719 1.728209 0.082402 -0.051780 1.729583 0.083963 -0.051804 1.730107 0.084486 -0.047743 1.728733 0.065209 -0.055511 1.601552 0.064555 -0.057900 1.600242 0.067879 -0.058166 1.599068 0.068533 -0.055777 1.600377 0.066926 -0.058830 1.596519 0.063602 -0.058564 1.597693 0.067061 -0.060814 1.596152 0.068531 -0.059790 1.600081 0.069539 -0.056107 1.602100 0.070079 -0.059913 1.599534 0.068608 -0.060938 1.595605 0.071087 -0.056231 1.601553 0.070079 -0.059913 1.599534 0.068608 -0.060938 1.595605 0.069154 -0.055366 1.596321 0.071087 -0.056231 1.601553 0.067537 -0.058705 1.592067 0.067492 -0.054522 1.590993 0.068500 -0.050840 1.593012 0.071042 -0.052048 1.600480 0.069970 -0.049815 1.596942 0.068500 -0.050840 1.593012 0.066952 -0.050716 1.593559 0.068423 -0.049691 1.597489 0.069970 -0.049815 1.596942 0.067492 -0.054522 1.590993 0.065944 -0.054398 1.591540 0.066855 -0.052280 1.594837 0.067809 -0.051615 1.597386 0.066202 -0.054668 1.593527 0.063531 -0.052014 1.596012 0.064485 -0.051349 1.598560 0.062878 -0.054403 1.594702 0.065180 -0.052798 1.600855 0.068504 -0.053064 1.599681 0.069494 -0.051924 1.601026 0.071042 -0.052048 1.600480 0.062907 -0.057116 1.595398 0.062878 -0.054403 1.594702 0.066202 -0.054668 1.593527 0.066231 -0.057382 1.594224 0.065944 -0.054398 1.591540 0.065989 -0.058581 1.592614 0.067537 -0.058705 1.592067 0.067492 -0.054522 1.590993 0.040654 -0.109383 1.712469 0.039191 -0.108811 1.710729 0.041978 -0.113441 1.709636 0.042557 -0.112543 1.711722 0.043966 -0.105266 1.706696 0.044464 -0.105649 1.710780 0.047251 -0.110279 1.709686 0.046514 -0.109499 1.705697 0.039191 -0.108811 1.710729 0.040654 -0.109383 1.712469 0.044254 -0.107224 1.712503 0.044464 -0.105649 1.710780 0.047251 -0.110279 1.709686 0.046157 -0.110385 1.711757 
						0.042557 -0.112543 1.711722 0.041978 -0.113441 1.709636 0.044464 -0.105649 1.710780 0.043966 -0.105266 1.706696 0.039145 -0.108157 1.706650 0.039191 -0.108811 1.710729 0.031957 -0.121409 1.709330 0.031753 -0.120354 1.705345 0.036599 -0.117385 1.705554 0.037196 -0.118199 1.709556 0.043359 -0.106329 1.704756 0.040396 -0.108106 1.704728 0.039145 -0.108157 1.706650 0.040396 -0.108106 1.704728 0.041962 -0.110708 1.704113 0.041693 -0.112390 1.705650 0.042557 -0.112543 1.711722 0.046157 -0.110385 1.711757 0.043359 -0.106329 1.704756 0.044925 -0.108931 1.704142 0.041962 -0.110708 1.704113 0.040396 -0.108106 1.704728 0.041693 -0.112390 1.705650 0.046514 -0.109499 1.705697 0.019238 -0.121440 1.709040 0.018348 -0.120402 1.707099 0.020241 -0.125483 1.706099 0.020507 -0.124843 1.708370 0.018778 -0.119804 1.704875 0.018348 -0.120402 1.707099 0.024011 -0.118603 1.708678 0.024441 -0.118005 1.706455 0.019238 -0.121440 1.709040 0.023031 -0.120235 1.710098 0.025904 -0.123683 1.707678 0.024299 -0.123638 1.709428 0.020507 -0.124843 1.708370 0.020241 -0.125483 1.706099 0.026334 -0.123085 1.705455 0.020671 -0.124885 1.703875 0.018778 -0.119804 1.704875 0.020671 -0.124885 1.703875 0.024649 -0.117767 1.704690 0.024430 -0.118308 1.702634 0.020757 -0.119475 1.701609 0.019340 -0.119454 1.703210 0.019340 -0.119454 1.703210 0.020757 -0.119475 1.701609 0.021985 -0.122769 1.700961 0.021115 -0.124216 1.702272 0.024011 -0.118603 1.708678 0.025904 -0.123683 1.707678 0.026334 -0.123085 1.705455 0.024441 -0.118005 1.706455 0.019238 -0.121440 1.709040 0.020507 -0.124843 1.708370 0.024299 -0.123638 1.709428 0.023031 -0.120235 1.710098 0.024430 -0.118308 1.702634 0.025658 -0.121602 1.701985 0.021115 -0.124216 1.702272 0.021985 -0.122769 1.700961 0.025658 -0.121602 1.701985 0.026424 -0.122529 1.703753 
						0.019340 -0.119454 1.703210 0.021115 -0.124216 1.702272 0.024649 -0.117767 1.704690 0.026424 -0.122529 1.703753 0.030408 -0.117379 1.712188 0.029098 -0.116819 1.710405 0.031957 -0.121409 1.709330 0.032440 -0.120640 1.711424 0.033955 -0.113139 1.706548 0.034337 -0.113609 1.710631 0.037196 -0.118199 1.709556 0.036599 -0.117385 1.705554 0.029098 -0.116819 1.710405 0.030408 -0.117379 1.712188 0.034131 -0.115097 1.712348 0.034337 -0.113609 1.710631 0.036162 -0.118359 1.711585 0.032440 -0.120640 1.711424 0.033955 -0.113139 1.706548 0.029108 -0.116109 1.706339 0.033472 -0.113979 1.704614 0.030195 -0.115987 1.704473 0.029108 -0.116109 1.706339 0.030195 -0.115987 1.704473 0.031983 -0.118858 1.703801 0.031753 -0.120354 1.705345 0.030408 -0.117379 1.712188 0.032440 -0.120640 1.711424 0.036162 -0.118359 1.711585 0.034131 -0.115097 1.712348 0.033472 -0.113979 1.704614 0.035260 -0.116850 1.703942 0.031983 -0.118858 1.703801 0.030195 -0.115987 1.704473 0.031983 -0.118858 1.703801 0.035260 -0.116850 1.703942 0.041693 -0.112390 1.705650 0.046514 -0.109499 1.705697 0.061639 -0.095677 1.706486 0.059418 -0.096064 1.706006 0.062197 -0.100804 1.706462 0.063584 -0.098995 1.706805 0.060011 -0.096526 1.698735 0.062776 -0.094568 1.701078 0.065555 -0.099308 1.701533 0.062693 -0.101100 1.699174 0.059418 -0.096064 1.706006 0.061639 -0.095677 1.706486 0.063990 -0.094630 1.703036 0.062776 -0.094568 1.701078 0.065555 -0.099308 1.701533 0.065935 -0.097948 1.703355 0.063584 -0.098995 1.706805 0.062197 -0.100804 1.706462 0.060011 -0.096526 1.698735 0.056771 -0.097969 1.703491 0.058704 -0.098617 1.698802 0.056858 -0.099439 1.701512 0.056771 -0.097969 1.703491 0.056858 -0.099439 1.701512 0.058386 -0.102045 1.701762 0.059453 -0.102543 1.703930 0.056771 -0.097969 1.703491 0.059453 -0.102543 1.703930 
						0.061639 -0.095677 1.706486 0.063584 -0.098995 1.706805 0.065935 -0.097948 1.703355 0.063990 -0.094630 1.703036 0.058704 -0.098617 1.698802 0.060232 -0.101223 1.699052 0.062693 -0.101100 1.699174 0.067705 -0.092480 1.694540 0.065460 -0.092763 1.695368 0.068452 -0.097389 1.695572 0.069665 -0.095511 1.694674 0.062687 -0.094914 1.688917 0.066092 -0.092624 1.689253 0.069085 -0.097251 1.689458 0.065613 -0.099438 1.689118 0.065460 -0.092763 1.695368 0.067705 -0.092480 1.694540 0.068120 -0.092389 1.690534 0.066092 -0.092624 1.689253 0.069085 -0.097251 1.689458 0.070080 -0.095420 1.690668 0.069665 -0.095511 1.694674 0.068452 -0.097389 1.695572 0.066092 -0.092624 1.689253 0.062687 -0.094914 1.688917 0.062069 -0.095050 1.694896 0.065460 -0.092763 1.695368 0.059453 -0.102543 1.703930 0.062693 -0.101100 1.699174 0.061604 -0.096677 1.689802 0.061197 -0.096766 1.693731 0.062069 -0.095050 1.694896 0.061197 -0.096766 1.693731 0.063120 -0.099739 1.693862 0.064994 -0.099574 1.695096 0.069665 -0.095511 1.694674 0.070080 -0.095420 1.690668 0.061604 -0.096677 1.689802 0.063527 -0.099650 1.689933 0.063120 -0.099739 1.693862 0.061197 -0.096766 1.693731 0.064994 -0.099574 1.695096 0.065613 -0.099438 1.689118 0.064994 -0.099574 1.695096 0.065613 -0.099438 1.689118 0.008809 -0.123773 1.703093 0.008971 -0.122251 1.701195 0.010452 -0.127431 1.700023 0.009763 -0.127106 1.702339 0.010446 -0.121459 1.699557 0.008971 -0.122251 1.701195 0.013451 -0.121919 1.705392 0.014927 -0.121127 1.703755 0.008809 -0.123773 1.703093 0.011692 -0.123560 1.705794 0.014933 -0.127099 1.704220 0.012645 -0.126892 1.705040 0.016408 -0.126307 1.702583 0.014933 -0.127099 1.704220 0.010452 -0.127431 1.700023 0.011928 -0.126639 1.698385 0.008971 -0.122251 1.701195 0.010446 -0.121459 1.699557 0.011928 -0.126639 1.698385 
						0.010452 -0.127431 1.700023 0.015918 -0.120759 1.702288 0.016443 -0.121248 1.699987 0.014111 -0.121421 1.697802 0.011815 -0.121063 1.698445 0.011815 -0.121063 1.698445 0.014111 -0.121421 1.697802 0.014882 -0.124117 1.697192 0.013172 -0.125806 1.697372 0.013451 -0.121919 1.705392 0.014927 -0.121127 1.703755 0.008809 -0.123773 1.703093 0.009763 -0.127106 1.702339 0.012645 -0.126892 1.705040 0.011692 -0.123560 1.705794 0.016443 -0.121248 1.699987 0.017214 -0.123944 1.699377 0.013172 -0.125806 1.697372 0.014882 -0.124117 1.697192 0.017214 -0.123944 1.699377 0.017274 -0.125502 1.701215 0.015918 -0.120759 1.702288 -0.019841 -0.120402 1.707099 -0.020469 -0.121326 1.709020 -0.021869 -0.125083 1.708280 -0.021734 -0.125483 1.706099 -0.026202 -0.117658 1.704731 -0.028036 -0.122581 1.703762 -0.027398 -0.123683 1.707678 -0.025504 -0.118603 1.708678 -0.019841 -0.120402 1.707099 -0.025504 -0.118603 1.708678 -0.024656 -0.119995 1.710188 -0.020469 -0.121326 1.709020 -0.027398 -0.123683 1.707678 -0.021734 -0.125483 1.706099 -0.021869 -0.125083 1.708280 -0.026056 -0.123752 1.709448 -0.020714 -0.119402 1.703200 -0.026202 -0.117658 1.704731 -0.021907 -0.119326 1.701583 -0.026095 -0.117995 1.702751 -0.023307 -0.123082 1.700843 -0.021907 -0.119326 1.701583 -0.020714 -0.119402 1.703200 -0.022549 -0.124325 1.702231 -0.020714 -0.119402 1.703200 -0.022549 -0.124325 1.702231 -0.024656 -0.119995 1.710188 -0.026056 -0.123752 1.709448 -0.021869 -0.125083 1.708280 -0.020469 -0.121326 1.709020 -0.027495 -0.121752 1.702011 -0.026095 -0.117995 1.702751 -0.022549 -0.124325 1.702231 -0.028036 -0.122581 1.703762 -0.027495 -0.121752 1.702011 -0.023307 -0.123082 1.700843 -0.030591 -0.116819 1.710405 -0.032165 -0.117424 1.711965 -0.034011 -0.120386 1.711272 -0.033450 -0.121409 1.709330 -0.035403 -0.113288 1.706523 -0.037938 -0.117359 1.705570 
						-0.038689 -0.118199 1.709556 -0.035830 -0.113609 1.710631 -0.030591 -0.116819 1.710405 -0.035830 -0.113609 1.710631 -0.035546 -0.115352 1.712111 -0.032165 -0.117424 1.711965 -0.038689 -0.118199 1.709556 -0.033450 -0.121409 1.709330 -0.034011 -0.120386 1.711272 -0.037392 -0.118314 1.711417 -0.030756 -0.116135 1.706322 -0.035403 -0.113288 1.706523 -0.032240 -0.116081 1.704415 -0.034803 -0.114510 1.704526 -0.033639 -0.118326 1.703889 -0.032240 -0.116081 1.704415 -0.030756 -0.116135 1.706322 -0.033292 -0.120206 1.705369 -0.035546 -0.115352 1.712111 -0.037392 -0.118314 1.711417 -0.034011 -0.120386 1.711272 -0.032165 -0.117424 1.711965 -0.032240 -0.116081 1.704415 -0.033639 -0.118326 1.703889 -0.036202 -0.116756 1.704000 -0.034803 -0.114510 1.704526 -0.033292 -0.120206 1.705369 -0.037938 -0.117359 1.705570 -0.036202 -0.116756 1.704000 -0.033639 -0.118326 1.703889 -0.040684 -0.108811 1.710729 -0.042507 -0.109448 1.712422 -0.044161 -0.112196 1.711774 -0.043471 -0.113441 1.709636 -0.045488 -0.105175 1.706709 -0.048102 -0.109516 1.705684 -0.048744 -0.110279 1.709686 -0.045957 -0.105649 1.710779 -0.040684 -0.108811 1.710729 -0.045957 -0.105649 1.710779 -0.045637 -0.107571 1.712452 -0.042507 -0.109448 1.712422 -0.048744 -0.110279 1.709686 -0.043471 -0.113441 1.709636 -0.044161 -0.112196 1.711774 -0.047291 -0.110319 1.711803 -0.040544 -0.108140 1.706662 -0.045488 -0.105175 1.706709 -0.058011 -0.103420 1.709280 -0.057476 -0.103921 1.705225 -0.052269 -0.106473 1.706012 -0.052540 -0.106102 1.710108 -0.041927 -0.108113 1.704723 -0.044841 -0.106366 1.704751 -0.043467 -0.110672 1.704119 -0.041927 -0.108113 1.704723 -0.040544 -0.108140 1.706662 -0.043157 -0.112481 1.705637 -0.045637 -0.107571 1.712452 -0.047291 -0.110319 1.711803 -0.044161 -0.112196 1.711774 -0.042507 -0.109448 1.712422 -0.041927 -0.108113 1.704723 -0.043467 -0.110672 1.704119 
						-0.046381 -0.108924 1.704147 -0.044841 -0.106366 1.704751 -0.043157 -0.112481 1.705637 -0.048102 -0.109516 1.705684 -0.046381 -0.108924 1.704147 -0.043467 -0.110672 1.704119 -0.050066 -0.101197 1.709648 -0.051947 -0.101416 1.711488 -0.053350 -0.104199 1.711749 -0.052540 -0.106102 1.710108 -0.049914 -0.101804 1.705575 -0.052269 -0.106473 1.706012 -0.050066 -0.101197 1.709648 -0.055536 -0.098515 1.708821 -0.055050 -0.099894 1.711019 -0.051947 -0.101416 1.711488 -0.053350 -0.104199 1.711749 -0.056454 -0.102677 1.711280 -0.049914 -0.101804 1.705575 -0.055121 -0.099252 1.704788 -0.051434 -0.102509 1.703746 -0.054344 -0.101082 1.703306 -0.052750 -0.105119 1.703991 -0.051434 -0.102509 1.703746 -0.055121 -0.099252 1.704788 -0.057476 -0.103921 1.705225 -0.058011 -0.103420 1.709280 -0.055536 -0.098515 1.708821 -0.055050 -0.099894 1.711019 -0.056454 -0.102677 1.711280 -0.053350 -0.104199 1.711749 -0.051947 -0.101416 1.711488 -0.051434 -0.102509 1.703746 -0.052750 -0.105119 1.703991 -0.055661 -0.103692 1.703551 -0.054344 -0.101082 1.703306 -0.055661 -0.103692 1.703551 -0.052750 -0.105119 1.703991 -0.067954 -0.092054 1.682835 -0.070236 -0.091815 1.681950 -0.072137 -0.094755 1.682080 -0.070947 -0.096680 1.683040 -0.065212 -0.094267 1.676466 -0.068061 -0.098671 1.676662 -0.071579 -0.096542 1.676926 -0.068587 -0.091915 1.676721 -0.067954 -0.092054 1.682835 -0.068587 -0.091915 1.676721 -0.070638 -0.091727 1.678065 -0.070236 -0.091815 1.681950 -0.071579 -0.096542 1.676926 -0.070947 -0.096680 1.683040 -0.072137 -0.094755 1.682080 -0.072539 -0.094667 1.678195 -0.064610 -0.094399 1.682288 -0.065212 -0.094267 1.676466 -0.063703 -0.096071 1.681181 -0.064106 -0.095983 1.677289 -0.065608 -0.099016 1.681311 -0.063703 -0.096071 1.681181 -0.064610 -0.094399 1.682288 -0.067459 -0.098803 1.682483 -0.064610 -0.094399 1.682288 -0.067459 -0.098803 1.682483 
						-0.070638 -0.091727 1.678065 -0.072539 -0.094667 1.678195 -0.072137 -0.094755 1.682080 -0.070236 -0.091815 1.681950 -0.066011 -0.098928 1.677419 -0.064106 -0.095983 1.677289 -0.067459 -0.098803 1.682483 -0.068061 -0.098671 1.676662 -0.066011 -0.098928 1.677419 -0.065608 -0.099016 1.681311 -0.072539 -0.094667 1.678195 -0.070638 -0.091727 1.678065 -0.064106 -0.095983 1.677289 -0.066011 -0.098928 1.677419 -0.056454 -0.102677 1.711280 -0.055050 -0.099894 1.711019 -0.054344 -0.101082 1.703306 -0.055661 -0.103692 1.703551 -0.047291 -0.110319 1.711803 -0.045637 -0.107571 1.712452 -0.044841 -0.106366 1.704751 -0.046381 -0.108924 1.704147 -0.037392 -0.118314 1.711417 -0.035546 -0.115352 1.712111 -0.034803 -0.114510 1.704526 -0.036202 -0.116756 1.704000 -0.025504 -0.118603 1.708678 -0.027398 -0.123683 1.707678 -0.026095 -0.117995 1.702751 -0.027495 -0.121752 1.702011 0.014933 -0.127099 1.704220 0.013451 -0.121919 1.705392 0.017274 -0.125502 1.701215 0.017214 -0.123944 1.699377 0.015918 -0.120759 1.702288 0.011815 -0.121063 1.698445 0.023031 -0.120235 1.710098 0.024011 -0.118603 1.708678 0.025658 -0.121602 1.701985 0.024430 -0.118308 1.702634 0.034131 -0.115097 1.712348 0.036162 -0.118359 1.711585 0.035260 -0.116850 1.703942 0.033472 -0.113979 1.704614 0.044254 -0.107224 1.712503 0.046157 -0.110385 1.711757 0.044925 -0.108931 1.704142 0.043359 -0.106329 1.704756 0.065555 -0.099308 1.701533 0.062776 -0.094568 1.701078 0.060232 -0.101223 1.699052 0.058704 -0.098617 1.698802 0.068120 -0.092389 1.690534 0.070080 -0.095420 1.690668 0.063527 -0.099650 1.689933 0.061604 -0.096677 1.689802 -0.063283 -0.095677 1.706486 -0.065228 -0.098995 1.706805 -0.063840 -0.100804 1.706462 -0.061061 -0.096064 1.706006 -0.061655 -0.096526 1.698735 -0.064337 -0.101100 1.699174 -0.067198 -0.099308 1.701533 -0.064419 -0.094568 1.701078 
						-0.061061 -0.096064 1.706006 -0.064419 -0.094568 1.701078 -0.065633 -0.094630 1.703036 -0.063283 -0.095677 1.706486 -0.067198 -0.099308 1.701533 -0.063840 -0.100804 1.706462 -0.065228 -0.098995 1.706805 -0.067578 -0.097948 1.703355 -0.058415 -0.097969 1.703491 -0.061655 -0.096526 1.698735 -0.058502 -0.099439 1.701512 -0.060348 -0.098617 1.698802 -0.058415 -0.097969 1.703491 -0.061096 -0.102543 1.703930 -0.060029 -0.102045 1.701762 -0.058502 -0.099439 1.701512 -0.061061 -0.096064 1.706006 -0.063840 -0.100804 1.706462 -0.065633 -0.094630 1.703036 -0.067578 -0.097948 1.703355 -0.060348 -0.098617 1.698802 -0.061875 -0.101223 1.699052 -0.061096 -0.102543 1.703930 -0.064337 -0.101100 1.699174 -0.061875 -0.101223 1.699052 -0.060029 -0.102045 1.701762 -0.069348 -0.092480 1.694540 -0.071309 -0.095511 1.694674 -0.070095 -0.097389 1.695572 -0.067103 -0.092763 1.695368 -0.064331 -0.094914 1.688917 -0.067257 -0.099438 1.689118 -0.070728 -0.097251 1.689458 -0.067736 -0.092624 1.689253 -0.067103 -0.092763 1.695368 -0.067736 -0.092624 1.689253 -0.069763 -0.092389 1.690534 -0.069348 -0.092480 1.694540 -0.070728 -0.097251 1.689458 -0.070095 -0.097389 1.695572 -0.071309 -0.095511 1.694674 -0.071723 -0.095420 1.690668 -0.063712 -0.095050 1.694896 -0.064331 -0.094914 1.688917 -0.062841 -0.096766 1.693731 -0.063247 -0.096677 1.689802 -0.063712 -0.095050 1.694896 -0.066638 -0.099574 1.695096 -0.064763 -0.099739 1.693862 -0.062841 -0.096766 1.693731 -0.066638 -0.099574 1.695096 -0.063712 -0.095050 1.694896 -0.069348 -0.092480 1.694540 -0.069763 -0.092389 1.690534 -0.071723 -0.095420 1.690668 -0.071309 -0.095511 1.694674 -0.063247 -0.096677 1.689802 -0.065170 -0.099650 1.689933 -0.066638 -0.099574 1.695096 -0.067257 -0.099438 1.689118 -0.065170 -0.099650 1.689933 -0.064763 -0.099739 1.693862 -0.067980 -0.091339 1.670238 -0.070230 -0.094340 1.670320 
						-0.069387 -0.096035 1.671712 -0.066081 -0.091625 1.671591 -0.062067 -0.095061 1.666719 -0.065091 -0.099095 1.666830 -0.068421 -0.096924 1.665705 -0.065115 -0.092513 1.665584 -0.066081 -0.091625 1.671591 -0.065115 -0.092513 1.665584 -0.067323 -0.091944 1.666150 -0.067980 -0.091339 1.670238 -0.068421 -0.096924 1.665705 -0.069387 -0.096035 1.671712 -0.070230 -0.094340 1.670320 -0.069573 -0.094945 1.666232 -0.062951 -0.094248 1.672213 -0.062067 -0.095061 1.666719 -0.062115 -0.096542 1.671190 -0.061692 -0.096932 1.668554 -0.062951 -0.094248 1.672213 -0.065974 -0.098282 1.672324 -0.063566 -0.098477 1.671242 -0.062115 -0.096542 1.671190 -0.067980 -0.091339 1.670238 -0.067323 -0.091944 1.666150 -0.069573 -0.094945 1.666232 -0.070230 -0.094340 1.670320 -0.061692 -0.096932 1.668554 -0.062115 -0.096542 1.671190 -0.063566 -0.098477 1.671242 -0.063142 -0.098867 1.668607 -0.065974 -0.098282 1.672324 -0.065091 -0.099095 1.666830 -0.063142 -0.098867 1.668607 -0.063566 -0.098477 1.671242 -0.010453 -0.123773 1.703093 -0.011406 -0.127106 1.702339 -0.012096 -0.127431 1.700023 -0.010614 -0.122251 1.701195 -0.012090 -0.121459 1.699557 -0.016570 -0.121127 1.703755 -0.015095 -0.121919 1.705392 -0.010614 -0.122251 1.701195 -0.013335 -0.123560 1.705794 -0.010453 -0.123773 1.703093 -0.016576 -0.127099 1.704220 -0.012096 -0.127431 1.700023 -0.011406 -0.127106 1.702339 -0.014289 -0.126892 1.705040 -0.018052 -0.126307 1.702583 -0.013571 -0.126639 1.698385 -0.010614 -0.122251 1.701195 -0.012096 -0.127431 1.700023 -0.013571 -0.126639 1.698385 -0.012090 -0.121459 1.699557 -0.017561 -0.120759 1.702288 -0.013459 -0.121063 1.698445 -0.015754 -0.121421 1.697802 -0.018086 -0.121248 1.699987 -0.013459 -0.121063 1.698445 -0.014815 -0.125806 1.697372 -0.016525 -0.124117 1.697192 -0.015754 -0.121421 1.697802 -0.015095 -0.121919 1.705392 -0.016570 -0.121127 1.703755 
						-0.018052 -0.126307 1.702583 -0.016576 -0.127099 1.704220 -0.013335 -0.123560 1.705794 -0.014289 -0.126892 1.705040 -0.018086 -0.121248 1.699987 -0.015754 -0.121421 1.697802 -0.016525 -0.124117 1.697192 -0.018857 -0.123944 1.699377 -0.014815 -0.125806 1.697372 -0.018918 -0.125502 1.701215 -0.018857 -0.123944 1.699377 -0.016525 -0.124117 1.697192 -0.017561 -0.120759 1.702288 -0.018918 -0.125502 1.701215 0.056367 -0.103420 1.709280 0.050897 -0.106102 1.710108 0.050626 -0.106473 1.706012 0.055833 -0.103921 1.705225 0.048422 -0.101197 1.709648 0.050897 -0.106102 1.710108 0.051707 -0.104199 1.711749 0.050303 -0.101416 1.711488 0.048271 -0.101804 1.705575 0.050626 -0.106473 1.706012 0.050897 -0.106102 1.710108 0.048422 -0.101197 1.709648 0.048422 -0.101197 1.709648 0.050303 -0.101416 1.711488 0.053407 -0.099894 1.711019 0.053893 -0.098515 1.708821 0.054810 -0.102677 1.711280 0.051707 -0.104199 1.711749 0.053478 -0.099252 1.704788 0.048271 -0.101804 1.705575 0.052701 -0.101082 1.703306 0.049790 -0.102509 1.703746 0.051107 -0.105119 1.703991 0.049790 -0.102509 1.703746 0.053478 -0.099252 1.704788 0.053893 -0.098515 1.708821 0.056367 -0.103420 1.709280 0.055833 -0.103921 1.705225 0.053407 -0.099894 1.711019 0.054810 -0.102677 1.711280 0.049790 -0.102509 1.703746 0.052701 -0.101082 1.703306 0.054017 -0.103692 1.703551 0.051107 -0.105119 1.703991 0.051107 -0.105119 1.703991 0.054017 -0.103692 1.703551 0.066311 -0.092054 1.682835 0.069303 -0.096680 1.683040 0.070494 -0.094755 1.682080 0.068592 -0.091815 1.681950 0.063569 -0.094267 1.676466 0.066944 -0.091915 1.676721 0.069936 -0.096542 1.676926 0.066418 -0.098671 1.676662 0.066311 -0.092054 1.682835 0.068592 -0.091815 1.681950 0.068994 -0.091727 1.678065 0.066944 -0.091915 1.676721 0.069936 -0.096542 1.676926 0.070896 -0.094667 1.678195 
						0.070494 -0.094755 1.682080 0.069303 -0.096680 1.683040 0.066311 -0.092054 1.682835 0.066944 -0.091915 1.676721 0.063569 -0.094267 1.676466 0.062967 -0.094399 1.682288 0.066628 -0.096924 1.665705 0.067593 -0.096035 1.671712 0.064225 -0.098318 1.672386 0.063321 -0.099149 1.666770 0.062462 -0.095983 1.677289 0.062060 -0.096071 1.681181 0.063964 -0.099016 1.681311 0.065815 -0.098803 1.682483 0.062967 -0.094399 1.682288 0.062060 -0.096071 1.681181 0.070494 -0.094755 1.682080 0.070896 -0.094667 1.678195 0.062060 -0.096071 1.681181 0.062462 -0.095983 1.677289 0.064367 -0.098928 1.677419 0.063964 -0.099016 1.681311 0.065815 -0.098803 1.682483 0.063964 -0.099016 1.681311 0.064367 -0.098928 1.677419 0.066418 -0.098671 1.676662 0.064287 -0.091625 1.671591 0.067593 -0.096035 1.671712 0.068339 -0.094260 1.670179 0.066240 -0.091460 1.670103 0.061134 -0.094194 1.672273 0.064225 -0.098318 1.672386 0.067593 -0.096035 1.671712 0.064287 -0.091625 1.671591 0.064287 -0.091625 1.671591 0.066240 -0.091460 1.670103 0.065627 -0.092024 1.666290 0.063322 -0.092513 1.665584 0.067726 -0.094824 1.666367 0.068339 -0.094260 1.670179 0.060230 -0.095025 1.666657 0.061134 -0.094194 1.672273 0.059818 -0.096866 1.668440 0.060278 -0.096443 1.671300 0.061852 -0.098543 1.671357 0.060278 -0.096443 1.671300 0.060230 -0.095025 1.666657 0.063322 -0.092513 1.665584 0.066628 -0.096924 1.665705 0.063321 -0.099149 1.666770 0.065627 -0.092024 1.666290 0.067726 -0.094824 1.666367 0.060278 -0.096443 1.671300 0.059818 -0.096866 1.668440 0.061392 -0.098966 1.668497 0.061852 -0.098543 1.671357 0.064225 -0.098318 1.672386 0.063321 -0.099149 1.666770 0.065627 -0.092024 1.666290 0.067726 -0.094824 1.666367 0.060230 -0.095025 1.666657 0.068994 -0.091727 1.678065 0.070896 -0.094667 1.678195 0.062462 -0.095983 1.677289 
						0.064367 -0.098928 1.677419 0.053407 -0.099894 1.711019 0.054810 -0.102677 1.711280 0.053478 -0.099252 1.704788 0.055833 -0.103921 1.705225 -0.013335 -0.123560 1.705794 -0.014289 -0.126892 1.705040 -0.017561 -0.120759 1.702288 -0.018918 -0.125502 1.701215 -0.065633 -0.094630 1.703036 -0.064419 -0.094568 1.701078 -0.067198 -0.099308 1.701533 -0.067578 -0.097948 1.703355 -0.060348 -0.098617 1.698802 -0.061875 -0.101223 1.699052 -0.069763 -0.092389 1.690534 -0.071723 -0.095420 1.690668 -0.063247 -0.096677 1.689802 -0.065170 -0.099650 1.689933 -0.067323 -0.091944 1.666150 -0.069573 -0.094945 1.666232 -0.062067 -0.095061 1.666719 -0.065091 -0.099095 1.666830 -0.054949 -0.107641 1.623802 -0.047374 -0.103526 1.624122 -0.051309 -0.096094 1.621697 -0.058884 -0.100209 1.621377 -0.054001 -0.090649 1.615395 -0.061576 -0.094765 1.615075 -0.054728 -0.088651 1.606905 -0.062303 -0.092766 1.606586 -0.053296 -0.090635 1.598502 -0.060871 -0.094750 1.598182 -0.050088 -0.096069 1.592437 -0.057663 -0.100184 1.592117 -0.045964 -0.103497 1.590335 -0.053539 -0.107612 1.590016 -0.042028 -0.110929 1.592760 -0.049603 -0.115044 1.592441 -0.039337 -0.116373 1.599062 -0.046911 -0.120489 1.598742 -0.038609 -0.118372 1.607552 -0.046184 -0.122487 1.607232 -0.040042 -0.116388 1.615956 -0.047617 -0.120503 1.615636 -0.054244 -0.107627 1.606909 -0.043250 -0.110954 1.622021 -0.050825 -0.115069 1.621701 -0.047374 -0.103526 1.624122 -0.054949 -0.107641 1.623802 -0.054244 -0.107627 1.606909 -0.054244 -0.107627 1.606909 -0.054244 -0.107627 1.606909 -0.054244 -0.107627 1.606909 -0.054244 -0.107627 1.606909 -0.054244 -0.107627 1.606909 -0.054244 -0.107627 1.606909 -0.054244 -0.107627 1.606909 -0.054244 -0.107627 1.606909 -0.054244 -0.107627 1.606909 -0.054244 -0.107627 1.606909 0.054529 -0.108099 1.623433 0.046941 -0.104077 1.624241 0.042792 -0.111461 1.622036 
						0.050381 -0.115483 1.621227 0.039368 -0.116691 1.615910 0.046956 -0.120713 1.615101 0.037585 -0.118366 1.607507 0.045173 -0.122388 1.606698 0.037921 -0.116036 1.599077 0.045509 -0.120058 1.598268 0.040287 -0.110327 1.592879 0.047875 -0.114349 1.592070 0.044047 -0.102767 1.590575 0.051636 -0.106789 1.589766 0.048196 -0.095383 1.592781 0.055785 -0.099405 1.591972 0.051621 -0.090153 1.598906 0.059209 -0.094175 1.598097 0.053404 -0.088478 1.607310 0.060992 -0.092500 1.606501 0.053068 -0.090808 1.615740 0.060656 -0.094830 1.614931 0.053083 -0.107444 1.606599 0.050702 -0.096517 1.621937 0.058290 -0.100539 1.621128 0.046941 -0.104077 1.624241 0.054529 -0.108099 1.623433 0.053083 -0.107444 1.606599 0.053083 -0.107444 1.606599 0.053083 -0.107444 1.606599 0.053083 -0.107444 1.606599 0.053083 -0.107444 1.606599 0.053083 -0.107444 1.606599 0.053083 -0.107444 1.606599 0.053083 -0.107444 1.606599 0.053083 -0.107444 1.606599 0.053083 -0.107444 1.606599 0.053083 -0.107444 1.606599 
					</float_array>
					<technique_common>
						<accessor count="4707" offset="0" source="#meshId0-positions-array" stride="3">
							<param name="X" type="float" />
							<param name="Y" type="float" />
							<param name="Z" type="float" />
						</accessor>
					</technique_common>
				</source>
				<source id="meshId0-normals" name="meshId0-normals">
					<float_array id="meshId0-normals-array" count="14121"> 
						0.878257 -0.460843 0.127629 0.950876 -0.255446 0.174878 0.805287 -0.354248 0.475417 0.757713 -0.432342 0.488826 0.097101 -0.983536 -0.152410 0.134288 -0.981354 -0.137514 -0.015327 -0.993024 -0.116911 0.849015 -0.524958 -0.059931 0.970920 -0.238672 -0.018716 0.966610 -0.247621 0.065946 0.868317 -0.495729 0.016647 0.309891 -0.054018 -0.949236 0.291074 -0.085284 -0.952892 0.783565 -0.162238 -0.599754 0.716541 -0.336421 -0.611056 -0.000000 -0.992186 -0.124764 -0.017126 -0.991993 -0.125127 -0.017551 -0.991656 -0.127714 -0.000000 -0.991681 -0.128719 0.000001 0.032801 -0.999462 0.000001 -0.015637 -0.999878 -0.000000 -0.993355 -0.115089 0.000000 -0.994530 -0.104455 0.794180 -0.565078 -0.223529 0.956224 -0.193497 -0.219530 -0.000000 -0.982113 -0.188293 0.030386 -0.979537 -0.198958 0.196771 -0.355382 -0.913775 0.197532 -0.140809 -0.970131 0.604889 -0.298800 -0.738125 0.620996 -0.386446 -0.681926 0.353618 -0.494270 0.794136 0.328070 -0.382181 0.863891 -0.000000 0.005745 -0.999983 0.000000 -0.305080 -0.952327 0.238447 -0.319627 -0.917050 0.256844 -0.083889 -0.962805 0.373565 -0.734438 0.566612 0.703380 -0.619053 0.349327 0.354337 -0.809324 0.468444 0.947752 -0.014377 -0.318683 0.930487 -0.159972 -0.329550 0.969371 -0.137526 -0.203483 0.977911 -0.042038 -0.204749 0.696147 -0.263534 -0.667779 0.746860 -0.112464 -0.655402 0.774965 -0.380033 0.504980 0.900346 -0.402685 0.164991 0.965269 -0.157917 0.208128 0.944482 -0.325293 0.046240 0.000000 -0.849625 0.527388 0.000001 -0.882256 0.470770 0.991707 -0.126381 -0.023342 0.977502 -0.198177 -0.072218 0.983793 -0.158106 0.084585 0.139087 -0.982870 -0.120920 0.137068 -0.984169 -0.112359 0.036727 -0.996492 -0.075194 0.127047 -0.986753 -0.100887 0.115243 -0.990513 -0.074858 0.139556 -0.975070 -0.172519 -0.000001 -0.506064 0.862496 -0.000000 -0.364841 0.931070 -0.024566 -0.989577 -0.141897 
						0.416501 -0.759562 -0.499592 0.235403 -0.951121 -0.199887 0.082530 -0.987252 -0.136099 0.381799 -0.921644 -0.069303 0.440447 -0.897779 -0.000738 0.249268 -0.829813 0.499276 0.000001 -0.840183 0.542303 0.326528 -0.934339 -0.142795 0.344887 -0.933189 -0.101054 0.801702 -0.506889 -0.316762 -0.000000 -0.626897 -0.779102 0.182923 -0.632051 -0.753028 0.457939 -0.848328 0.265766 0.924243 -0.167087 -0.343303 0.101245 -0.993252 -0.056570 -0.379343 -0.924014 -0.047925 0.000000 -0.999769 0.021501 -0.000000 -0.983613 -0.180290 0.831410 -0.389343 -0.396445 0.760607 -0.390545 -0.518605 0.722137 -0.559441 -0.406871 0.792148 -0.495133 -0.356854 0.811004 -0.570459 0.129805 0.767636 -0.626064 0.137033 0.626967 -0.746362 0.223284 0.693000 -0.650947 0.309869 0.000000 -0.344711 -0.938709 0.000000 -0.078876 -0.996884 0.756284 -0.626342 -0.189023 0.857896 -0.490451 -0.153206 0.444207 -0.786843 0.428436 -0.000000 -0.993694 0.112130 -0.000000 -0.908433 0.418031 0.833160 -0.553020 0.003733 0.804289 -0.594232 0.002698 0.956224 -0.193497 -0.219530 0.970920 -0.238672 -0.018716 0.966610 -0.247621 0.065946 0.353618 -0.494270 0.794136 -0.000001 -0.506064 0.862496 0.950876 -0.255446 0.174878 0.805287 -0.354248 0.475417 0.291074 -0.085284 -0.952892 0.783565 -0.162238 -0.599754 0.924243 -0.167087 -0.343303 0.000001 -0.015637 -0.999878 0.365112 -0.817982 0.444520 0.000001 -0.888524 0.458831 0.181547 -0.103385 -0.977933 0.322100 -0.565542 -0.759219 0.581840 -0.540311 -0.607887 0.529366 -0.216083 -0.820414 0.862217 -0.461448 -0.208919 0.902142 -0.354134 -0.246433 0.898764 -0.414939 -0.141596 0.851195 -0.523098 -0.042841 0.715063 -0.620557 -0.321860 0.721376 -0.663514 -0.198410 0.847698 -0.485253 -0.214332 0.843966 -0.338239 -0.416311 0.839125 -0.525324 -0.141081 0.780793 -0.617440 -0.095548 0.797827 -0.393541 -0.456725 0.000001 -0.063849 -0.997959 
						0.000001 -0.623393 -0.781909 0.769894 -0.637967 -0.016173 0.406859 -0.856891 -0.316550 0.731388 -0.328276 -0.597751 0.864269 -0.486276 -0.128743 0.719562 -0.543969 -0.431658 0.438032 -0.294450 -0.849369 0.896786 -0.380357 -0.226062 -0.262205 -0.539029 -0.800435 -0.326768 -0.446960 -0.832736 -0.555636 -0.546154 -0.626885 -0.648765 -0.454483 -0.610368 0.842000 -0.525355 -0.122626 0.922378 -0.347531 -0.168644 0.946880 -0.298135 -0.120556 0.948796 -0.300795 -0.096482 0.957368 -0.284302 -0.051172 0.939385 -0.339801 0.045724 0.869850 -0.463748 0.168224 0.936605 -0.349798 0.020326 0.627571 -0.689625 0.361346 -0.098471 -0.847465 -0.521639 -0.357567 -0.920323 -0.158592 0.724143 -0.683623 0.090977 0.960770 -0.245611 0.128824 0.981640 -0.169941 -0.086623 -0.481815 -0.876141 0.015187 0.735206 -0.675249 -0.059255 0.513599 -0.747809 -0.420712 0.262464 -0.698622 0.665612 0.529988 -0.638396 0.558179 0.301486 -0.853558 -0.424906 0.800381 -0.546738 0.245902 0.741853 -0.570287 0.352741 0.593389 -0.736400 0.324969 0.652320 -0.696544 0.298839 0.902842 -0.381420 0.198482 0.837137 -0.410113 0.361950 0.608840 -0.593504 0.526371 0.515019 -0.576492 0.634360 0.528352 -0.732738 0.428882 0.589842 -0.731481 0.342083 0.611516 -0.409503 0.677020 0.482084 -0.406004 0.776373 0.559882 -0.769561 0.307095 0.537362 -0.647684 0.540136 0.785721 -0.461617 0.411767 0.728968 -0.413425 0.545605 0.672233 -0.591896 0.444704 0.584588 -0.748668 0.312653 0.400569 -0.627452 0.667719 0.411002 -0.789609 0.455626 0.352094 -0.429687 0.831504 0.594759 -0.746467 0.298410 0.572516 -0.744124 0.344246 0.390870 -0.838916 0.378736 0.537219 -0.767969 0.348740 0.624772 -0.727294 0.284084 0.516637 -0.750330 0.412420 0.247376 -0.673668 -0.696403 0.372709 -0.853691 0.363730 0.521918 -0.787074 0.328809 0.590405 -0.737162 0.328656 0.563741 -0.776024 0.282811 
						0.581882 -0.761261 0.286171 0.525911 -0.795856 0.300052 0.365255 -0.864515 0.345258 0.620677 -0.643612 0.447799 0.585422 -0.753540 0.299095 0.040563 -0.993311 -0.108109 -0.012496 -0.994030 -0.108385 -0.001336 -0.989688 -0.143231 0.016516 -0.995336 -0.095049 -0.000000 -0.988252 -0.152831 0.057195 -0.990307 -0.126571 0.058047 -0.991388 -0.117394 0.026371 -0.989413 -0.142710 0.000000 -0.998640 -0.052131 0.195253 -0.918227 0.344581 0.019801 -0.814188 0.580263 0.258184 -0.754516 0.603363 0.566270 -0.735614 0.371766 0.416517 -0.555989 -0.719298 0.400442 -0.565475 -0.721029 0.558238 -0.730649 0.393093 -0.037075 -0.292279 0.955614 0.026418 -0.441295 0.896973 0.241910 -0.297007 0.923724 0.200849 -0.253962 0.946131 0.317501 -0.598824 -0.735257 0.518300 -0.763355 0.385558 0.264880 -0.459264 0.847888 0.305013 -0.701555 0.644040 0.199079 -0.785612 0.585818 -0.000002 -0.857087 0.515171 -0.000001 -0.919172 0.393855 0.141221 -0.908349 0.393649 -0.000000 -0.934133 0.356926 0.108865 -0.924844 0.364434 -0.000000 -0.933430 0.358760 0.100763 -0.925712 0.364559 0.000001 -0.952451 0.304690 0.068476 -0.948917 0.308007 -0.151854 -0.920422 0.360227 0.230277 -0.897497 0.376126 0.255958 -0.889906 0.377561 0.292897 -0.852764 0.432440 -0.000002 -0.654767 0.755831 0.215024 -0.550745 0.806502 -0.860097 -0.493973 -0.127375 -0.728487 -0.682441 -0.059838 -0.526516 -0.573903 0.627229 -0.542243 -0.523505 0.657202 0.208776 -0.941533 -0.264440 -0.009842 -0.998057 -0.061518 0.728117 -0.684866 0.028345 0.615377 -0.712373 -0.337394 0.055076 -0.960952 0.271180 0.304809 -0.804554 0.509691 0.334261 -0.804520 0.490934 -0.000000 -0.831218 0.555947 0.433201 -0.750756 0.498701 0.906966 -0.406892 -0.108866 0.922072 -0.379330 -0.076761 0.677746 -0.654397 0.335298 0.625622 -0.575326 0.526875 0.537416 -0.636634 0.553065 0.759448 -0.614737 0.212926 
						0.907395 -0.420191 -0.008614 0.852721 -0.510909 0.108808 0.709627 -0.672034 -0.211660 -0.186325 -0.916175 0.354833 0.262464 -0.698622 0.665612 0.513599 -0.747809 -0.420712 0.000001 -0.986473 0.163922 0.349141 -0.880195 0.321493 0.461367 -0.637846 -0.616680 0.500145 -0.674771 0.542714 0.044119 -0.934658 -0.352799 0.692996 -0.662764 0.283727 0.871012 -0.203927 -0.446936 -0.379343 -0.924014 -0.047925 0.000000 -0.999769 0.021501 0.379174 -0.594757 -0.708866 0.148938 -0.967620 0.203786 0.483485 -0.670951 0.562199 0.511967 -0.679502 0.525516 0.240720 -0.265893 0.933464 0.238861 -0.278533 0.930250 0.253568 -0.281965 0.925310 0.242863 -0.255989 0.935675 0.989488 0.129368 -0.064633 0.996314 -0.055756 -0.065195 0.881402 -0.094003 -0.462920 0.873235 0.089909 -0.478933 0.368345 -0.202714 0.907320 0.368748 -0.241501 0.897609 0.724292 -0.116891 0.679513 0.736069 -0.047290 0.675252 -0.063422 -0.219381 -0.973576 -0.038301 -0.398156 -0.916518 -0.229736 -0.355913 0.905841 -0.178319 -0.496118 0.849746 0.976787 -0.084207 0.196968 0.971470 0.106011 0.212149 0.593407 -0.605203 0.530658 0.144547 -0.911434 -0.385219 0.330885 -0.057237 -0.941934 0.407388 -0.234766 -0.882564 0.407388 -0.234766 -0.882564 0.330885 -0.057237 -0.941934 0.757041 -0.468066 0.455854 0.885671 -0.460091 0.062476 0.327435 -0.358683 -0.874147 0.311420 -0.411786 -0.856417 0.454808 -0.492232 0.742198 0.615749 -0.482157 0.623199 0.695618 -0.486563 -0.528556 0.479910 -0.509074 -0.714513 0.292756 -0.524338 -0.799602 -0.419442 -0.834423 0.357501 0.073746 -0.694082 0.716109 0.359325 -0.676234 -0.643112 -0.357116 -0.933823 -0.021062 -0.168222 -0.820184 -0.546809 -0.449913 -0.876992 -0.168713 0.262205 -0.701298 -0.662895 0.073746 -0.694082 0.716109 -0.262205 -0.539029 -0.800435 -0.063422 -0.219381 -0.973576 0.330885 -0.057237 -0.941934 0.873235 0.089909 -0.478933 
						0.989488 0.129368 -0.064633 0.971470 0.106011 0.212149 0.736069 -0.047290 0.675252 0.368345 -0.202714 0.907320 0.200849 -0.253962 0.946131 -0.037075 -0.292279 0.955614 0.240720 -0.265893 0.933464 0.242863 -0.255989 0.935675 -0.648765 -0.454483 -0.610368 -0.229736 -0.355913 0.905841 -0.860097 -0.493973 -0.127375 -0.542243 -0.523505 0.657202 -0.860097 -0.493973 -0.127375 0.410232 -0.689908 0.596436 0.307846 -0.747410 0.588734 0.933768 -0.340178 -0.111156 0.960931 -0.262242 -0.088554 0.816294 -0.470499 -0.335105 0.896434 -0.315817 -0.310910 0.762984 -0.470662 -0.443095 0.551746 -0.497604 0.669303 0.732358 -0.430439 0.527611 0.633776 -0.421825 0.648376 0.816605 -0.473817 0.329627 0.262293 -0.716100 0.646841 0.862392 -0.495191 -0.105193 0.882596 -0.429261 -0.191730 0.924461 -0.348185 0.155366 0.959226 -0.282517 -0.008397 -0.000001 -0.784199 0.620509 0.829643 -0.027297 -0.557627 0.906899 -0.120009 -0.403895 0.755411 -0.030818 0.654526 0.596028 -0.037978 0.802065 0.716500 0.010564 -0.697507 0.480025 -0.073574 0.874164 0.299044 -0.149381 0.942475 0.953118 -0.143585 -0.266363 0.978641 -0.121132 -0.166101 0.989007 -0.082511 -0.122704 0.994605 -0.045228 -0.093350 0.999882 -0.014108 -0.006096 0.114202 -0.152692 0.981653 -0.000002 -0.147776 0.989021 0.980052 0.000000 0.198742 0.160676 -0.168278 0.972556 0.898261 -0.011889 0.439301 0.648247 -0.422776 -0.633275 0.465435 -0.455923 -0.758620 0.253164 -0.568973 -0.782418 0.000002 -0.664400 -0.747377 0.370826 0.000000 -0.928702 0.578749 0.005137 -0.815490 0.000000 -0.000000 -1.000000 0.161019 0.000000 -0.986951 -0.568445 0.324192 0.756155 -0.919166 0.334961 0.207210 -0.296894 -0.898677 0.322852 -0.137190 -0.530800 0.836319 0.258749 0.813909 -0.520193 0.325760 0.945263 0.018953 0.948010 -0.288374 0.134597 0.843436 -0.345289 -0.411572 -0.919166 0.334961 0.207210 
						-0.568445 0.324192 0.756155 0.260971 0.730802 0.630731 0.325760 0.945263 0.018953 0.948010 -0.288374 0.134597 0.692244 -0.124186 0.710898 -0.137190 -0.530800 0.836319 -0.296894 -0.898677 0.322852 0.258749 0.813909 -0.520193 -0.907213 0.242316 -0.343871 0.063075 0.347840 -0.935430 -0.530746 0.056735 -0.845630 -0.907213 0.242316 -0.343871 -0.530746 0.056735 -0.845630 -0.208385 -0.582377 -0.785756 -0.322496 -0.916871 -0.235254 -0.568445 0.324192 0.756155 -0.137190 -0.530800 0.836319 0.692244 -0.124186 0.710898 0.260971 0.730802 0.630731 0.063075 0.347840 -0.935430 0.385444 -0.291265 -0.875556 -0.208385 -0.582377 -0.785756 -0.530746 0.056735 -0.845630 -0.322496 -0.916871 -0.235254 -0.208385 -0.582377 -0.785756 0.385444 -0.291265 -0.875556 0.843436 -0.345289 -0.411572 0.395475 0.788729 0.470645 -0.238744 0.689099 0.684210 0.501920 -0.456034 0.734921 0.861884 0.067634 0.502575 -0.552298 0.409673 -0.726041 -0.096808 0.720166 -0.687014 0.643844 -0.424954 -0.636302 0.175404 -0.715526 -0.676207 -0.238744 0.689099 0.684210 0.395475 0.788729 0.470645 0.479778 0.807193 -0.343880 -0.096808 0.720166 -0.687014 0.643844 -0.424954 -0.636302 0.946190 0.086096 -0.311950 0.861884 0.067634 0.502575 0.501920 -0.456034 0.734921 -0.552298 0.409673 -0.726041 -0.691115 0.379282 0.615228 -0.861879 -0.067552 -0.502594 -0.946186 -0.086008 0.311985 -0.691115 0.379282 0.615228 -0.946186 -0.086008 0.311985 -0.479785 -0.807172 0.343919 0.036585 -0.745918 0.665032 0.395475 0.788729 0.470645 0.479778 0.807193 -0.343880 -0.861879 -0.067552 -0.502594 -0.395474 -0.788719 -0.470661 -0.479785 -0.807172 0.343919 -0.946186 -0.086008 0.311985 0.036585 -0.745918 0.665032 -0.479785 -0.807172 0.343919 -0.395474 -0.788719 -0.470661 0.175404 -0.715526 -0.676207 0.423729 0.875013 0.234107 -0.128211 0.778030 0.615005 0.694269 -0.319228 0.645046 
						0.952324 0.169858 0.253430 -0.797583 0.198681 -0.569550 -0.345952 0.577720 -0.739295 0.476525 -0.519539 -0.709227 -0.018494 -0.840783 -0.541056 -0.128211 0.778030 0.615005 0.423729 0.875013 0.234107 0.291258 0.753117 -0.589902 -0.345952 0.577720 -0.739295 0.476525 -0.519539 -0.709227 0.819839 0.047963 -0.570582 0.952324 0.169858 0.253430 0.694269 -0.319228 0.645046 -0.797583 0.198681 -0.569550 -0.592406 0.387417 0.706373 0.501920 -0.456034 0.734921 0.643844 -0.424954 -0.636302 -0.797583 0.198681 -0.569550 -0.951932 -0.266604 -0.150821 -0.846531 -0.169666 0.504577 -0.592406 0.387417 0.706373 -0.592406 0.387417 0.706373 -0.846531 -0.169666 0.504577 -0.413860 -0.746927 0.520403 0.186682 -0.652048 0.734836 0.423729 0.875013 0.234107 0.291258 0.753117 -0.589902 -0.519282 -0.843872 -0.135003 -0.413860 -0.746927 0.520403 0.186682 -0.652048 0.734836 -0.413860 -0.746927 0.520403 -0.519282 -0.843872 -0.135003 -0.018494 -0.840783 -0.541056 -0.868468 -0.326171 -0.373331 -0.512955 -0.546711 -0.661804 0.227258 -0.876335 0.424725 -0.110179 -0.663846 0.739708 0.582731 0.517951 0.626221 -0.057875 0.632948 0.772028 -0.512758 -0.142903 0.846556 -0.110179 -0.663846 0.739708 0.906619 0.282453 0.313469 0.227258 -0.876335 0.424725 0.582731 0.517951 0.626221 -0.175592 0.855642 -0.486871 -0.531186 0.843724 0.077277 -0.057875 0.632948 0.772028 -0.512758 -0.142903 0.846556 -0.986079 0.067866 0.151797 0.906619 0.282453 0.313469 0.166393 0.612088 -0.773086 0.166393 0.612088 -0.773086 0.906619 0.282453 0.313469 0.983364 -0.077220 -0.164416 0.520231 0.129021 -0.844224 0.536958 -0.838655 -0.091296 0.227258 -0.876335 0.424725 0.166393 0.612088 -0.773086 -0.512955 -0.546711 -0.661804 -0.868468 -0.326171 -0.373331 -0.175592 0.855642 -0.486871 -0.986079 0.067866 0.151797 -0.512758 -0.142903 0.846556 0.983364 -0.077220 -0.164416 
						0.536958 -0.838655 -0.091296 0.073844 -0.632394 -0.771119 0.520231 0.129021 -0.844224 0.227258 -0.876335 0.424725 -0.512955 -0.546711 -0.661804 0.073844 -0.632394 -0.771119 0.536958 -0.838655 -0.091296 0.223984 0.694874 0.683360 -0.429087 0.783300 0.449806 -0.871590 0.099166 0.480101 -0.513296 -0.445025 0.733812 0.579597 0.381689 -0.719987 -0.138466 -0.728606 -0.670791 -0.654673 -0.414062 -0.632421 0.082603 0.725832 -0.682895 0.223984 0.694874 0.683360 0.082603 0.725832 -0.682895 -0.508419 0.800676 -0.316904 -0.429087 0.783300 0.449806 -0.654673 -0.414062 -0.632421 -0.513296 -0.445025 0.733812 -0.871590 0.099166 0.480101 -0.950935 0.116543 -0.286600 0.223984 0.694874 0.683360 0.716475 0.351719 0.602460 0.579597 0.381689 -0.719987 0.082603 0.725832 -0.682895 0.951010 -0.116934 0.286193 0.871723 -0.099579 -0.479774 0.508917 -0.800531 0.316470 0.951010 -0.116934 0.286193 0.716475 0.351719 0.602460 -0.001587 -0.758568 0.651591 -0.950935 0.116543 -0.286600 -0.871590 0.099166 0.480101 0.951010 -0.116934 0.286193 0.508917 -0.800531 0.316470 0.429615 -0.783173 -0.449523 0.871723 -0.099579 -0.479774 -0.001587 -0.758568 0.651591 -0.138466 -0.728606 -0.670791 -0.138466 -0.728606 -0.670791 -0.001587 -0.758568 0.651591 -0.500708 -0.494224 -0.710657 0.004492 -0.835818 -0.548989 -0.202208 -0.645694 0.736336 -0.716557 -0.295659 0.631769 0.098983 0.792352 0.601981 -0.448913 0.868789 0.209007 -0.954087 0.194878 0.227464 -0.716557 -0.295659 0.631769 0.581978 0.400583 0.707697 -0.202208 -0.645694 0.736336 0.098983 0.792352 0.601981 0.314830 0.593785 -0.740474 -0.323201 0.753102 -0.573043 -0.448913 0.868789 0.209007 -0.954087 0.194878 0.227464 -0.828351 0.079188 -0.554584 0.098983 0.792352 0.601981 0.581978 0.400583 0.707697 0.788679 0.210455 -0.577662 0.314830 0.593785 -0.740474 0.694269 -0.319228 0.645046 
						0.476525 -0.519539 -0.709227 0.845090 -0.160126 0.510081 0.952681 -0.259087 -0.158975 0.404453 -0.748018 0.526201 0.845090 -0.160126 0.510081 0.788679 0.210455 -0.577662 0.004492 -0.835818 -0.548989 -0.500708 -0.494224 -0.710657 0.314830 0.593785 -0.740474 -0.828351 0.079188 -0.554584 -0.954087 0.194878 0.227464 0.845090 -0.160126 0.510081 0.404453 -0.748018 0.526201 0.512053 -0.846987 -0.142881 0.952681 -0.259087 -0.158975 -0.202208 -0.645694 0.736336 0.004492 -0.835818 -0.548989 0.838094 0.522647 -0.156329 0.925713 0.126282 0.356523 0.687587 -0.706358 0.168173 0.471072 -0.760661 -0.446639 -0.494131 0.767784 0.407850 -0.857007 -0.500949 0.120787 -0.533430 -0.686272 0.494452 -0.166422 0.597031 0.784766 -0.166422 0.597031 0.784766 0.307225 0.172082 0.935949 -0.533430 -0.686272 0.494452 0.471072 -0.760661 -0.446639 0.687587 -0.706358 0.168173 0.069097 -0.660556 0.747590 0.838094 0.522647 -0.156329 0.496828 0.694398 -0.520551 -0.494131 0.767784 0.407850 -0.166422 0.597031 0.784766 -0.083041 0.656738 -0.749533 -0.688971 0.701601 -0.181866 -0.317009 -0.161241 -0.934616 -0.083041 0.656738 -0.749533 0.496828 0.694398 -0.520551 0.133933 -0.574324 -0.807597 0.838094 0.522647 -0.156329 0.471072 -0.760661 -0.446639 0.307225 0.172082 0.935949 0.069097 -0.660556 0.747590 0.687587 -0.706358 0.168173 0.925713 0.126282 0.356523 -0.922941 -0.116372 -0.366930 -0.688971 0.701601 -0.181866 0.133933 -0.574324 -0.807597 -0.857007 -0.500949 0.120787 -0.922941 -0.116372 -0.366930 -0.317009 -0.161241 -0.934616 -0.857007 -0.500949 0.120787 0.133933 -0.574324 -0.807597 -0.828351 0.079188 -0.554584 -0.323201 0.753102 -0.573043 0.952681 -0.259087 -0.158975 0.512053 -0.846987 -0.142881 -0.950935 0.116543 -0.286600 -0.508419 0.800676 -0.316904 0.871723 -0.099579 -0.479774 0.429615 -0.783173 -0.449523 -0.868468 -0.326171 -0.373331 
						-0.688971 0.701601 -0.181866 -0.494131 0.767784 0.407850 0.260971 0.730802 0.630731 0.692244 -0.124186 0.710898 0.258749 0.813909 -0.520193 0.843436 -0.345289 -0.411572 0.479778 0.807193 -0.343880 0.946190 0.086096 -0.311950 -0.395474 -0.788719 -0.470661 -0.861879 -0.067552 -0.502594 0.291258 0.753117 -0.589902 0.819839 0.047963 -0.570582 -0.018494 -0.840783 -0.541056 0.466435 -0.884053 -0.029802 0.496979 -0.819432 -0.285557 0.387125 -0.921666 -0.025805 0.386220 -0.922196 -0.019692 0.474502 -0.879736 -0.030213 0.494352 -0.865945 -0.075859 0.386855 -0.921830 -0.023926 0.384987 -0.922697 -0.020386 0.500564 -0.846701 0.180370 0.389072 -0.921083 -0.015136 0.547767 -0.834894 -0.053882 0.390647 -0.920203 -0.024938 0.499282 -0.860375 0.102337 0.469451 -0.875720 0.112824 0.389869 -0.920769 -0.013652 0.394824 -0.918647 -0.014185 0.566475 -0.823847 -0.019549 0.546595 -0.832325 0.092023 0.395443 -0.918307 -0.018355 0.394262 -0.918718 -0.022692 0.537401 -0.828824 0.155726 0.393225 -0.919322 -0.014848 0.464461 -0.883176 0.065387 0.474502 -0.879736 -0.030213 0.384987 -0.922697 -0.020386 0.386090 -0.922318 -0.016237 0.487342 -0.835536 -0.253726 0.450917 -0.879135 -0.154257 0.396798 -0.917459 -0.028637 0.391568 -0.919674 -0.029563 0.491280 -0.870303 -0.034884 0.508726 -0.860747 0.017687 0.398765 -0.916875 -0.018067 0.399662 -0.916352 -0.023836 0.389869 -0.920769 -0.013652 0.386090 -0.922318 -0.016237 0.377727 -0.925527 -0.026869 0.396798 -0.917459 -0.028637 0.399662 -0.916352 -0.023836 0.386220 -0.922196 -0.019692 0.387125 -0.921666 -0.025805 0.384987 -0.922697 -0.020386 0.386855 -0.921830 -0.023926 0.389072 -0.921083 -0.015136 0.390647 -0.920203 -0.024938 0.394824 -0.918647 -0.014185 0.394262 -0.918718 -0.022692 0.395443 -0.918307 -0.018355 0.393225 -0.919322 -0.014848 0.391568 -0.919674 -0.029563 0.398765 -0.916875 -0.018067 
						-0.878256 -0.460844 0.127629 -0.757713 -0.432341 0.488828 -0.805286 -0.354248 0.475418 -0.950876 -0.255445 0.174878 -0.097101 -0.983536 -0.152410 0.015327 -0.993024 -0.116911 -0.134288 -0.981354 -0.137514 -0.849015 -0.524959 -0.059931 -0.868317 -0.495730 0.016647 -0.966610 -0.247621 0.065946 -0.970920 -0.238673 -0.018716 -0.309889 -0.054018 -0.949237 -0.716541 -0.336421 -0.611056 -0.783565 -0.162238 -0.599754 -0.291072 -0.085284 -0.952892 -0.000000 -0.992186 -0.124764 -0.000000 -0.991681 -0.128719 0.017551 -0.991656 -0.127714 0.017126 -0.991993 -0.125127 0.000001 0.032801 -0.999462 0.000001 -0.015637 -0.999878 -0.000000 -0.993355 -0.115089 0.000000 -0.994530 -0.104455 -0.794181 -0.565076 -0.223529 -0.956224 -0.193498 -0.219531 -0.000000 -0.982113 -0.188293 -0.030386 -0.979537 -0.198957 -0.196770 -0.355382 -0.913775 -0.620996 -0.386446 -0.681926 -0.604888 -0.298800 -0.738125 -0.197531 -0.140809 -0.970131 -0.328068 -0.382179 0.863892 -0.353617 -0.494270 0.794136 -0.000000 0.005745 -0.999983 -0.256844 -0.083889 -0.962805 -0.238446 -0.319627 -0.917051 0.000000 -0.305080 -0.952327 -0.373565 -0.734438 0.566612 -0.354336 -0.809325 0.468444 -0.703381 -0.619053 0.349327 -0.947752 -0.014377 -0.318683 -0.977912 -0.042037 -0.204748 -0.969371 -0.137526 -0.203483 -0.930487 -0.159972 -0.329550 -0.746860 -0.112464 -0.655402 -0.696146 -0.263535 -0.667781 -0.774965 -0.380033 0.504980 -0.900346 -0.402685 0.164991 -0.965269 -0.157918 0.208128 -0.944482 -0.325294 0.046241 0.000000 -0.849625 0.527388 0.000001 -0.882256 0.470770 -0.991707 -0.126381 -0.023342 -0.983792 -0.158107 0.084586 -0.977502 -0.198178 -0.072218 -0.139088 -0.982870 -0.120920 -0.137069 -0.984168 -0.112359 -0.036726 -0.996492 -0.075195 -0.127046 -0.986753 -0.100887 -0.115242 -0.990513 -0.074857 -0.139556 -0.975070 -0.172518 -0.000000 -0.364841 0.931070 -0.000001 -0.506064 0.862496 0.024568 -0.989577 -0.141896 
						-0.082527 -0.987252 -0.136098 -0.235403 -0.951121 -0.199886 -0.416501 -0.759563 -0.499591 -0.381792 -0.921646 -0.069303 -0.440449 -0.897777 -0.000739 -0.249265 -0.829812 0.499278 0.000001 -0.840183 0.542303 -0.326527 -0.934339 -0.142794 -0.344886 -0.933189 -0.101053 -0.801703 -0.506888 -0.316761 -0.000000 -0.626897 -0.779102 -0.182923 -0.632051 -0.753028 -0.457939 -0.848327 0.265767 -0.924243 -0.167086 -0.343303 -0.101242 -0.993252 -0.056570 -0.000000 -0.983613 -0.180290 0.000000 -0.999769 0.021501 0.379344 -0.924014 -0.047925 -0.831410 -0.389343 -0.396446 -0.792148 -0.495133 -0.356854 -0.722137 -0.559441 -0.406870 -0.760608 -0.390545 -0.518604 -0.811004 -0.570458 0.129805 -0.693000 -0.650946 0.309870 -0.626967 -0.746362 0.223283 -0.767636 -0.626064 0.137033 0.000000 -0.344711 -0.938709 0.000000 -0.078876 -0.996884 -0.857895 -0.490452 -0.153206 -0.756284 -0.626343 -0.189023 -0.444207 -0.786843 0.428436 -0.000000 -0.908433 0.418031 -0.000000 -0.993694 0.112130 -0.833159 -0.553021 0.003733 -0.804288 -0.594233 0.002698 -0.956224 -0.193498 -0.219531 -0.970920 -0.238673 -0.018716 -0.966610 -0.247621 0.065946 -0.353617 -0.494270 0.794136 -0.000001 -0.506064 0.862496 -0.950876 -0.255445 0.174878 -0.805286 -0.354248 0.475418 -0.291072 -0.085284 -0.952892 -0.783565 -0.162238 -0.599754 -0.924243 -0.167086 -0.343303 0.000001 -0.015637 -0.999878 -0.365111 -0.817983 0.444521 0.000001 -0.888524 0.458831 -0.181545 -0.103385 -0.977933 -0.529366 -0.216083 -0.820414 -0.581840 -0.540311 -0.607887 -0.322095 -0.565542 -0.759221 -0.862217 -0.461448 -0.208919 -0.851195 -0.523098 -0.042841 -0.898764 -0.414938 -0.141595 -0.902142 -0.354133 -0.246433 -0.715069 -0.620551 -0.321859 -0.843967 -0.338238 -0.416310 -0.847697 -0.485254 -0.214331 -0.721374 -0.663516 -0.198408 -0.780794 -0.617439 -0.095547 -0.839127 -0.525322 -0.141081 -0.797827 -0.393540 -0.456725 0.000001 -0.063849 -0.997959 
						0.000001 -0.623393 -0.781909 -0.406855 -0.856892 -0.316550 -0.769894 -0.637967 -0.016173 -0.731390 -0.328275 -0.597749 -0.864269 -0.486275 -0.128743 -0.438034 -0.294450 -0.849367 -0.719562 -0.543969 -0.431658 -0.896786 -0.380356 -0.226062 0.262213 -0.539029 -0.800433 0.648767 -0.454481 -0.610367 0.555629 -0.546158 -0.626888 0.326764 -0.446962 -0.832736 -0.842000 -0.525356 -0.122626 -0.922378 -0.347532 -0.168645 -0.948796 -0.300794 -0.096482 -0.946880 -0.298134 -0.120556 -0.957368 -0.284302 -0.051173 -0.936604 -0.349799 0.020326 -0.869849 -0.463749 0.168224 -0.939385 -0.339802 0.045724 -0.627564 -0.689631 0.361348 -0.724143 -0.683623 0.090976 0.337206 -0.928972 -0.152655 0.093329 -0.856587 -0.507491 -0.981640 -0.169942 -0.086623 -0.960770 -0.245611 0.128824 -0.735209 -0.675245 -0.059255 0.459130 -0.888259 0.013977 -0.513620 -0.747801 -0.420700 -0.301491 -0.853559 -0.424901 -0.531214 -0.639920 0.555261 -0.258822 -0.703999 0.661359 -0.800381 -0.546738 0.245902 -0.652320 -0.696544 0.298839 -0.593388 -0.736400 0.324970 -0.741853 -0.570287 0.352741 -0.902842 -0.381420 0.198482 -0.837138 -0.410112 0.361950 -0.608841 -0.593504 0.526371 -0.589845 -0.731480 0.342082 -0.528353 -0.732737 0.428882 -0.515019 -0.576492 0.634360 -0.611516 -0.409503 0.677020 -0.482084 -0.406004 0.776373 -0.785720 -0.461617 0.411768 -0.537363 -0.647684 0.540135 -0.559882 -0.769561 0.307095 -0.672233 -0.591896 0.444704 -0.728968 -0.413425 0.545605 -0.584590 -0.748668 0.312653 -0.411001 -0.789609 0.455626 -0.400570 -0.627451 0.667719 -0.352094 -0.429687 0.831504 -0.572515 -0.744124 0.344246 -0.594759 -0.746467 0.298410 -0.537220 -0.767968 0.348740 -0.390869 -0.838916 0.378736 -0.624774 -0.727292 0.284083 -0.516642 -0.750331 0.412414 -0.245725 -0.677059 -0.693693 -0.521920 -0.787073 0.328809 -0.372709 -0.853691 0.363730 -0.590406 -0.737161 0.328656 -0.581881 -0.761262 0.286171 
						-0.563740 -0.776025 0.282811 -0.525911 -0.795856 0.300052 -0.365255 -0.864515 0.345258 -0.620676 -0.643612 0.447800 -0.585422 -0.753540 0.299094 -0.040559 -0.993311 -0.108109 0.012492 -0.994030 -0.108387 0.001337 -0.989689 -0.143229 -0.016516 -0.995335 -0.095052 -0.000000 -0.988252 -0.152831 -0.057196 -0.990307 -0.126571 -0.058045 -0.991388 -0.117394 -0.026371 -0.989413 -0.142710 0.000000 -0.998640 -0.052131 -0.258187 -0.754515 0.603362 -0.019801 -0.814189 0.580263 -0.195252 -0.918227 0.344581 -0.566246 -0.735624 0.371783 -0.558223 -0.730654 0.393106 -0.377714 -0.564894 -0.733639 -0.413098 -0.547706 -0.727577 0.037073 -0.292279 0.955614 -0.200849 -0.253962 0.946131 -0.241881 -0.297008 0.923731 -0.026408 -0.441295 0.896973 -0.518298 -0.763356 0.385556 -0.316914 -0.599280 -0.735139 -0.264880 -0.459264 0.847888 -0.305014 -0.701554 0.644040 -0.199081 -0.785611 0.585817 -0.141222 -0.908348 0.393649 -0.000001 -0.919172 0.393855 -0.000002 -0.857087 0.515171 -0.108866 -0.924844 0.364434 -0.000000 -0.934133 0.356926 -0.100763 -0.925712 0.364560 -0.000000 -0.933430 0.358760 -0.068476 -0.948917 0.308007 0.000001 -0.952451 0.304690 0.151855 -0.920422 0.360226 -0.230276 -0.897498 0.376126 -0.255958 -0.889906 0.377561 -0.292897 -0.852764 0.432440 -0.000002 -0.654767 0.755831 -0.215025 -0.550745 0.806501 0.860098 -0.493971 -0.127374 0.542244 -0.523505 0.657202 0.526522 -0.573901 0.627226 0.728489 -0.682440 -0.059838 -0.208771 -0.941534 -0.264441 0.009846 -0.998057 -0.061518 -0.055068 -0.960952 0.271179 -0.588410 -0.754013 -0.291955 -0.680561 -0.732300 0.023950 -0.304809 -0.804554 0.509691 -0.334261 -0.804520 0.490935 -0.000000 -0.831218 0.555947 -0.433199 -0.750756 0.498702 -0.906965 -0.406894 -0.108866 -0.922071 -0.379332 -0.076761 -0.677747 -0.654397 0.335297 -0.625623 -0.575325 0.526874 -0.537416 -0.636634 0.553065 -0.759449 -0.614736 0.212926 
						-0.907394 -0.420193 -0.008614 -0.852722 -0.510908 0.108808 -0.709634 -0.672026 -0.211660 -0.513620 -0.747801 -0.420700 -0.258822 -0.703999 0.661359 0.172524 -0.924321 0.340391 0.000001 -0.986473 0.163922 -0.349125 -0.880198 0.321502 -0.466922 -0.641659 -0.608488 -0.500146 -0.674771 0.542713 -0.044135 -0.934658 -0.352798 -0.668879 -0.702024 0.244465 -0.871012 -0.203928 -0.446935 0.379344 -0.924014 -0.047925 0.000000 -0.999769 0.021501 -0.148942 -0.967619 0.203788 -0.380952 -0.611150 -0.693810 -0.483481 -0.670952 0.562200 -0.511962 -0.679504 0.525518 -0.240713 -0.265894 0.933465 -0.242865 -0.255989 0.935674 -0.253573 -0.281967 0.925308 -0.238845 -0.278533 0.930254 -0.989488 0.129367 -0.064633 -0.873236 0.089907 -0.478932 -0.881403 -0.093997 -0.462919 -0.996314 -0.055751 -0.065195 -0.368343 -0.202714 0.907320 -0.736066 -0.047289 0.675255 -0.724287 -0.116894 0.679517 -0.368746 -0.241505 0.897609 0.063417 -0.219380 -0.973576 0.038287 -0.398158 -0.916518 0.229738 -0.355914 0.905840 0.178323 -0.496118 0.849746 -0.971470 0.106012 0.212149 -0.976787 -0.084206 0.196967 -0.144554 -0.911433 -0.385219 -0.594323 -0.618087 0.514538 -0.330891 -0.057237 -0.941932 -0.407402 -0.234762 -0.882559 -0.330891 -0.057237 -0.941932 -0.407402 -0.234762 -0.882559 -0.857140 -0.511591 0.059871 -0.760229 -0.469560 0.448960 -0.267863 -0.353970 -0.896078 -0.332701 -0.331109 -0.882993 -0.628404 -0.454672 0.631175 -0.468880 -0.483023 0.739487 -0.500747 -0.489193 -0.714102 -0.684617 -0.506188 -0.524475 -0.301906 -0.512608 -0.803794 -0.103954 -0.700373 0.706167 0.376439 -0.859770 0.345092 -0.386408 -0.677832 -0.625486 0.291636 -0.955842 -0.036247 0.385587 -0.906980 -0.169440 0.112106 -0.835125 -0.538515 -0.309552 -0.699685 -0.643909 -0.103954 -0.700373 0.706167 0.262213 -0.539029 -0.800433 0.063417 -0.219380 -0.973576 -0.330891 -0.057237 -0.941932 -0.873236 0.089907 -0.478932 
						-0.989488 0.129367 -0.064633 -0.971470 0.106012 0.212149 -0.736066 -0.047289 0.675255 -0.368343 -0.202714 0.907320 -0.200849 -0.253962 0.946131 0.037073 -0.292279 0.955614 -0.240713 -0.265894 0.933465 -0.242865 -0.255989 0.935674 0.648767 -0.454481 -0.610367 0.229738 -0.355914 0.905840 0.542244 -0.523505 0.657202 0.860098 -0.493971 -0.127374 0.860098 -0.493971 -0.127374 -0.307845 -0.747411 0.588735 -0.410230 -0.689909 0.596437 -0.960930 -0.262244 -0.088554 -0.933768 -0.340179 -0.111156 -0.896434 -0.315818 -0.310910 -0.816290 -0.470504 -0.335107 -0.762988 -0.470657 -0.443093 -0.551745 -0.497604 0.669304 -0.633776 -0.421825 0.648376 -0.732359 -0.430440 0.527609 -0.816605 -0.473817 0.329626 -0.262295 -0.716099 0.646841 -0.862392 -0.495191 -0.105192 -0.882596 -0.429259 -0.191729 -0.924462 -0.348184 0.155366 -0.959225 -0.282518 -0.008397 -0.000001 -0.784199 0.620509 -0.906899 -0.120010 -0.403895 -0.829642 -0.027297 -0.557628 -0.596027 -0.037979 0.802065 -0.755413 -0.030819 0.654523 -0.716499 0.010564 -0.697508 -0.299043 -0.149381 0.942475 -0.480021 -0.073574 0.874166 -0.953118 -0.143585 -0.266362 -0.989007 -0.082511 -0.122704 -0.978641 -0.121132 -0.166101 -0.999882 -0.014107 -0.006096 -0.994606 -0.045227 -0.093350 -0.000002 -0.147776 0.989021 -0.114204 -0.152692 0.981653 -0.980052 0.000000 0.198742 -0.160675 -0.168278 0.972556 -0.898261 -0.011889 0.439301 -0.648249 -0.422774 -0.633274 -0.465431 -0.455923 -0.758622 -0.253159 -0.568972 -0.782420 0.000002 -0.664400 -0.747377 -0.578753 0.005137 -0.815487 -0.370826 0.000000 -0.928702 -0.161019 0.000000 -0.986951 0.000000 -0.000000 -1.000000 0.510595 0.015618 0.859679 0.064037 -0.726169 0.684527 0.226792 -0.971095 0.074435 0.920412 0.181061 0.346494 -0.204846 0.959648 -0.192649 -0.876233 -0.155652 -0.456058 -0.962347 -0.257919 0.085824 -0.268759 0.894254 0.357880 0.920412 0.181061 0.346494 
						-0.214487 0.450496 0.866631 0.510595 0.015618 0.859679 -0.962347 -0.257919 0.085824 0.226792 -0.971095 0.074435 0.064037 -0.726169 0.684527 -0.661053 -0.291299 0.691487 0.940248 0.272895 -0.203623 0.220495 -0.974341 0.045178 -0.963803 -0.248624 0.096280 -0.902858 -0.150623 -0.402691 0.248886 -0.856389 -0.452387 0.622032 0.288808 -0.727781 -0.048379 0.690871 -0.721357 0.940248 0.272895 -0.203623 0.268840 -0.842381 -0.467033 0.204870 -0.404161 -0.891449 0.622032 0.288808 -0.727781 0.920412 0.181061 0.346494 0.226792 -0.971095 0.074435 0.510595 0.015618 0.859679 -0.214487 0.450496 0.866631 -0.661053 -0.291299 0.691487 0.064037 -0.726169 0.684527 -0.048379 0.690871 -0.721357 0.622032 0.288808 -0.727781 0.204870 -0.404161 -0.891449 -0.465546 -0.002101 -0.885021 0.268840 -0.842381 -0.467033 -0.876233 -0.155652 -0.456058 -0.465546 -0.002101 -0.885021 0.204870 -0.404161 -0.891449 0.679978 0.076266 0.729256 0.380431 -0.727434 0.571062 0.446176 -0.893838 -0.044507 0.912239 0.356600 0.201635 0.879710 0.460073 -0.120180 -0.421672 0.873630 0.242822 -0.347799 0.757036 0.553112 0.912239 0.356600 0.201635 -0.087409 0.320138 0.943330 0.679978 0.076266 0.729256 -0.813839 -0.493402 0.306953 0.446176 -0.893838 -0.044507 0.380431 -0.727434 0.571062 -0.386972 -0.483581 0.785113 -0.905420 -0.424327 -0.012729 0.395951 -0.837884 -0.375730 0.395951 -0.837884 -0.375730 0.879710 0.460073 -0.120180 -0.447409 0.894095 -0.020475 0.784072 0.502747 -0.363972 0.396308 0.485428 -0.779294 -0.383146 0.733140 -0.561877 0.784072 0.502747 -0.363972 0.326236 -0.725616 -0.605847 0.092695 -0.329203 -0.939698 0.396308 0.485428 -0.779294 -0.347799 0.757036 0.553112 -0.421672 0.873630 0.242822 -0.905420 -0.424327 -0.012729 -0.813839 -0.493402 0.306953 0.679978 0.076266 0.729256 -0.087409 0.320138 0.943330 -0.386972 -0.483581 0.785113 
						0.380431 -0.727434 0.571062 -0.383146 0.733140 -0.561877 -0.686770 -0.081498 -0.722291 0.326236 -0.725616 -0.605847 -0.905213 -0.334299 -0.262361 -0.686770 -0.081498 -0.722291 0.092695 -0.329203 -0.939698 0.326236 -0.725616 -0.605847 0.784072 0.502747 -0.363972 -0.447409 0.894095 -0.020475 0.551828 0.006234 0.833935 0.081122 -0.749508 0.657006 0.220495 -0.974341 0.045178 0.934060 0.171231 0.313389 -0.205831 0.968428 -0.140645 -0.902858 -0.150623 -0.402691 -0.963803 -0.248624 0.096280 -0.250250 0.896952 0.364488 0.934060 0.171231 0.313389 -0.250250 0.896952 0.364488 -0.191670 0.461838 0.866007 0.551828 0.006234 0.833935 0.081122 -0.749508 0.657006 -0.662392 -0.293896 0.689102 0.934060 0.171231 0.313389 0.945935 0.262642 -0.190331 0.639078 0.293302 -0.711023 -0.072461 0.729304 -0.680342 0.945935 0.262642 -0.190331 0.248886 -0.856389 -0.452387 0.185912 -0.434233 -0.881407 0.639078 0.293302 -0.711023 0.934060 0.171231 0.313389 0.220495 -0.974341 0.045178 0.551828 0.006234 0.833935 -0.191670 0.461838 0.866007 -0.662392 -0.293896 0.689102 0.081122 -0.749508 0.657006 -0.072461 0.729304 -0.680342 0.639078 0.293302 -0.711023 0.185912 -0.434233 -0.881407 -0.525636 0.001772 -0.850708 -0.525636 0.001772 -0.850708 0.185912 -0.434233 -0.881407 0.568446 0.324191 0.756154 0.137184 -0.530801 0.836320 0.296893 -0.898677 0.322853 0.919166 0.334960 0.207208 -0.258746 0.813909 -0.520194 -0.843436 -0.345286 -0.411574 -0.948011 -0.288374 0.134597 -0.325759 0.945263 0.018951 0.919166 0.334960 0.207208 -0.325759 0.945263 0.018951 -0.260976 0.730801 0.630731 0.568446 0.324191 0.756154 0.296893 -0.898677 0.322853 0.137184 -0.530801 0.836320 -0.692249 -0.124190 0.710893 0.907213 0.242317 -0.343871 -0.258746 0.813909 -0.520194 -0.258746 0.813909 -0.520194 0.907213 0.242317 -0.343871 0.530746 0.056735 -0.845630 
						-0.063074 0.347838 -0.935431 0.907213 0.242317 -0.343871 0.322497 -0.916870 -0.235255 0.208387 -0.582375 -0.785757 0.530746 0.056735 -0.845630 0.568446 0.324191 0.756154 -0.260976 0.730801 0.630731 -0.692249 -0.124190 0.710893 0.137184 -0.530801 0.836320 0.208387 -0.582375 -0.785757 -0.385438 -0.291264 -0.875558 0.322497 -0.916870 -0.235255 -0.843436 -0.345286 -0.411574 -0.385438 -0.291264 -0.875558 0.208387 -0.582375 -0.785757 0.322497 -0.916870 -0.235255 -0.395475 0.788728 0.470646 -0.861884 0.067633 0.502575 -0.501923 -0.456033 0.734919 0.238739 0.689100 0.684211 0.552293 0.409674 -0.726044 -0.175407 -0.715525 -0.676207 -0.643844 -0.424953 -0.636302 0.096806 0.720168 -0.687013 0.238739 0.689100 0.684211 0.096806 0.720168 -0.687013 -0.479779 0.807192 -0.343878 -0.395475 0.788728 0.470646 -0.643844 -0.424953 -0.636302 -0.501923 -0.456033 0.734919 -0.861884 0.067633 0.502575 -0.946190 0.086095 -0.311950 0.096806 0.720168 -0.687013 0.238739 0.689100 0.684211 0.691115 0.379284 0.615226 0.552293 0.409674 -0.726044 0.946188 -0.086008 0.311978 0.861876 -0.067555 -0.502599 0.691115 0.379284 0.615226 -0.036584 -0.745919 0.665031 0.479792 -0.807170 0.343912 0.946188 -0.086008 0.311978 -0.946190 0.086095 -0.311950 -0.861884 0.067633 0.502575 0.861876 -0.067555 -0.502599 0.946188 -0.086008 0.311978 0.479792 -0.807170 0.343912 0.395467 -0.788722 -0.470664 -0.036584 -0.745919 0.665031 -0.175407 -0.715525 -0.676207 -0.175407 -0.715525 -0.676207 -0.036584 -0.745919 0.665031 -0.914427 0.377041 0.147186 -0.441728 -0.891276 -0.102487 -0.394527 -0.756214 0.522004 -0.715047 0.103876 0.691316 0.442989 0.893120 0.078086 0.364104 0.783327 0.503813 0.836780 -0.484992 0.254130 0.913517 -0.369349 -0.170494 -0.914427 0.377041 0.147186 -0.715047 0.103876 0.691316 0.114982 0.367634 0.922835 0.364104 0.783327 0.503813 
						0.836780 -0.484992 0.254130 0.435512 -0.492452 0.753538 -0.394527 -0.756214 0.522004 -0.441728 -0.891276 -0.102487 0.442989 0.893120 0.078086 -0.827121 0.489489 -0.276172 0.396324 0.759985 -0.515122 -0.442079 0.493565 -0.748973 -0.118746 -0.373973 -0.919806 -0.356589 -0.772968 -0.524751 -0.827121 0.489489 -0.276172 -0.442079 0.493565 -0.748973 0.114982 0.367634 0.922835 -0.715047 0.103876 0.691316 -0.394527 -0.756214 0.522004 0.435512 -0.492452 0.753538 -0.442079 0.493565 -0.748973 0.396324 0.759985 -0.515122 0.719660 -0.107532 -0.685949 -0.118746 -0.373973 -0.919806 -0.356589 -0.772968 -0.524751 -0.118746 -0.373973 -0.919806 0.719660 -0.107532 -0.685949 0.913517 -0.369349 -0.170494 -0.921402 0.162285 0.353104 -0.218082 -0.972582 0.080774 -0.056385 -0.701754 0.710184 -0.481695 -0.021547 0.876074 0.194542 0.957809 -0.211554 0.250519 0.879426 0.404785 0.958801 -0.251022 0.133001 0.874134 -0.133252 -0.467048 -0.921402 0.162285 0.353104 -0.481695 -0.021547 0.876074 0.179862 0.383898 0.905689 0.250519 0.879426 0.404785 0.958801 -0.251022 0.133001 0.603494 -0.297926 0.739618 -0.056385 -0.701754 0.710184 -0.218082 -0.972582 0.080774 0.194542 0.957809 -0.211554 -0.926934 0.270597 -0.259942 0.051110 0.675736 -0.735370 -0.578297 0.290064 -0.762520 -0.171020 -0.363784 -0.915649 -0.247316 -0.820456 -0.515448 -0.926934 0.270597 -0.259942 -0.578297 0.290064 -0.762520 0.179862 0.383898 0.905689 -0.481695 -0.021547 0.876074 -0.056385 -0.701754 0.710184 0.603494 -0.297926 0.739618 -0.578297 0.290064 -0.762520 0.051110 0.675736 -0.735370 0.458394 0.021888 -0.888480 -0.171020 -0.363784 -0.915649 -0.247316 -0.820456 -0.515448 0.874134 -0.133252 -0.467048 -0.247316 -0.820456 -0.515448 0.874134 -0.133252 -0.467048 -0.901040 0.168110 0.399831 -0.217654 -0.967090 0.131774 -0.044089 -0.680684 0.731249 -0.452869 -0.001630 0.891575 
						0.204326 0.958708 -0.197813 0.270327 0.870609 0.411051 0.953698 -0.264594 0.143005 0.874146 -0.153994 -0.460603 -0.901040 0.168110 0.399831 -0.452869 -0.001630 0.891575 0.202108 0.391171 0.897852 0.270327 0.870609 0.411051 0.953698 -0.264594 0.143005 0.610896 -0.287879 0.737517 -0.044089 -0.680684 0.731249 -0.217654 -0.967090 0.131774 0.204326 0.958708 -0.197813 -0.939096 0.272971 -0.208770 0.040867 0.673087 -0.738434 -0.602564 0.287208 -0.744599 -0.200092 -0.381375 -0.902506 -0.269251 -0.839721 -0.471564 -0.939096 0.272971 -0.208770 -0.602564 0.287208 -0.744599 0.202108 0.391171 0.897852 -0.452869 -0.001630 0.891575 -0.044089 -0.680684 0.731249 0.610896 -0.287879 0.737517 -0.602564 0.287208 -0.744599 0.040867 0.673087 -0.738434 0.443348 0.004504 -0.896338 -0.200092 -0.381375 -0.902506 -0.269251 -0.839721 -0.471564 0.874146 -0.153994 -0.460603 -0.269251 -0.839721 -0.471564 0.874146 -0.153994 -0.460603 0.868464 -0.326172 -0.373339 0.110172 -0.663849 0.739707 -0.227268 -0.876335 0.424720 0.512952 -0.546710 -0.661807 -0.582735 0.517951 0.626216 0.110172 -0.663849 0.739707 0.512753 -0.142904 0.846559 0.057874 0.632949 0.772028 -0.906621 0.282455 0.313460 -0.227268 -0.876335 0.424720 -0.582735 0.517951 0.626216 0.057874 0.632949 0.772028 0.531180 0.843728 0.077275 0.175583 0.855642 -0.486875 0.986079 0.067869 0.151797 0.512753 -0.142904 0.846559 -0.166395 0.612087 -0.773086 -0.906621 0.282455 0.313460 -0.520226 0.129021 -0.844227 -0.983363 -0.077215 -0.164420 -0.536963 -0.838651 -0.091300 -0.227268 -0.876335 0.424720 -0.906621 0.282455 0.313460 -0.983363 -0.077215 -0.164420 -0.166395 0.612087 -0.773086 0.175583 0.855642 -0.486875 0.868464 -0.326172 -0.373339 0.512952 -0.546710 -0.661807 0.531180 0.843728 0.077275 0.057874 0.632949 0.772028 0.512753 -0.142904 0.846559 0.986079 0.067869 0.151797 
						-0.520226 0.129021 -0.844227 -0.073838 -0.632395 -0.771119 -0.536963 -0.838651 -0.091300 -0.073838 -0.632395 -0.771119 -0.223987 0.694875 0.683358 0.513296 -0.445027 0.733811 0.871594 0.099163 0.480095 0.429095 0.783298 0.449802 -0.579597 0.381690 -0.719986 -0.082598 0.725832 -0.682895 0.654676 -0.414060 -0.632419 0.138468 -0.728606 -0.670790 -0.223987 0.694875 0.683358 0.429095 0.783298 0.449802 0.508419 0.800676 -0.316904 -0.082598 0.725832 -0.682895 0.654676 -0.414060 -0.632419 0.950936 0.116543 -0.286600 0.871594 0.099163 0.480095 0.513296 -0.445027 0.733811 -0.579597 0.381690 -0.719986 -0.716475 0.351717 0.602460 -0.871724 -0.099580 -0.479771 -0.951007 -0.116937 0.286201 -0.508908 -0.800534 0.316476 0.001585 -0.758568 0.651592 -0.716475 0.351717 0.602460 -0.951007 -0.116937 0.286201 0.508419 0.800676 -0.316904 0.429095 0.783298 0.449802 -0.951007 -0.116937 0.286201 -0.871724 -0.099580 -0.479771 -0.429618 -0.783174 -0.449519 -0.508908 -0.800534 0.316476 0.001585 -0.758568 0.651592 -0.508908 -0.800534 0.316476 -0.429618 -0.783174 -0.449519 0.138468 -0.728606 -0.670790 0.654676 -0.414060 -0.632419 0.513296 -0.445027 0.733811 -0.838095 0.522646 -0.156327 -0.471073 -0.760661 -0.446637 -0.687588 -0.706357 0.168170 -0.925714 0.126282 0.356519 0.494135 0.767784 0.407847 0.166432 0.597033 0.784762 0.533438 -0.686271 0.494445 0.857008 -0.500948 0.120782 -0.838095 0.522646 -0.156327 -0.925714 0.126282 0.356519 -0.307222 0.172084 0.935950 0.166432 0.597033 0.784762 0.533438 -0.686271 0.494445 -0.069093 -0.660558 0.747589 -0.687588 -0.706357 0.168170 -0.471073 -0.760661 -0.446637 0.494135 0.767784 0.407847 -0.496830 0.694398 -0.520548 0.688973 0.701600 -0.181863 0.083041 0.656739 -0.749532 0.317010 -0.161243 -0.934615 -0.133937 -0.574325 -0.807596 -0.496830 0.694398 -0.520548 0.083041 0.656739 -0.749532 
						-0.496830 0.694398 -0.520548 -0.133937 -0.574325 -0.807596 -0.307222 0.172084 0.935950 -0.925714 0.126282 0.356519 -0.687588 -0.706357 0.168170 -0.069093 -0.660558 0.747589 0.688973 0.701600 -0.181863 0.922942 -0.116372 -0.366927 -0.133937 -0.574325 -0.807596 0.317010 -0.161243 -0.934615 0.922942 -0.116372 -0.366927 0.857008 -0.500948 0.120782 0.508419 0.800676 -0.316904 0.950936 0.116543 -0.286600 -0.871724 -0.099580 -0.479771 -0.429618 -0.783174 -0.449519 0.175583 0.855642 -0.486875 0.868464 -0.326172 -0.373339 -0.520226 0.129021 -0.844227 -0.073838 -0.632395 -0.771119 0.202108 0.391171 0.897852 0.610896 -0.287879 0.737517 0.040867 0.673087 -0.738434 0.443348 0.004504 -0.896338 0.179862 0.383898 0.905689 0.603494 -0.297926 0.739618 0.051110 0.675736 -0.735370 0.458394 0.021888 -0.888480 0.114982 0.367634 0.922835 0.435512 -0.492452 0.753538 0.396324 0.759985 -0.515122 0.719660 -0.107532 -0.685949 0.166432 0.597033 0.784762 0.533438 -0.686271 0.494445 0.688973 0.701600 -0.181863 0.922942 -0.116372 -0.366927 -0.347799 0.757036 0.553112 -0.813839 -0.493402 0.306953 -0.383146 0.733140 -0.561877 -0.905213 -0.334299 -0.262361 0.326236 -0.725616 -0.605847 -0.191670 0.461838 0.866007 -0.662392 -0.293896 0.689102 -0.525636 0.001772 -0.850708 -0.661053 -0.291299 0.691487 -0.465546 -0.002101 -0.885021 -0.948011 -0.288374 0.134597 -0.692249 -0.124190 0.710893 -0.843436 -0.345286 -0.411574 -0.479779 0.807192 -0.343878 -0.946190 0.086095 -0.311950 0.861876 -0.067555 -0.502599 0.395467 -0.788722 -0.470664 -0.479998 -0.876849 -0.027154 -0.386221 -0.922196 -0.019692 -0.387123 -0.921667 -0.025805 -0.504317 -0.799880 -0.325355 -0.491367 -0.869815 -0.044505 -0.384986 -0.922697 -0.020386 -0.386853 -0.921831 -0.023926 -0.522575 -0.847806 -0.090224 -0.516356 -0.828739 0.215798 -0.389074 -0.921082 -0.015136 -0.390645 -0.920203 -0.024938 
						-0.587675 -0.806720 -0.061972 -0.535871 -0.833222 0.136320 -0.394825 -0.918647 -0.014185 -0.389869 -0.920769 -0.013652 -0.493911 -0.858627 0.137156 -0.612211 -0.790477 -0.018557 -0.394263 -0.918717 -0.022692 -0.395444 -0.918307 -0.018354 -0.586111 -0.802717 0.110089 -0.562471 -0.805243 0.187646 -0.393226 -0.919322 -0.014847 -0.481924 -0.873395 0.070217 -0.386090 -0.922318 -0.016237 -0.384986 -0.922697 -0.020386 -0.491367 -0.869815 -0.044505 -0.505263 -0.815075 -0.283483 -0.391566 -0.919675 -0.029564 -0.396797 -0.917460 -0.028638 -0.481841 -0.858287 -0.176559 -0.530482 -0.846659 -0.041905 -0.399662 -0.916353 -0.023836 -0.398767 -0.916874 -0.018067 -0.552248 -0.833073 0.031817 -0.389869 -0.920769 -0.013652 -0.377727 -0.925527 -0.026869 -0.386090 -0.922318 -0.016237 -0.396797 -0.917460 -0.028638 -0.399662 -0.916353 -0.023836 -0.386221 -0.922196 -0.019692 -0.387123 -0.921667 -0.025805 -0.384986 -0.922697 -0.020386 -0.386853 -0.921831 -0.023926 -0.389074 -0.921082 -0.015136 -0.390645 -0.920203 -0.024938 -0.394825 -0.918647 -0.014185 -0.394263 -0.918717 -0.022692 -0.395444 -0.918307 -0.018354 -0.393226 -0.919322 -0.014847 -0.391566 -0.919675 -0.029564 -0.398767 -0.916874 -0.018067 -0.310643 0.950498 0.007383 -0.879890 0.474857 0.017453 -0.887241 0.458809 0.047940 -0.317238 0.942510 0.105046 -0.305615 0.778249 0.548570 -0.430152 0.740555 0.516282 -0.413265 0.217996 0.884132 -0.651605 0.319941 0.687785 -0.000000 0.996549 0.083001 -0.175840 0.980324 0.089690 -0.183716 0.972133 0.145624 -0.000000 0.990406 0.138188 -0.189130 0.954150 0.232010 -0.000001 0.973328 0.229416 -0.000001 0.995560 -0.094126 -0.171087 0.980648 -0.095179 -0.171388 0.985203 0.000804 -0.000000 0.999997 -0.002223 -0.330341 0.929756 0.162568 -0.930214 0.361921 0.060959 -0.932482 0.352890 0.077108 -0.336561 0.911490 0.236458 -0.324194 0.825050 0.462807 -0.181990 0.900282 0.395439 
						-0.000001 0.915323 0.402721 -0.326075 0.863483 0.384802 -0.432098 0.844171 0.317280 -0.447269 0.781558 0.434876 -0.913737 0.406269 -0.005543 -0.829896 0.541649 -0.133749 -0.153824 0.843013 0.515429 -0.056748 0.795232 0.603643 -0.003702 0.234741 0.972051 -0.000107 0.839630 0.543159 -0.196305 0.796323 0.572131 0.370497 0.415120 0.830907 0.234099 0.260468 0.936672 -0.000311 0.993550 -0.113393 -0.178711 0.975618 -0.127406 -0.174527 0.973990 -0.144513 -0.000000 0.990039 -0.140791 -0.328542 0.930672 -0.160968 -0.461695 0.866886 -0.188007 -0.916476 0.399645 -0.018872 -0.313852 0.944084 -0.101007 -0.481757 0.844263 -0.234797 -0.953593 0.288143 0.087374 -0.960951 0.276272 -0.015704 -0.350326 0.921356 -0.168445 -0.400122 0.890206 -0.217799 -0.840350 0.410450 -0.354037 -0.851774 0.375854 -0.364986 -0.831743 0.316219 -0.456300 -0.824575 0.344996 -0.448390 -0.835130 0.476779 -0.274299 -0.300263 0.523740 -0.797206 -0.281971 0.434176 -0.855560 -0.851774 0.375854 -0.364986 -0.219959 0.374256 -0.900861 -0.831743 0.316219 -0.456300 -0.009365 0.720104 -0.693803 -0.923647 0.292548 0.247572 -0.953593 0.288143 0.087374 -0.105081 0.654780 -0.748479 -0.789754 0.573166 -0.218562 -0.772718 0.591416 -0.230506 -0.835130 0.476779 -0.274299 -0.829323 0.491729 -0.265381 -0.690809 0.682059 -0.239956 -0.024089 0.697832 -0.715857 -0.203525 0.621830 -0.756244 -0.772718 0.591416 -0.230506 -0.690267 0.690852 -0.215070 -0.612668 0.746495 -0.259584 -0.690809 0.682059 -0.239956 -0.741266 0.636937 -0.211745 -0.612668 0.746495 -0.259584 -0.009365 0.720104 -0.693803 -0.834927 -0.319907 -0.447835 -0.915413 -0.007115 -0.402454 -0.921821 0.027282 -0.386655 -0.856339 -0.276746 -0.435999 -0.810307 0.281991 -0.513696 -0.812443 0.270665 -0.516408 -0.819733 0.199248 -0.536972 -0.820691 0.188740 -0.539298 -0.183280 0.335470 -0.924050 -0.812443 0.270665 -0.516408 
						-0.197285 0.300320 -0.933213 -0.819733 0.199248 -0.536972 -0.920850 0.103087 -0.376043 -0.918611 0.176650 -0.353482 -0.650832 0.758855 -0.023574 -0.687911 0.724119 -0.049296 -0.889031 0.039132 -0.456172 -0.305029 0.226217 -0.925085 -0.311529 0.319077 -0.895064 -0.918611 0.176650 -0.353482 -0.006661 0.679089 -0.734026 -0.650832 0.758855 -0.023574 0.923198 -0.025011 0.383510 0.920042 -0.008236 0.391733 0.641349 0.766899 0.023180 0.281161 0.404906 0.870057 0.918954 -0.038142 0.392515 0.904442 0.188217 -0.382830 0.892778 0.298840 -0.337107 0.920042 -0.008236 0.391733 0.858325 0.413790 -0.303408 0.641349 0.766899 0.023180 -0.883978 -0.015230 -0.467280 -0.889031 0.039132 -0.456172 -0.850979 0.067338 -0.520864 -0.851559 0.103026 -0.514037 -0.248281 0.259314 -0.933334 -0.851559 0.103026 -0.514037 0.918381 -0.036408 0.394020 0.918954 -0.038142 0.392515 0.304579 0.861429 0.406414 0.334988 0.846267 0.414265 0.865402 0.239692 0.440032 0.848006 0.283368 0.447870 0.682438 0.564745 -0.464050 0.334988 0.846267 0.414265 0.902991 0.092218 -0.419646 0.865402 0.239692 0.440032 0.916087 0.002752 0.400970 0.920898 -0.031970 0.388490 0.903798 0.042410 -0.425853 0.920898 -0.031970 0.388490 -0.355714 -0.294007 0.887146 -0.936071 -0.129110 0.327264 -0.972279 0.191219 0.134571 -0.303938 0.386389 0.870818 -0.860203 0.337766 0.382055 0.531717 0.459941 0.711148 0.370497 0.415120 0.830907 -0.651605 0.319941 0.687785 -0.907614 0.270052 0.321417 -0.040511 0.473607 0.879804 -0.894687 0.186873 0.405726 -0.813327 0.089347 0.574906 -0.096632 0.138634 0.985618 -0.083811 0.306475 0.948182 -0.287687 -0.356047 0.889082 -0.901996 -0.206435 0.379194 -0.755726 -0.026172 0.654364 -0.072259 0.015523 0.997265 -0.356409 -0.529228 0.769994 -0.308672 -0.299646 0.902737 -0.898163 -0.174990 0.403337 -0.859797 -0.336165 0.384373 
						-0.730732 -0.066805 0.679388 -0.056219 -0.052610 0.997031 -0.059065 -0.117775 0.991282 -0.760379 -0.067748 0.645936 -0.800733 -0.147464 0.580586 -0.096487 -0.221120 0.970462 0.190474 0.419059 -0.887755 -0.515170 0.416418 -0.749130 -0.624377 0.418394 -0.659620 0.148939 0.476191 -0.866637 -0.184419 -0.316130 0.930619 -0.799465 -0.232569 0.553866 0.247920 0.332135 -0.910067 -0.419055 0.346401 -0.839285 0.138350 0.984642 -0.106483 -0.786722 0.584674 -0.198051 -0.482717 0.465733 -0.741671 0.340339 0.487984 -0.803767 0.127533 0.504457 -0.853966 -0.698576 0.422144 -0.577742 -0.340876 0.917798 -0.203595 0.589652 0.797449 -0.128007 -0.652312 0.555823 -0.515315 -0.303938 0.386389 0.870818 -0.972279 0.191219 0.134571 0.307418 0.296227 -0.904292 -0.415425 0.300959 -0.858397 0.470858 -0.342305 0.813093 -0.287687 -0.356047 0.889082 -0.355714 -0.294007 0.887146 0.418225 -0.295856 0.858811 -0.303938 0.386389 0.870818 0.643284 0.190409 0.741572 0.723840 0.333924 0.603780 -0.040511 0.473607 0.879804 -0.083811 0.306475 0.948182 0.744695 0.160263 0.647877 -0.096632 0.138634 0.985618 0.640580 0.079244 0.763791 0.531717 0.459941 0.711148 -0.072259 0.015523 0.997265 0.640474 0.005076 0.767963 -0.056219 -0.052610 0.997031 0.660323 -0.044672 0.749652 -0.059065 -0.117775 0.991282 0.655780 -0.101261 0.748130 -0.096487 -0.221120 0.970462 0.622517 -0.192694 0.758513 0.848367 0.132268 -0.512619 0.247920 0.332135 -0.910067 0.190474 0.419059 -0.887755 0.814914 0.190590 -0.547349 0.148939 0.476191 -0.866637 0.790663 0.220239 -0.571268 -0.184419 -0.316130 0.930619 0.556585 -0.287495 0.779462 0.138350 0.984642 -0.106483 0.941467 0.326508 0.083858 0.340339 0.487984 -0.803767 0.935381 0.157391 -0.316685 0.127533 0.504457 -0.853966 0.784482 0.232815 -0.574791 0.589652 0.797449 -0.128007 0.814747 0.325179 -0.480048 
						0.307418 0.296227 -0.904292 0.891115 0.092907 -0.444165 -0.256177 -0.283875 0.924007 -0.939006 0.106029 -0.327148 -0.810728 0.515586 -0.277291 -0.035516 -0.096481 0.994701 -0.257357 0.135056 0.956832 -0.719549 0.509900 -0.471435 -0.803320 0.383923 -0.455280 -0.349589 0.054625 0.935310 -0.725032 0.605460 -0.328250 -0.235638 0.212551 0.948313 -0.413265 0.217996 0.884132 -0.829896 0.541649 -0.133749 -0.890420 0.250436 -0.380046 -0.403022 -0.051763 0.913725 -0.928044 0.136841 -0.346423 -0.385795 -0.140851 0.911769 -0.938918 0.057822 -0.339248 -0.371139 -0.204002 0.905891 -0.160948 0.758723 -0.631216 0.400807 0.023375 0.915864 0.297087 0.379043 -0.876393 0.852054 0.037298 0.522124 0.338592 0.217809 -0.915377 0.940627 -0.063104 0.333526 0.368153 0.263189 -0.891737 0.941929 0.002153 0.335805 -0.934994 -0.016730 -0.354269 -0.364895 -0.285513 0.886191 -0.925087 -0.027356 -0.378768 -0.315369 -0.332868 0.888674 0.371614 0.331779 -0.867079 0.918535 0.092142 0.384451 0.171188 0.887314 -0.428215 0.665097 0.541809 0.513896 0.934966 -0.035961 0.352909 0.950628 -0.210060 0.228432 0.356009 0.187125 -0.915555 0.362611 0.283318 -0.887831 -0.137740 0.626421 -0.767218 -0.105081 0.654780 -0.748479 -0.259588 0.957493 -0.125781 0.316157 -0.088946 0.944528 0.406257 -0.301742 0.862500 0.409702 -0.324817 0.852431 -0.780743 -0.010121 0.624770 -0.201294 0.250416 0.946981 -0.984135 -0.087721 0.154218 -0.957728 -0.234662 0.166404 -0.915513 -0.335140 0.222526 0.407958 -0.305765 0.860278 0.377405 -0.228419 0.897435 -0.895443 -0.300952 0.328040 -0.965300 0.083077 0.247575 -0.982430 0.024563 0.185006 -0.906054 0.197498 0.374246 -0.882022 0.198068 0.427559 -0.898826 0.164323 0.406336 -0.935274 0.121341 0.332474 -0.102994 0.993988 -0.037147 0.046676 0.716928 -0.695583 -0.083488 0.697286 -0.711914 -0.018131 0.749175 -0.662124 
						-0.391072 -0.911105 0.130198 0.313881 -0.944080 0.100951 0.310852 -0.950429 -0.007502 -0.441431 -0.897293 0.002064 0.317422 -0.942434 -0.105174 -0.454447 -0.882587 -0.120490 0.305444 -0.778220 -0.548705 -0.157486 -0.907632 -0.389103 0.370959 -0.924289 0.089880 0.433734 -0.736355 -0.519285 -0.000291 -0.996545 -0.083051 -0.000319 -0.990415 -0.138125 0.183758 -0.972131 -0.145585 0.175875 -0.980311 -0.089765 -0.000345 -0.977701 -0.210003 0.190128 -0.958229 -0.213655 -0.000269 -0.995551 0.094227 -0.000274 -0.999997 0.002228 0.171413 -0.985199 -0.000817 0.171114 -0.980635 0.095264 0.330515 -0.929707 -0.162492 0.341692 -0.913070 -0.222598 -0.334117 -0.907297 -0.255300 -0.352380 -0.917957 -0.182162 0.327691 -0.816671 -0.475045 -0.000344 -0.945318 -0.326149 0.189181 -0.927200 -0.323281 -0.000297 -0.883044 -0.469290 0.178095 -0.870172 -0.459438 0.341307 -0.883979 -0.319515 0.327016 -0.835314 -0.441941 0.452700 -0.779527 -0.432898 0.437143 -0.841714 -0.316896 -0.192530 -0.843265 -0.501832 -0.013061 -0.585769 -0.810373 -0.000138 -0.827991 -0.560741 -0.001295 -0.996954 0.077987 0.056663 -0.795286 -0.603580 0.152492 -0.832540 -0.532563 0.356267 -0.934062 -0.024548 0.689613 -0.696408 -0.198618 0.196690 -0.796394 -0.571901 -0.000146 -0.993540 0.113485 -0.000276 -0.990038 0.140803 0.174565 -0.973983 0.144514 0.178888 -0.975611 0.127214 0.328359 -0.930784 0.160690 0.462099 -0.866582 0.188414 0.481431 -0.844511 0.234576 -0.210281 -0.932261 0.294400 -0.138883 -0.878879 0.456381 0.400518 -0.890090 0.217544 0.349846 -0.921566 0.168296 0.824557 -0.345016 0.448407 0.831715 -0.316211 0.456356 0.851760 -0.375787 0.365087 0.840360 -0.410452 0.354011 0.835245 -0.476622 0.274222 0.851760 -0.375787 0.365087 0.937360 -0.062144 -0.342776 0.898438 -0.122147 -0.421769 0.831715 -0.316211 0.456356 0.964585 -0.046584 -0.259625 0.644570 -0.643097 -0.413467 
						-0.138883 -0.878879 0.456381 -0.033791 -0.820396 0.570796 0.673145 -0.705590 0.221400 0.599654 -0.755460 0.263996 0.839125 -0.406255 -0.361700 0.829363 -0.491735 0.265244 0.835245 -0.476622 0.274222 0.773132 -0.591174 0.229740 0.789794 -0.573184 0.218371 0.690974 -0.681998 0.239654 0.773132 -0.591174 0.229740 0.874733 -0.208028 -0.437683 0.873249 -0.308050 -0.377546 0.741263 -0.636920 0.211804 0.690974 -0.681998 0.239654 0.839125 -0.406255 -0.361700 0.599654 -0.755460 0.263996 -0.466301 0.764970 -0.444278 -0.795974 0.432339 0.423685 0.820625 -0.188973 0.539317 0.819694 -0.199264 0.537024 0.812417 -0.270685 0.516438 0.810314 -0.282048 0.513654 0.812417 -0.270685 0.516438 0.978163 -0.033488 -0.205123 0.819694 -0.199264 0.537024 0.980909 0.019237 -0.193513 0.645971 -0.762983 0.024032 0.627171 -0.778834 -0.008554 0.916359 -0.218190 0.335678 0.925870 -0.141251 0.350447 0.889446 -0.040551 0.455238 0.916359 -0.218190 0.335678 0.937847 -0.028000 -0.345918 0.948450 0.129699 -0.289172 0.627171 -0.778834 -0.008554 0.688712 -0.481067 -0.542448 -0.920056 0.008240 -0.391700 -0.923171 0.025047 -0.383572 -0.919003 0.038071 -0.392409 -0.920056 0.008240 -0.391700 -0.395125 0.297507 -0.869118 -0.369385 0.231498 -0.899980 -0.466301 0.764970 -0.444278 -0.404257 0.392720 -0.826043 0.884635 0.014388 0.466062 0.889446 -0.040551 0.455238 0.851571 -0.102866 0.514048 0.850815 -0.067545 0.521106 0.851571 -0.102866 0.514048 0.969134 0.095298 -0.227369 -0.918340 0.036383 -0.394118 -0.919003 0.038071 -0.392409 -0.287190 -0.865391 -0.410634 -0.284960 -0.878416 -0.383644 -0.287190 -0.865391 -0.410634 -0.076187 -0.544887 -0.835041 -0.856339 -0.276746 -0.435999 -0.395627 -0.144186 -0.907023 -0.921821 0.027282 -0.386655 -0.370657 0.097267 -0.923662 0.363889 0.246805 -0.898149 0.319282 -0.431334 -0.843807 -0.353763 -0.300717 -0.885675 
						-0.332106 0.277228 -0.901582 0.689613 -0.696408 -0.198618 0.797180 -0.486551 -0.357453 -0.449006 -0.582775 -0.677324 -0.157486 -0.907632 -0.389103 0.074393 -0.298450 -0.951522 0.097164 -0.137552 -0.985717 0.105154 -0.136545 -0.985037 -0.401255 -0.236039 -0.885031 0.564220 -0.428594 -0.705665 -0.210401 -0.520071 -0.827803 -0.580877 -0.085396 -0.809500 0.287371 0.355705 -0.889321 -0.422878 0.343750 -0.838457 0.013604 -0.468280 -0.883475 -0.492017 0.300391 0.817120 0.441197 0.192662 0.876485 0.072416 -0.015541 -0.997253 0.056190 0.052585 -0.997034 -0.661771 0.014723 -0.749562 0.072223 -0.015092 -0.997274 -0.668881 -0.038780 -0.742357 0.058700 0.117456 -0.991342 0.096742 0.220780 -0.970514 -0.597046 0.205130 -0.775537 -0.629011 0.120415 -0.768014 -0.190450 -0.419574 0.887517 -0.148890 -0.476240 0.866618 -0.779564 -0.280710 0.559895 -0.852974 -0.204163 0.480368 0.184603 0.316300 -0.930525 -0.590226 0.272614 -0.759812 -0.248128 -0.332871 0.909741 -0.924587 -0.141355 0.353775 -0.103160 -0.993910 0.038742 -0.668222 -0.733428 -0.124750 -0.127717 -0.504361 0.853995 -0.716078 -0.308430 0.626182 -0.763716 -0.156032 0.626411 0.370497 0.415120 0.830907 0.878650 0.106823 -0.465363 0.892753 0.066146 -0.445664 0.363889 0.246805 -0.898149 0.287371 0.355705 -0.889321 0.776107 -0.437509 -0.454140 0.319282 -0.431334 -0.843807 0.727054 -0.450075 -0.518483 0.653095 -0.310366 -0.690753 0.074393 -0.298450 -0.951522 0.013604 -0.468280 -0.883475 0.761987 -0.137195 -0.632893 0.097164 -0.137552 -0.985717 0.764623 -0.028700 -0.643839 0.072416 -0.015541 -0.997253 0.753712 0.022758 -0.656811 0.056190 0.052585 -0.997034 0.760665 0.046446 -0.647481 0.058700 0.117456 -0.991342 0.788503 0.077927 -0.610075 0.096742 0.220780 -0.970514 0.519942 -0.293514 0.802190 0.563348 -0.373098 0.737182 -0.190450 -0.419574 0.887517 -0.248128 -0.332871 0.909741 
						0.589685 -0.442054 0.675914 -0.148890 -0.476240 0.866618 0.832328 0.102236 -0.544774 0.184603 0.316300 -0.930525 0.399759 -0.847007 0.350388 -0.103160 -0.993910 0.038742 0.365538 -0.479941 0.797520 -0.356409 -0.529228 0.769994 0.609332 -0.471560 0.637453 -0.127717 -0.504361 0.853995 0.653131 -0.362372 0.664911 0.441197 0.192662 0.876485 0.452458 -0.274517 0.848482 -0.308672 -0.299646 0.902737 0.771786 -0.634424 0.043033 0.236915 -0.157783 -0.958632 0.806823 -0.532478 0.255937 0.871792 -0.365614 0.326045 0.455190 -0.125192 -0.881549 0.398549 -0.295539 -0.868226 -0.013061 -0.585769 -0.810373 0.370959 -0.924289 0.089880 0.667350 -0.696096 0.264754 0.182242 -0.385036 -0.904729 0.896602 -0.227648 0.379844 0.395376 0.040011 -0.917647 0.921180 -0.127382 0.367697 0.358134 0.135797 -0.923742 0.928697 -0.054458 0.366819 0.340067 0.193893 -0.920196 0.017226 -0.973985 0.225957 -0.474613 -0.523916 -0.707287 -0.420242 -0.519293 0.744131 -0.917558 -0.145640 -0.369968 -0.329853 -0.268071 0.905171 -0.939960 0.012478 -0.341058 -0.307227 -0.272067 0.911916 -0.921092 -0.029348 -0.388238 0.919645 0.000969 0.392749 0.335985 0.255482 -0.906556 -0.327897 -0.308828 0.892810 -0.902071 -0.076561 -0.424742 -0.392307 0.155766 0.906550 -0.844782 0.526708 -0.094462 0.665097 0.541809 0.513896 0.171188 0.887314 -0.428215 0.644570 -0.643097 -0.413467 0.278938 -0.747662 -0.602657 0.260069 -0.957250 0.126636 -0.845465 -0.490094 0.212122 -0.894687 -0.325601 0.305810 -0.898486 -0.287776 0.331523 0.352091 -0.747036 0.563888 -0.399970 -0.890974 0.214915 0.148672 -0.363698 0.919576 0.217371 -0.330518 0.918427 0.317644 -0.289215 0.903026 -0.899643 -0.267566 0.345037 -0.897062 -0.193359 0.397356 0.428725 -0.367787 0.825184 0.185223 -0.433144 0.882088 0.148059 -0.388903 0.909303 0.188977 -0.712135 0.676130 0.246236 -0.620575 0.744483 
						0.253822 -0.551961 0.794300 0.229576 -0.493028 0.839177 0.103964 -0.993796 0.039499 0.125468 -0.657231 -0.743173 -0.014588 -0.777813 -0.628327 0.104173 -0.695992 -0.710453 0.370959 -0.924289 0.089880 -0.157486 -0.907632 -0.389103 0.125468 -0.657231 -0.743173 0.104173 -0.695992 -0.710453 0.278938 -0.747662 -0.602657 -0.334117 -0.907297 -0.255300 -0.192530 -0.843265 -0.501832 -0.013061 -0.585769 -0.810373 -0.454447 -0.882587 -0.120490 -0.352380 -0.917957 -0.182162 -0.391072 -0.911105 0.130198 -0.441431 -0.897293 0.002064 -0.138883 -0.878879 0.456381 -0.210281 -0.932261 0.294400 -0.105081 0.654780 -0.748479 0.644570 -0.643097 -0.413467 -0.795974 0.432339 0.423685 -0.897062 -0.193359 0.397356 -0.845465 -0.490094 0.212122 -0.898486 -0.287776 0.331523 -0.894687 -0.325601 0.305810 -0.899643 -0.267566 0.345037 0.356267 -0.934062 -0.024548 -0.001295 -0.996954 0.077987 -0.515170 0.416418 -0.749130 -0.419055 0.346401 -0.839285 -0.624377 0.418394 -0.659620 -0.786722 0.584674 -0.198051 -0.482717 0.465733 -0.741671 -0.698576 0.422144 -0.577742 -0.652312 0.555823 -0.515315 -0.415425 0.300959 -0.858397 0.644570 -0.643097 -0.413467 -0.939006 0.106029 -0.327148 -0.925087 -0.027356 -0.378768 -0.810728 0.515586 -0.277291 -0.803320 0.383923 -0.455280 -0.719549 0.509900 -0.471435 -0.890420 0.250436 -0.380046 -0.385795 -0.140851 0.911769 -0.371139 -0.204002 0.905891 -0.403022 -0.051763 0.913725 -0.349589 0.054625 0.935310 -0.257357 0.135056 0.956832 -0.235638 0.212551 0.948313 -0.413265 0.217996 0.884132 -0.928044 0.136841 -0.346423 -0.938918 0.057822 -0.339248 -0.364895 -0.285513 0.886191 -0.315369 -0.332868 0.888674 -0.160948 0.758723 -0.631216 0.297087 0.379043 -0.876393 0.400807 0.023375 0.915864 0.852054 0.037298 0.522124 -0.035516 -0.096481 0.994701 0.338592 0.217809 -0.915377 0.368153 0.263189 -0.891737 0.940627 -0.063104 0.333526 
						0.941929 0.002153 0.335805 -0.934994 -0.016730 -0.354269 -0.256177 -0.283875 0.924007 0.371614 0.331779 -0.867079 0.918535 0.092142 0.384451 -0.725032 0.605460 -0.328250 -0.829896 0.541649 -0.133749 -0.014588 -0.777813 -0.628327 0.310694 0.950481 0.007450 0.317251 0.942498 0.105117 0.905634 0.420970 0.051091 0.899800 0.436283 0.004114 0.305613 0.778249 0.548570 0.651606 0.319940 0.687784 0.413268 0.217994 0.884131 0.430151 0.740556 0.516282 0.183714 0.972133 0.145624 0.175840 0.980324 0.089690 0.189128 0.954150 0.232010 0.171389 0.985203 0.000803 0.171086 0.980648 -0.095179 0.330312 0.929762 0.162591 0.336561 0.911490 0.236458 0.919976 0.381810 0.088683 0.915676 0.395043 0.074024 0.324190 0.825051 0.462807 0.181988 0.900282 0.395439 0.326076 0.863482 0.384802 0.447272 0.781557 0.434875 0.432103 0.844168 0.317281 0.913739 0.406264 -0.005544 0.829899 0.541644 -0.133750 0.057223 0.795386 0.603396 0.153986 0.843081 0.515269 -0.236401 0.260544 0.936073 -0.370495 0.415119 0.830909 0.196305 0.796323 0.572131 0.174526 0.973990 -0.144513 0.179082 0.975600 -0.127025 0.328540 0.930672 -0.160968 0.313863 0.944082 -0.100987 0.913301 0.405593 -0.037078 0.461690 0.866889 -0.188007 0.481754 0.844265 -0.234797 0.960950 0.276276 -0.015704 0.953592 0.288147 0.087373 0.400125 0.890204 -0.217799 0.350327 0.921356 -0.168446 0.824582 0.344991 -0.448382 0.831750 0.316213 -0.456291 0.851777 0.375851 -0.364982 0.840343 0.410459 -0.354043 0.835135 0.476773 -0.274295 0.851777 0.375851 -0.364982 0.281968 0.434177 -0.855561 0.300282 0.523731 -0.797205 0.831750 0.316213 -0.456291 0.219956 0.374255 -0.900862 0.009363 0.720103 -0.693804 0.923647 0.292544 0.247578 0.690277 0.690844 -0.215066 0.612638 0.746517 -0.259591 0.829320 0.491730 -0.265385 0.835135 0.476773 -0.274295 
						0.772721 0.591414 -0.230505 0.789761 0.573157 -0.218559 0.690796 0.682070 -0.239960 0.772721 0.591414 -0.230505 0.203536 0.621825 -0.756245 0.024056 0.697839 -0.715850 0.741261 0.636943 -0.211747 0.690796 0.682070 -0.239960 0.009363 0.720103 -0.693804 0.612638 0.746517 -0.259591 0.834926 -0.319909 -0.447835 0.856338 -0.276744 -0.436002 0.921820 0.027281 -0.386657 0.915413 -0.007114 -0.402453 0.820681 0.188743 -0.539313 0.819749 0.199240 -0.536950 0.812460 0.270655 -0.516386 0.810318 0.281985 -0.513683 0.812460 0.270655 -0.516386 0.183308 0.335465 -0.924046 0.819749 0.199240 -0.536950 0.197315 0.300316 -0.933208 0.687917 0.724113 -0.049299 0.650845 0.758844 -0.023573 0.918610 0.176651 -0.353482 0.920848 0.103089 -0.376047 0.889031 0.039132 -0.456171 0.918610 0.176651 -0.353482 0.311527 0.319077 -0.895064 0.305037 0.226217 -0.925083 0.650845 0.758844 -0.023573 0.006662 0.679090 -0.734025 -0.281157 0.404914 0.870055 -0.641358 0.766892 0.023179 -0.920044 -0.008235 0.391729 -0.923196 -0.025014 0.383516 -0.918957 -0.038141 0.392509 -0.920044 -0.008235 0.391729 -0.892791 0.298823 -0.337088 -0.904433 0.188221 -0.382850 -0.641358 0.766892 0.023179 -0.858338 0.413770 -0.303397 0.883976 -0.015231 -0.467284 0.889031 0.039132 -0.456171 0.851565 0.103023 -0.514027 0.850966 0.067341 -0.520886 0.851565 0.103023 -0.514027 0.248294 0.259313 -0.933331 -0.918379 -0.036409 0.394022 -0.918957 -0.038141 0.392509 -0.848006 0.283368 0.447871 -0.865392 0.239703 0.440044 -0.334971 0.846270 0.414273 -0.304565 0.861431 0.406419 -0.334971 0.846270 0.414273 -0.682416 0.564775 -0.464046 -0.865392 0.239703 0.440044 -0.902989 0.092229 -0.419649 -0.920904 -0.031971 0.388477 -0.916090 0.002751 0.400964 -0.920904 -0.031971 0.388477 -0.903784 0.042411 -0.425882 0.355915 -0.294852 0.886785 0.303881 0.386669 0.870714 
						0.973951 0.183507 0.133211 0.924214 -0.129523 0.359238 -0.538787 0.477652 0.693943 -0.041060 0.596921 0.801248 0.482118 0.558477 0.675030 0.868316 0.356168 0.345212 0.083844 0.306475 0.948179 0.096677 0.138633 0.985614 0.789192 0.094276 0.606867 0.850431 0.208359 0.483067 0.287320 -0.357059 0.888795 0.874378 -0.216140 0.434449 0.015022 0.458154 0.888746 0.895529 0.268463 0.354900 0.357072 -0.532907 0.767144 0.846330 -0.335904 0.413394 0.811803 -0.215908 0.542550 0.308869 -0.300156 0.902500 0.072269 0.015522 0.997264 0.056178 -0.052662 0.997031 0.736434 -0.051501 0.674546 0.751235 -0.010180 0.659956 0.058839 -0.117996 0.991269 0.096551 -0.221651 0.970334 0.758243 -0.168237 0.629892 0.734319 -0.087589 0.673130 -0.190518 0.420367 -0.887127 -0.149019 0.476781 -0.866299 0.638752 0.413709 -0.648722 0.636093 0.356336 -0.684405 0.184352 -0.317032 0.930325 0.814497 -0.227758 0.533592 -0.247948 0.333872 -0.909423 0.582140 0.294012 -0.758070 -0.138323 0.984670 -0.106261 -0.340232 0.489309 -0.803006 0.527898 0.480762 -0.700136 0.788671 0.580739 -0.201841 -0.127549 0.504544 -0.853913 -0.589650 0.797449 -0.128014 0.340883 0.917794 -0.203599 0.609194 0.494323 -0.620104 0.609501 0.584916 -0.535148 -0.307421 0.298067 -0.903686 0.545782 0.286732 -0.787341 -0.470864 -0.342303 0.813090 -0.418202 -0.295859 0.858822 -0.643283 0.190413 0.741573 -0.822708 0.246581 0.512199 -0.744682 0.160268 0.647891 -0.640542 0.079247 0.763823 -0.640458 0.005076 0.767976 -0.660343 -0.044671 0.749634 -0.655810 -0.101258 0.748104 -0.622527 -0.192692 0.758505 -0.848375 0.132263 -0.512607 -0.814930 0.190579 -0.547329 -0.790662 0.220241 -0.571268 -0.556584 -0.287495 0.779462 -0.941473 0.326489 0.083866 -0.935390 0.157378 -0.316666 -0.784457 0.232828 -0.574820 -0.814723 0.325192 -0.480080 -0.891119 0.092904 -0.444157 
						0.904506 -0.212395 0.369806 0.889108 -0.050008 0.454957 0.939070 0.108893 -0.326021 0.925781 -0.024264 -0.377281 0.670340 0.432670 0.602861 0.809614 0.517581 -0.276830 0.826800 0.516828 0.222015 0.889926 0.342249 0.301494 0.755160 0.390496 -0.526542 0.612524 0.448540 -0.650866 0.915544 0.149099 0.373563 0.882874 0.268541 -0.385251 0.702951 0.627986 -0.333907 0.728275 0.659933 0.184673 0.915854 0.002139 0.401505 0.927783 0.147858 -0.342574 0.910922 -0.097223 0.400959 0.939451 0.064706 -0.336520 -0.303256 0.896055 0.324226 0.160285 0.758964 -0.631095 -0.883710 0.375267 -0.279699 -0.297075 0.379088 -0.876378 -0.898611 0.145542 -0.413903 -0.338590 0.217805 -0.915379 -0.902462 0.201133 -0.380931 -0.373394 0.264050 -0.889300 0.907849 -0.195530 0.370915 0.935841 -0.012031 -0.352217 -0.901362 0.292348 -0.319499 -0.382506 0.327331 -0.864028 -0.190517 0.911880 -0.363562 -0.342111 0.424265 -0.838427 -0.943380 0.003737 0.331693 -0.924226 0.091756 0.370657 -0.890031 0.296650 -0.346185 -0.898136 0.202710 -0.390205 -0.644419 0.586852 0.490233 -0.190517 0.911880 -0.363562 -0.901362 0.292348 -0.319499 -0.890031 0.296650 -0.346185 0.907861 -0.201847 0.367485 0.907849 -0.195530 0.370915 0.910922 -0.097223 0.400959 0.911853 -0.106476 0.396468 -0.924226 0.091756 0.370657 -0.886651 0.180033 0.425956 0.372263 -0.210734 0.903887 0.365263 -0.290108 0.884545 0.904456 -0.216868 0.367326 0.904506 -0.212395 0.369806 -0.898625 0.145536 -0.413875 -0.898611 0.145542 -0.413903 -0.883710 0.375267 -0.279699 -0.883736 0.375172 -0.279744 0.315473 -0.336066 0.887433 -0.852103 0.037218 0.522049 -0.940621 -0.063111 0.333541 -0.902462 0.201133 -0.380931 -0.302330 0.896157 0.324806 -0.303256 0.896055 0.324226 0.670340 0.432670 0.602861 0.672463 0.429841 0.602520 0.036538 -0.098254 0.994490 -0.400308 0.022907 0.916095 
						0.918518 -0.012308 0.395187 0.915854 0.002139 0.401505 0.915544 0.149099 0.373563 0.915008 0.121014 0.384859 0.399716 -0.072098 0.913799 0.388349 -0.151123 0.909036 0.853905 0.283249 0.436596 0.889926 0.342249 0.301494 0.826800 0.516828 0.222015 0.747060 0.415308 0.519058 0.728275 0.659933 0.184673 0.579911 0.522342 0.625190 0.901267 -0.292328 0.319785 0.890057 -0.296468 0.346272 0.898195 -0.202315 0.390274 0.902492 -0.201348 0.380745 0.011906 0.004216 0.999920 0.169384 0.233774 0.957423 0.277589 0.000337 0.960700 0.889822 -0.054268 0.453068 0.889108 -0.050008 0.454957 0.256709 -0.286767 0.922965 0.702951 0.627986 -0.333907 0.137732 0.626421 -0.767220 0.259593 0.957492 -0.125780 0.105074 0.654779 -0.748481 -0.316153 -0.088942 0.944530 -0.406254 -0.301744 0.862501 -0.409699 -0.324818 0.852432 0.780734 -0.010120 0.624782 0.201287 0.250422 0.946980 0.984135 -0.087727 0.154217 0.957733 -0.234663 0.166373 0.915513 -0.335144 0.222518 -0.407955 -0.305765 0.860279 -0.377389 -0.228421 0.897442 0.895436 -0.300961 0.328050 0.965288 0.083064 0.247629 0.982419 0.024541 0.185071 0.906065 0.197492 0.374223 0.882053 0.198063 0.427497 0.898854 0.164318 0.406278 0.935281 0.121362 0.332446 0.104373 0.993568 -0.043912 -0.064368 0.705474 -0.705807 0.083752 0.694203 -0.714890 0.423160 -0.905959 -0.013161 -0.310863 -0.950425 -0.007526 -0.313897 -0.944077 0.100930 0.384604 -0.916178 0.112680 0.415941 -0.902233 -0.113883 -0.317476 -0.942410 -0.105225 -0.305446 -0.778221 -0.548703 -0.433731 -0.736356 -0.519285 -0.373230 -0.923155 0.092109 0.157483 -0.907633 -0.389104 -0.176162 -0.980261 -0.089754 -0.184072 -0.972073 -0.145571 -0.190464 -0.958165 -0.213641 -0.171382 -0.980589 0.095259 -0.171686 -0.985151 -0.000814 -0.330554 -0.929681 -0.162565 0.396953 -0.901345 -0.173222 0.363569 -0.897486 -0.249674 
						-0.341665 -0.913075 -0.222620 -0.327691 -0.816671 -0.475044 -0.189513 -0.927136 -0.323272 -0.178382 -0.870113 -0.459437 -0.341306 -0.883980 -0.319515 -0.437143 -0.841714 -0.316897 -0.452696 -0.779529 -0.432899 -0.327016 -0.835314 -0.441941 0.192529 -0.843265 -0.501834 0.011408 -0.586294 -0.810018 -0.152788 -0.832547 -0.532468 -0.057127 -0.795371 -0.603425 -0.196691 -0.796394 -0.571900 -0.689612 -0.696409 -0.198617 -0.359649 -0.932801 -0.023154 -0.179388 -0.975547 0.126994 -0.174844 -0.973935 0.144498 -0.328360 -0.930784 0.160689 -0.462101 -0.866581 0.188413 -0.481433 -0.844510 0.234575 0.138883 -0.878879 0.456381 0.210280 -0.932262 0.294399 -0.349847 -0.921566 0.168296 -0.400515 -0.890091 0.217544 -0.840362 -0.410450 0.354008 -0.851760 -0.375787 0.365088 -0.831701 -0.316222 0.456374 -0.824558 -0.345016 0.448406 -0.835246 -0.476620 0.274220 -0.898434 -0.122143 -0.421779 -0.937363 -0.062143 -0.342766 -0.851760 -0.375787 0.365088 -0.964595 -0.046604 -0.259585 -0.831701 -0.316222 0.456374 -0.599647 -0.755465 0.263999 -0.673144 -0.705591 0.221402 0.033784 -0.820396 0.570797 0.138883 -0.878879 0.456381 -0.644575 -0.643095 -0.413464 -0.839122 -0.406260 -0.361701 -0.789809 -0.573166 0.218364 -0.773132 -0.591174 0.229740 -0.835246 -0.476620 0.274220 -0.829372 -0.491722 0.265238 -0.690973 -0.681999 0.239655 -0.873248 -0.308056 -0.377544 -0.874732 -0.208027 -0.437685 -0.773132 -0.591174 0.229740 -0.690973 -0.681999 0.239655 -0.741268 -0.636915 0.211803 -0.599647 -0.755465 0.263999 -0.839122 -0.406260 -0.361701 0.795977 0.432341 0.423677 0.466288 0.764979 -0.444278 -0.810303 -0.282054 0.513667 -0.812406 -0.270693 0.516451 -0.819704 -0.199260 0.537011 -0.820616 -0.188978 0.539330 -0.978167 -0.033500 -0.205101 -0.812406 -0.270693 0.516451 -0.980906 0.019243 -0.193530 -0.819704 -0.199260 0.537011 -0.925868 -0.141253 0.350451 -0.916360 -0.218188 0.335676 
						-0.627169 -0.778836 -0.008556 -0.645972 -0.762983 0.024032 -0.889449 -0.040549 0.455233 -0.948447 0.129702 -0.289182 -0.937846 -0.027998 -0.345919 -0.916360 -0.218188 0.335676 -0.688715 -0.481067 -0.542444 -0.627169 -0.778836 -0.008556 0.923172 0.025047 -0.383570 0.920052 0.008241 -0.391710 0.919003 0.038070 -0.392408 0.369402 0.231495 -0.899973 0.395091 0.297507 -0.869133 0.920052 0.008241 -0.391710 0.404215 0.392720 -0.826064 0.466288 0.764979 -0.444278 -0.884634 0.014391 0.466063 -0.889449 -0.040549 0.455233 -0.850817 -0.067546 0.521103 -0.851581 -0.102863 0.514032 -0.969129 0.095302 -0.227389 -0.851581 -0.102863 0.514032 0.918335 0.036383 -0.394128 0.919003 0.038070 -0.392408 0.284951 -0.878418 -0.383647 0.287195 -0.865390 -0.410632 0.076192 -0.544886 -0.835041 0.287195 -0.865390 -0.410632 0.395625 -0.144182 -0.907024 0.856338 -0.276744 -0.436002 0.370674 0.097265 -0.923656 0.921820 0.027281 -0.386657 -0.891997 0.103349 -0.440068 0.378400 0.281193 -0.881898 0.352443 -0.281629 -0.892451 -0.329196 -0.423868 -0.843781 0.449061 -0.582449 -0.677567 -0.797348 -0.486232 -0.357511 -0.689612 -0.696409 -0.198617 0.157483 -0.907633 -0.389104 -0.744560 -0.282468 -0.604850 0.504724 -0.216423 -0.835712 0.625252 -0.079983 -0.776313 -0.770515 -0.137494 -0.622416 -0.879180 0.157980 -0.449539 0.479397 0.341210 -0.808551 -0.745907 -0.408096 -0.526384 0.413986 -0.412472 -0.811469 -0.441207 0.192632 0.876487 0.492032 0.300368 0.817119 -0.764527 -0.028891 -0.643944 0.664556 -0.021764 -0.746921 0.667801 0.030184 -0.743728 -0.753584 0.024090 -0.656910 -0.760262 0.055548 -0.647238 0.675726 0.099918 -0.730350 0.658510 0.183256 -0.729919 -0.788131 0.105612 -0.606379 0.190319 -0.419859 0.887410 0.757516 -0.292689 0.583526 0.790783 -0.273863 0.547413 0.148803 -0.476655 0.866405 -0.832476 0.149447 -0.533525 0.581052 0.272098 -0.767034 
						0.248118 -0.332871 0.909744 0.832256 -0.224630 0.506844 0.100668 -0.994494 0.029099 0.651808 -0.743796 -0.148035 0.127717 -0.504548 0.853885 0.792172 -0.215900 0.570833 0.776448 -0.116791 0.619265 -0.781051 -0.438464 -0.444643 -0.519947 -0.293513 0.802188 -0.563335 -0.373103 0.737189 -0.589672 -0.442059 0.675922 -0.399741 -0.847014 0.350391 -0.365490 -0.479950 0.797536 -0.609338 -0.471557 0.637448 -0.653163 -0.362366 0.664882 -0.452454 -0.274518 0.848484 -0.904702 0.211200 -0.370012 -0.362718 0.280126 -0.888800 -0.357680 0.185637 -0.915207 -0.887692 0.036223 -0.459011 -0.230847 -0.147812 -0.961697 -0.628641 -0.472530 -0.617677 -0.830385 -0.511773 -0.220338 -0.543955 -0.418258 -0.727443 -0.502365 -0.173351 -0.847100 -0.890286 -0.340946 -0.301904 -0.394890 0.023168 -0.918436 -0.914778 -0.148741 -0.375575 -0.721877 -0.665650 -0.189219 -0.168565 -0.405490 -0.898423 -0.354979 0.125563 -0.926404 -0.915734 -0.002114 -0.401779 -0.338846 0.187266 -0.922017 -0.910928 0.097080 -0.400982 0.509213 -0.512349 -0.691520 0.290987 -0.892999 -0.343334 0.924150 -0.138094 -0.356198 0.871169 -0.416142 0.260559 0.940469 0.012443 -0.339651 0.897717 -0.148637 0.414743 0.919059 -0.028180 -0.393110 0.902492 -0.201348 0.380745 -0.335580 0.250989 -0.907959 -0.907825 0.195421 -0.371032 0.899005 -0.068049 -0.432619 0.901267 -0.292328 0.319785 0.897335 -0.008711 -0.441264 0.836342 0.548175 -0.005955 0.303297 -0.272813 0.913008 0.315933 -0.303303 0.898996 0.836342 0.548175 -0.005955 0.437762 0.198868 0.876821 -0.907825 0.195421 -0.371032 -0.907831 0.202102 -0.367419 -0.911844 0.106576 -0.396461 -0.910928 0.097080 -0.400982 0.327536 -0.269843 0.905486 -0.928003 -0.048253 0.369434 -0.918854 0.004859 0.394567 -0.904702 0.211200 -0.370012 -0.904514 0.215726 -0.367854 0.897717 -0.148637 0.414743 0.898054 -0.149174 0.413819 0.870490 -0.412298 0.268806 
						0.871169 -0.416142 0.260559 -0.934495 -0.033253 0.354419 0.403077 -0.529247 0.746610 0.327968 -0.268721 0.905663 0.290987 -0.892999 -0.343334 0.324222 -0.894320 -0.308336 -0.636775 -0.460047 -0.618768 -0.628641 -0.472530 -0.617677 -0.776833 -0.629119 0.027196 -0.062670 -0.979515 0.191372 -0.915734 -0.002114 -0.401779 -0.918433 0.012550 -0.395377 -0.915646 -0.120825 -0.383399 -0.914778 -0.148741 -0.375575 -0.902180 -0.210802 0.376342 -0.921070 -0.117563 0.371226 -0.890286 -0.340946 -0.301904 -0.854498 -0.283955 -0.434974 -0.763306 -0.407287 -0.501479 -0.830385 -0.511773 -0.220338 -0.550710 -0.503192 -0.665970 -0.721877 -0.665650 -0.189219 -0.810961 -0.577896 -0.091533 -0.632564 -0.741954 0.222186 -0.900701 -0.351516 0.255291 -0.887692 0.036223 -0.459011 -0.887646 0.042224 -0.458586 -0.950840 -0.208904 0.228609 -0.373230 -0.923155 0.092109 0.011408 -0.586294 -0.810018 -0.168565 -0.405490 -0.898423 -0.260070 -0.957250 0.126636 -0.278956 -0.747660 -0.602651 -0.644575 -0.643095 -0.413464 0.845460 -0.490102 0.212128 0.894693 -0.325593 0.305800 0.898489 -0.287779 0.331514 -0.352103 -0.747029 0.563889 0.399943 -0.890987 0.214916 -0.148660 -0.363701 0.919577 -0.217371 -0.330520 0.918426 -0.317648 -0.289215 0.903025 0.899641 -0.267568 0.345040 0.897067 -0.193353 0.397349 -0.428727 -0.367785 0.825183 -0.185273 -0.433133 0.882083 -0.148096 -0.388898 0.909300 -0.188949 -0.712143 0.676130 -0.246187 -0.620586 0.744490 -0.253779 -0.551968 0.794310 -0.229556 -0.493032 0.839180 -0.901362 0.292348 -0.319499 -0.105192 -0.993454 0.044540 -0.147059 -0.655770 -0.740499 -0.105061 -0.698333 -0.708021 0.157483 -0.907633 -0.389104 -0.373230 -0.923155 0.092109 0.953592 0.288147 0.087373 -0.105061 -0.698333 -0.708021 -0.147059 -0.655770 -0.740499 -0.278956 -0.747660 -0.602651 0.192529 -0.843265 -0.501834 0.363569 -0.897486 -0.249674 0.011408 -0.586294 -0.810018 
						0.396953 -0.901345 -0.173222 0.415941 -0.902233 -0.113883 0.423160 -0.905959 -0.013161 0.384604 -0.916178 0.112680 0.210280 -0.932262 0.294399 0.138883 -0.878879 0.456381 -0.644575 -0.643095 -0.413464 0.105074 0.654779 -0.748481 0.897067 -0.193353 0.397349 0.795977 0.432341 0.423677 0.845460 -0.490102 0.212128 0.894693 -0.325593 0.305800 0.898489 -0.287779 0.331514 0.899641 -0.267568 0.345040 -0.797348 -0.486232 -0.357511 -0.745907 -0.408096 -0.526384 -0.370495 0.415119 0.830909 -0.689612 -0.696409 -0.198617 -0.764527 -0.028891 -0.643944 -0.753584 0.024090 -0.656910 -0.770515 -0.137494 -0.622416 -0.744560 -0.282468 -0.604850 0.651606 0.319940 0.687784 -0.760262 0.055548 -0.647238 -0.788131 0.105612 -0.606379 -0.359649 -0.932801 -0.023154 -0.689612 -0.696409 -0.198617 -0.832476 0.149447 -0.533525 -0.879180 0.157980 -0.449539 -0.399741 -0.847014 0.350391 -0.365490 -0.479950 0.797536 -0.781051 -0.438464 -0.444643 -0.891997 0.103349 -0.440068 -0.452454 -0.274518 0.848484 -0.519947 -0.293513 0.802188 -0.653163 -0.362366 0.664882 -0.441207 0.192632 0.876487 -0.609338 -0.471557 0.637448 -0.589672 -0.442059 0.675922 -0.563335 -0.373103 0.737189 -0.644575 -0.643095 -0.413464 0.413268 0.217994 0.884131 -0.062670 -0.979515 0.191372 0.403077 -0.529247 0.746610 0.327968 -0.268721 0.905663 0.303297 -0.272813 0.913008 0.315933 -0.303303 0.898996 0.011408 -0.586294 -0.810018 0.829899 0.541644 -0.133750 0.689613 -0.696408 -0.198618 0.829899 0.541644 -0.133750 0.105074 0.654779 -0.748481 0.686739 0.457336 0.565007 0.303997 0.839532 -0.450303 -0.772966 0.621189 -0.129028 -0.381685 0.232207 0.894649 0.686739 0.457336 0.565007 -0.381685 0.232207 0.894649 0.605135 -0.510139 0.611203 0.005047 -0.606638 0.794962 0.894083 -0.101098 0.436342 -0.040005 -0.060188 0.997385 0.894083 -0.101098 0.436342 0.453284 0.332347 -0.827091 
						0.303997 0.839532 -0.450303 0.686739 0.457336 0.565007 0.303997 0.839532 -0.450303 -0.525425 -0.063349 -0.848478 0.009342 0.078305 -0.996886 -0.772966 0.621189 -0.129028 0.453284 0.332347 -0.827091 -0.604262 0.507334 -0.614393 -0.895958 0.070250 -0.438549 -0.014051 0.620492 -0.784087 -0.497856 -0.045375 -0.866072 0.030821 0.098648 -0.994645 0.468988 0.146178 -0.871024 -0.859439 0.240846 -0.450953 -0.497856 -0.045375 -0.866072 0.453284 0.332347 -0.827091 0.916588 -0.294983 0.269909 0.468988 0.146178 -0.871024 0.005047 -0.606638 0.794962 -0.525425 -0.063349 -0.848478 -0.604262 0.507334 -0.614393 -0.040005 -0.060188 0.997385 -0.040005 -0.060188 0.997385 -0.604262 0.507334 -0.614393 -0.014051 0.620492 -0.784087 0.514701 0.054731 0.855621 -0.468167 -0.359750 0.807093 0.514701 0.054731 0.855621 0.514701 0.054731 0.855621 -0.014051 0.620492 -0.784087 0.009342 0.078305 -0.996886 0.605135 -0.510139 0.611203 -0.381685 0.232207 0.894649 0.605135 -0.510139 0.611203 0.613003 -0.495207 0.615627 0.006220 -0.633045 0.774090 -0.468167 -0.359750 0.807093 -0.468627 -0.575688 0.670053 0.809940 0.068005 0.582557 0.613003 -0.495207 0.615627 -0.468167 -0.359750 0.807093 -0.895958 0.070250 -0.438549 -0.843001 -0.174648 -0.508770 -0.468627 -0.575688 0.670053 -0.381685 0.232207 0.894649 -0.772966 0.621189 -0.129028 -0.182137 -0.874551 0.449429 0.553361 0.207853 0.806590 -0.571210 -0.436678 -0.695004 -0.182137 -0.874551 0.449429 -0.182137 -0.874551 0.449429 -0.571210 -0.436678 -0.695004 -0.154865 -0.466277 -0.870978 0.278453 -0.927759 0.248450 0.278453 -0.927759 0.248450 0.223569 0.239471 0.944813 0.707366 -0.686530 0.168253 -0.124053 0.047832 0.991122 0.248290 -0.231948 -0.940506 0.707366 -0.686530 0.168253 -0.154865 -0.466277 -0.870978 -0.313724 0.841885 -0.439098 -0.708916 0.592097 -0.383221 0.248290 -0.231948 -0.940506 
						-0.571210 -0.436678 -0.695004 0.161055 0.741761 -0.651039 -0.124053 0.047832 0.991122 -0.708916 0.592097 -0.383221 -0.313724 0.841885 -0.439098 0.223569 0.239471 0.944813 0.161055 0.741761 -0.651039 0.553361 0.207853 0.806590 -0.843001 -0.174648 -0.508770 0.370565 0.482366 -0.793729 0.553361 0.207853 0.806590 0.161055 0.741761 -0.651039 0.370565 0.482366 -0.793729 0.809940 0.068005 0.582557 0.030821 0.098648 -0.994645 0.613003 -0.495207 0.615627 0.613003 -0.495207 0.615627 0.030821 0.098648 -0.994645 -0.497856 -0.045375 -0.866072 0.006220 -0.633045 0.774090 -0.339653 -0.237558 0.910056 -0.859439 0.240846 -0.450953 -0.708916 0.592097 -0.383221 -0.124053 0.047832 0.991122 0.916588 -0.294983 0.269909 -0.339653 -0.237558 0.910056 0.006220 -0.633045 0.774090 -0.497856 -0.045375 -0.866072 0.707366 -0.686530 0.168253 0.248290 -0.231948 -0.940506 0.605135 -0.510139 0.611203 0.009342 0.078305 -0.996886 -0.525425 -0.063349 -0.848478 0.005047 -0.606638 0.794962 -0.772966 0.621189 -0.129028 0.009342 0.078305 -0.996886 0.585784 0.768043 -0.258779 -0.549191 0.697061 -0.460973 -0.713572 0.334945 0.615327 0.426272 0.406203 0.808264 0.585784 0.768043 -0.258779 0.426272 0.406203 0.808264 0.974882 -0.108852 -0.194308 0.863272 -0.321488 0.389110 0.800122 0.269604 -0.535834 0.799512 0.240121 0.550566 0.800122 0.269604 -0.535834 -0.564371 0.153064 -0.811207 -0.549191 0.697061 -0.460973 0.585784 0.768043 -0.258779 -0.549191 0.697061 -0.460973 -0.879141 -0.476560 -0.001633 -0.820735 -0.231617 -0.522252 -0.713572 0.334945 0.615327 -0.564371 0.153064 -0.811207 -0.976256 0.104122 0.189956 -0.798984 -0.297641 0.522527 -0.865168 0.332732 -0.375199 -0.897046 -0.440768 -0.032129 -0.805265 -0.230716 -0.546186 -0.519863 -0.046531 -0.852981 -0.857116 -0.124057 0.499963 -0.897046 -0.440768 -0.032129 -0.564371 0.153064 -0.811207 
						0.763830 0.027760 -0.644820 -0.519863 -0.046531 -0.852981 0.863272 -0.321488 0.389110 -0.879141 -0.476560 -0.001633 -0.976256 0.104122 0.189956 0.799512 0.240121 0.550566 0.799512 0.240121 0.550566 -0.976256 0.104122 0.189956 -0.865168 0.332732 -0.375199 0.883096 0.468972 0.014387 0.562132 -0.183724 0.806383 0.883096 0.468972 0.014387 0.883096 0.468972 0.014387 -0.865168 0.332732 -0.375199 -0.820735 -0.231617 -0.522252 0.974882 -0.108852 -0.194308 0.426272 0.406203 0.808264 0.974882 -0.108852 -0.194308 0.971488 -0.110824 -0.209591 0.863717 -0.323133 0.386753 0.562132 -0.183724 0.806383 0.534334 -0.413161 0.737418 0.813265 0.439141 -0.381779 0.971488 -0.110824 -0.209591 0.562132 -0.183724 0.806383 -0.798984 -0.297641 0.522527 -0.728376 -0.519994 0.446178 0.534334 -0.413161 0.737418 0.426272 0.406203 0.808264 -0.713572 0.334945 0.615327 0.616500 -0.694420 0.371091 0.811603 0.582650 -0.042657 -0.640909 -0.759517 0.111219 0.616500 -0.694420 0.371091 0.616500 -0.694420 0.371091 -0.640909 -0.759517 0.111219 -0.569985 -0.749777 -0.336081 0.698188 -0.704472 -0.127489 0.698188 -0.704472 -0.127489 0.751263 0.581997 0.311263 0.741780 -0.412156 -0.529046 0.699742 0.342489 0.626948 -0.527467 -0.466158 -0.710264 0.741780 -0.412156 -0.529046 -0.569985 -0.749777 -0.336081 -0.830087 0.554869 0.055460 -0.873332 0.254387 0.415425 -0.527467 -0.466158 -0.710264 -0.640909 -0.759517 0.111219 -0.731510 0.501458 -0.461989 0.699742 0.342489 0.626948 -0.873332 0.254387 0.415425 -0.830087 0.554869 0.055460 0.751263 0.581997 0.311263 -0.731510 0.501458 -0.461989 0.811603 0.582650 -0.042657 -0.728376 -0.519994 0.446178 -0.640430 0.264508 -0.721030 0.811603 0.582650 -0.042657 -0.731510 0.501458 -0.461989 -0.640430 0.264508 -0.721030 0.813265 0.439141 -0.381779 -0.805265 -0.230716 -0.546186 0.971488 -0.110824 -0.209591 
						0.971488 -0.110824 -0.209591 -0.805265 -0.230716 -0.546186 -0.897046 -0.440768 -0.032129 0.863717 -0.323133 0.386753 0.648320 0.005186 0.761350 -0.857116 -0.124057 0.499963 -0.873332 0.254387 0.415425 0.699742 0.342489 0.626948 0.763830 0.027760 -0.644820 0.648320 0.005186 0.761350 0.863717 -0.323133 0.386753 -0.897046 -0.440768 -0.032129 0.741780 -0.412156 -0.529046 -0.527467 -0.466158 -0.710264 0.974882 -0.108852 -0.194308 -0.820735 -0.231617 -0.522252 -0.879141 -0.476560 -0.001633 0.863272 -0.321488 0.389110 -0.713572 0.334945 0.615327 -0.820735 -0.231617 -0.522252 0.425334 0.661070 -0.618124 -0.643867 0.741548 -0.188528 -0.240954 0.468913 0.849742 0.827477 0.384028 0.409639 0.425334 0.661070 -0.618124 0.827477 0.384028 0.409639 0.703575 -0.252518 -0.664241 0.900448 -0.424044 -0.096850 0.386687 0.110396 -0.915580 0.989565 0.144026 -0.004216 0.386687 0.110396 -0.915580 -0.902498 0.200147 -0.381365 -0.643867 0.741548 -0.188528 0.425334 0.661070 -0.618124 -0.643867 0.741548 -0.188528 -0.780080 -0.334452 0.528788 -0.988168 -0.152561 0.015802 -0.240954 0.468913 0.849742 -0.902498 0.200147 -0.381365 -0.688039 0.267635 0.674518 -0.382598 -0.148992 0.911822 -0.900218 0.421722 0.108438 -0.791083 -0.297775 0.534339 -0.992415 -0.121057 0.021403 -0.914680 -0.010409 -0.404045 -0.438626 0.050214 0.897266 -0.791083 -0.297775 0.534339 -0.902498 0.200147 -0.381365 0.259028 -0.116986 -0.958759 -0.914680 -0.010409 -0.404045 0.900448 -0.424044 -0.096850 -0.780080 -0.334452 0.528788 -0.688039 0.267635 0.674518 0.989565 0.144026 -0.004216 0.989565 0.144026 -0.004216 -0.688039 0.267635 0.674518 -0.900218 0.421722 0.108438 0.785594 0.339336 -0.517391 0.900077 -0.223869 0.373824 0.785594 0.339336 -0.517391 0.785594 0.339336 -0.517391 -0.900218 0.421722 0.108438 -0.988168 -0.152561 0.015802 0.703575 -0.252518 -0.664241 
						0.827477 0.384028 0.409639 0.703575 -0.252518 -0.664241 0.667935 -0.275897 -0.691189 0.890380 -0.436486 -0.129241 0.900077 -0.223869 0.373824 0.813327 -0.454753 0.362904 0.479820 0.283051 -0.830455 0.667935 -0.275897 -0.691189 0.900077 -0.223869 0.373824 -0.382598 -0.148992 0.911822 -0.397112 -0.381170 0.834872 0.813327 -0.454753 0.362904 0.827477 0.384028 0.409639 -0.240954 0.468913 0.849742 0.654019 -0.754933 0.048331 0.693328 0.459210 -0.555358 -0.530177 -0.654734 0.538735 0.654019 -0.754933 0.048331 0.654019 -0.754933 0.048331 -0.530177 -0.654734 0.538735 -0.723781 -0.677704 0.129840 0.438528 -0.801597 -0.406369 0.438528 -0.801597 -0.406369 0.843638 0.484985 -0.230357 0.273307 -0.539031 -0.796711 0.958506 0.271396 0.087242 -0.875173 -0.422188 -0.236284 0.273307 -0.539031 -0.796711 -0.723781 -0.677704 0.129840 -0.600676 0.668683 0.438238 -0.459435 0.395888 0.795105 -0.875173 -0.422188 -0.236284 -0.530177 -0.654734 0.538735 -0.816773 0.575827 -0.036110 0.958506 0.271396 0.087242 -0.459435 0.395888 0.795105 -0.600676 0.668683 0.438238 0.843638 0.484985 -0.230357 -0.816773 0.575827 -0.036110 0.693328 0.459210 -0.555358 -0.397112 -0.381170 0.834872 -0.906516 0.335523 -0.256228 0.693328 0.459210 -0.555358 -0.816773 0.575827 -0.036110 -0.906516 0.335523 -0.256228 0.479820 0.283051 -0.830455 -0.992415 -0.121057 0.021403 0.667935 -0.275897 -0.691189 0.667935 -0.275897 -0.691189 -0.992415 -0.121057 0.021403 -0.791083 -0.297775 0.534339 0.890380 -0.436486 -0.129241 0.958497 -0.075175 0.275011 -0.438626 0.050214 0.897266 -0.459435 0.395888 0.795105 0.958506 0.271396 0.087242 0.259028 -0.116986 -0.958759 0.958497 -0.075175 0.275011 0.890380 -0.436486 -0.129241 -0.791083 -0.297775 0.534339 0.273307 -0.539031 -0.796711 -0.875173 -0.422188 -0.236284 0.703575 -0.252518 -0.664241 -0.988168 -0.152561 0.015802 
						-0.780080 -0.334452 0.528788 0.900448 -0.424044 -0.096850 -0.240954 0.468913 0.849742 -0.988168 -0.152561 0.015802 -0.686744 0.457327 0.565008 0.381689 0.232204 0.894648 0.772960 0.621195 -0.129034 -0.304026 0.839522 -0.450301 -0.686744 0.457327 0.565008 -0.005042 -0.606638 0.794962 -0.605115 -0.510150 0.611214 0.381689 0.232204 0.894648 -0.894085 -0.101099 0.436337 0.039992 -0.060184 0.997386 -0.894085 -0.101099 0.436337 -0.686744 0.457327 0.565008 -0.304026 0.839522 -0.450301 -0.453277 0.332345 -0.827095 -0.304026 0.839522 -0.450301 0.772960 0.621195 -0.129034 -0.009340 0.078304 -0.996886 0.525409 -0.063350 -0.848488 -0.453277 0.332345 -0.827095 0.604254 0.507338 -0.614398 0.895958 0.070252 -0.438547 0.014061 0.620495 -0.784085 -0.030824 0.098647 -0.994645 0.497882 -0.045385 -0.866056 -0.468969 0.146177 -0.871034 0.859467 0.240817 -0.450914 -0.916601 -0.294977 0.269874 -0.468969 0.146177 -0.871034 -0.005042 -0.606638 0.794962 0.039992 -0.060184 0.997386 0.604254 0.507338 -0.614398 0.525409 -0.063350 -0.848488 0.039992 -0.060184 0.997386 -0.514689 0.054732 0.855628 0.014061 0.620495 -0.784085 0.604254 0.507338 -0.614398 0.468170 -0.359749 0.807092 -0.514689 0.054732 0.855628 -0.514689 0.054732 0.855628 -0.605115 -0.510150 0.611214 -0.009340 0.078304 -0.996886 0.014061 0.620495 -0.784085 0.381689 0.232204 0.894648 -0.605115 -0.510150 0.611214 -0.006234 -0.633045 0.774090 -0.613006 -0.495206 0.615625 -0.809934 0.068013 0.582564 0.468645 -0.575679 0.670048 0.468170 -0.359749 0.807092 0.468645 -0.575679 0.670048 0.843008 -0.174643 -0.508761 0.895958 0.070252 -0.438547 0.381689 0.232204 0.894648 0.772960 0.621195 -0.129034 -0.553332 0.207859 0.806609 0.182148 -0.874551 0.449425 0.182148 -0.874551 0.449425 0.571212 -0.436678 -0.695003 0.182148 -0.874551 0.449425 -0.278447 -0.927762 0.248445 
						0.154860 -0.466283 -0.870976 0.571212 -0.436678 -0.695003 -0.223575 0.239460 0.944814 -0.278447 -0.927762 0.248445 0.124014 0.047832 0.991127 -0.707363 -0.686539 0.168232 -0.707363 -0.686539 0.168232 -0.248277 -0.231955 -0.940508 0.154860 -0.466283 -0.870976 -0.248277 -0.231955 -0.940508 0.708908 0.592102 -0.383230 0.313716 0.841885 -0.439103 0.571212 -0.436678 -0.695003 -0.161036 0.741766 -0.651038 0.124014 0.047832 0.991127 -0.223575 0.239460 0.944814 0.313716 0.841885 -0.439103 0.708908 0.592102 -0.383230 -0.553332 0.207859 0.806609 -0.161036 0.741766 -0.651038 0.843008 -0.174643 -0.508761 -0.370555 0.482373 -0.793729 -0.553332 0.207859 0.806609 -0.809934 0.068013 0.582564 -0.370555 0.482373 -0.793729 -0.161036 0.741766 -0.651038 -0.613006 -0.495206 0.615625 -0.030824 0.098647 -0.994645 0.895958 0.070252 -0.438547 -0.030824 0.098647 -0.994645 -0.613006 -0.495206 0.615625 -0.006234 -0.633045 0.774090 0.497882 -0.045385 -0.866056 -0.030824 0.098647 -0.994645 0.339624 -0.237569 0.910064 0.124014 0.047832 0.991127 0.708908 0.592102 -0.383230 0.859467 0.240817 -0.450914 0.339624 -0.237569 0.910064 -0.916601 -0.294977 0.269874 -0.006234 -0.633045 0.774090 0.497882 -0.045385 -0.866056 -0.006234 -0.633045 0.774090 -0.894085 -0.101099 0.436337 -0.707363 -0.686539 0.168232 -0.248277 -0.231955 -0.940508 -0.605115 -0.510150 0.611214 -0.005042 -0.606638 0.794962 0.525409 -0.063350 -0.848488 -0.009340 0.078304 -0.996886 0.772960 0.621195 -0.129034 -0.009340 0.078304 -0.996886 -0.585764 0.768049 -0.258809 -0.426284 0.406199 0.808260 0.713563 0.334951 0.615334 0.549213 0.697056 -0.460954 -0.585764 0.768049 -0.258809 -0.863277 -0.321490 0.389098 -0.974881 -0.108853 -0.194314 -0.426284 0.406199 0.808260 -0.800107 0.269605 -0.535856 -0.799519 0.240116 0.550557 -0.800107 0.269605 -0.535856 -0.585764 0.768049 -0.258809 
						0.549213 0.697056 -0.460954 0.564386 0.153063 -0.811197 0.549213 0.697056 -0.460954 0.713563 0.334951 0.615334 0.820740 -0.231612 -0.522247 0.879140 -0.476561 -0.001636 0.564386 0.153063 -0.811197 0.976256 0.104124 0.189952 0.798982 -0.297641 0.522530 0.865170 0.332734 -0.375192 0.805254 -0.230722 -0.546200 0.897044 -0.440772 -0.032141 0.519865 -0.046533 -0.852980 0.857123 -0.124060 0.499949 -0.763821 0.027758 -0.644830 0.519865 -0.046533 -0.852980 -0.863277 -0.321490 0.389098 -0.799519 0.240116 0.550557 0.976256 0.104124 0.189952 0.879140 -0.476561 -0.001636 -0.799519 0.240116 0.550557 -0.883095 0.468974 0.014382 0.865170 0.332734 -0.375192 0.976256 0.104124 0.189952 -0.562134 -0.183722 0.806382 -0.883095 0.468974 0.014382 -0.883095 0.468974 0.014382 -0.974881 -0.108853 -0.194314 0.820740 -0.231612 -0.522247 0.865170 0.332734 -0.375192 -0.426284 0.406199 0.808260 -0.974881 -0.108853 -0.194314 -0.863721 -0.323139 0.386739 -0.971492 -0.110822 -0.209575 -0.813292 0.439129 -0.381736 -0.534331 -0.413155 0.737424 -0.562134 -0.183722 0.806382 -0.534331 -0.413155 0.737424 0.728372 -0.519998 0.446180 0.798982 -0.297641 0.522530 -0.426284 0.406199 0.808260 0.713563 0.334951 0.615334 -0.811603 0.582650 -0.042644 -0.616501 -0.694417 0.371097 -0.616501 -0.694417 0.371097 0.640906 -0.759519 0.111221 -0.616501 -0.694417 0.371097 -0.698176 -0.704483 -0.127492 0.570000 -0.749769 -0.336076 0.640906 -0.759519 0.111221 -0.751263 0.581997 0.311262 -0.698176 -0.704483 -0.127492 -0.699736 0.342491 0.626953 -0.741761 -0.412169 -0.529063 -0.741761 -0.412169 -0.529063 0.527488 -0.466148 -0.710255 0.570000 -0.749769 -0.336076 0.527488 -0.466148 -0.710255 0.873341 0.254382 0.415409 0.830086 0.554870 0.055463 0.640906 -0.759519 0.111221 0.731504 0.501465 -0.461990 -0.699736 0.342491 0.626953 -0.751263 0.581997 0.311262 
						0.830086 0.554870 0.055463 0.873341 0.254382 0.415409 -0.811603 0.582650 -0.042644 0.731504 0.501465 -0.461990 0.728372 -0.519998 0.446180 0.640405 0.264521 -0.721048 -0.811603 0.582650 -0.042644 -0.813292 0.439129 -0.381736 0.640405 0.264521 -0.721048 0.731504 0.501465 -0.461990 -0.971492 -0.110822 -0.209575 0.805254 -0.230722 -0.546200 0.798982 -0.297641 0.522530 0.805254 -0.230722 -0.546200 -0.971492 -0.110822 -0.209575 -0.863721 -0.323139 0.386739 0.897044 -0.440772 -0.032141 0.805254 -0.230722 -0.546200 -0.648324 0.005177 0.761347 -0.699736 0.342491 0.626953 0.873341 0.254382 0.415409 0.857123 -0.124060 0.499949 -0.648324 0.005177 0.761347 -0.763821 0.027758 -0.644830 -0.863721 -0.323139 0.386739 0.897044 -0.440772 -0.032141 -0.863721 -0.323139 0.386739 -0.800107 0.269605 -0.535856 -0.741761 -0.412169 -0.529063 0.527488 -0.466148 -0.710255 -0.974881 -0.108853 -0.194314 -0.863277 -0.321490 0.389098 0.879140 -0.476561 -0.001636 0.820740 -0.231612 -0.522247 0.713563 0.334951 0.615334 0.820740 -0.231612 -0.522247 -0.425361 0.661056 -0.618120 -0.827475 0.384024 0.409646 0.240951 0.468909 0.849745 0.643842 0.741567 -0.188535 -0.425361 0.661056 -0.618120 -0.900449 -0.424041 -0.096850 -0.703582 -0.252514 -0.664235 -0.827475 0.384024 0.409646 -0.386693 0.110395 -0.915577 -0.989565 0.144023 -0.004220 -0.386693 0.110395 -0.915577 -0.425361 0.661056 -0.618120 0.643842 0.741567 -0.188535 0.902494 0.200151 -0.381372 0.643842 0.741567 -0.188535 0.240951 0.468909 0.849745 0.988169 -0.152553 0.015813 0.780076 -0.334455 0.528792 0.902494 0.200151 -0.381372 0.688028 0.267635 0.674529 0.382603 -0.148995 0.911820 0.900211 0.421734 0.108447 0.992414 -0.121061 0.021396 0.791077 -0.297780 0.534344 0.914680 -0.010407 -0.404045 0.438618 0.050219 0.897269 -0.259023 -0.116985 -0.958760 0.914680 -0.010407 -0.404045 
						-0.900449 -0.424041 -0.096850 -0.989565 0.144023 -0.004220 0.688028 0.267635 0.674529 0.780076 -0.334455 0.528792 -0.989565 0.144023 -0.004220 -0.785601 0.339336 -0.517380 0.900211 0.421734 0.108447 0.688028 0.267635 0.674529 -0.900074 -0.223874 0.373827 -0.785601 0.339336 -0.517380 -0.785601 0.339336 -0.517380 -0.703582 -0.252514 -0.664235 0.988169 -0.152553 0.015813 0.900211 0.421734 0.108447 -0.827475 0.384024 0.409646 -0.703582 -0.252514 -0.664235 -0.890379 -0.436486 -0.129248 -0.667934 -0.275901 -0.691189 -0.479809 0.283051 -0.830461 -0.813323 -0.454763 0.362900 -0.900074 -0.223874 0.373827 -0.813323 -0.454763 0.362900 0.397126 -0.381175 0.834863 0.382603 -0.148995 0.911820 -0.827475 0.384024 0.409646 0.240951 0.468909 0.849745 -0.693323 0.459210 -0.555364 -0.654012 -0.754939 0.048335 -0.654012 -0.754939 0.048335 0.530188 -0.654726 0.538734 -0.654012 -0.754939 0.048335 -0.438533 -0.801596 -0.406365 0.723784 -0.677700 0.129844 0.530188 -0.654726 0.538734 -0.843639 0.484986 -0.230349 -0.438533 -0.801596 -0.406365 -0.958501 0.271411 0.087245 -0.273307 -0.539021 -0.796718 -0.273307 -0.539021 -0.796718 0.875170 -0.422192 -0.236286 0.723784 -0.677700 0.129844 0.875170 -0.422192 -0.236286 0.459435 0.395885 0.795107 0.600675 0.668681 0.438241 0.530188 -0.654726 0.538734 0.816767 0.575836 -0.036107 -0.958501 0.271411 0.087245 -0.843639 0.484986 -0.230349 0.600675 0.668681 0.438241 0.459435 0.395885 0.795107 -0.693323 0.459210 -0.555364 0.816767 0.575836 -0.036107 0.397126 -0.381175 0.834863 0.906519 0.335513 -0.256232 -0.693323 0.459210 -0.555364 -0.479809 0.283051 -0.830461 0.906519 0.335513 -0.256232 0.816767 0.575836 -0.036107 -0.667934 -0.275901 -0.691189 0.992414 -0.121061 0.021396 0.382603 -0.148995 0.911820 0.992414 -0.121061 0.021396 -0.667934 -0.275901 -0.691189 -0.890379 -0.436486 -0.129248 
						0.791077 -0.297780 0.534344 0.992414 -0.121061 0.021396 -0.958505 -0.075171 0.274988 -0.958501 0.271411 0.087245 0.459435 0.395885 0.795107 0.438618 0.050219 0.897269 -0.958505 -0.075171 0.274988 -0.259023 -0.116985 -0.958760 -0.890379 -0.436486 -0.129248 0.791077 -0.297780 0.534344 -0.890379 -0.436486 -0.129248 -0.386693 0.110395 -0.915577 -0.273307 -0.539021 -0.796718 0.875170 -0.422192 -0.236286 -0.703582 -0.252514 -0.664235 -0.900449 -0.424041 -0.096850 0.780076 -0.334455 0.528792 0.988169 -0.152553 0.015813 0.240951 0.468909 0.849745 0.988169 -0.152553 0.015813 0.703957 -0.709628 -0.029521 -0.375176 -0.861074 0.343211 -0.775341 -0.275767 -0.568154 0.309486 -0.123515 -0.942848 0.775346 0.275766 0.568148 -0.309482 0.123515 0.942849 -0.375176 -0.861074 0.343211 0.703957 -0.709628 -0.029521 0.703957 -0.709628 -0.029521 0.309486 -0.123515 -0.942848 0.375178 0.861072 -0.343215 0.775346 0.275766 0.568148 -0.703956 0.709630 0.029524 0.375178 0.861072 -0.343215 0.309486 -0.123515 -0.942848 -0.775341 -0.275767 -0.568154 -0.309482 0.123515 0.942849 0.775346 0.275766 0.568148 0.375178 0.861072 -0.343215 -0.703956 0.709630 0.029524 -0.309482 0.123515 0.942849 -0.703956 0.709630 0.029524 -0.775341 -0.275767 -0.568154 -0.375176 -0.861074 0.343211 -0.860525 0.476228 -0.180841 -0.631771 -0.618859 -0.466775 -0.175620 -0.798865 0.575302 -0.401969 0.295277 0.866737 -0.631771 -0.618859 -0.466775 0.401972 -0.295274 -0.866736 0.860528 -0.476225 0.180837 -0.175620 -0.798865 0.575302 -0.860525 0.476228 -0.180841 0.175626 0.798863 -0.575303 0.401972 -0.295274 -0.866736 -0.631771 -0.618859 -0.466775 0.860528 -0.476225 0.180837 0.401972 -0.295274 -0.866736 0.175626 0.798863 -0.575303 0.631776 0.618858 0.466770 0.631776 0.618858 0.466770 0.175626 0.798863 -0.575303 -0.860525 0.476228 -0.180841 -0.401969 0.295277 0.866737 
						-0.401969 0.295277 0.866737 -0.175620 -0.798865 0.575302 0.860528 -0.476225 0.180837 0.631776 0.618858 0.466770 0.631769 -0.618858 -0.466780 0.175625 -0.798864 0.575301 -0.860526 -0.476227 0.180839 -0.401976 -0.295273 -0.866735 0.175625 -0.798864 0.575301 0.631769 -0.618858 -0.466780 0.860523 0.476231 -0.180845 0.401973 0.295277 0.866735 0.631769 -0.618858 -0.466780 -0.401976 -0.295273 -0.866735 -0.175631 0.798861 -0.575304 0.860523 0.476231 -0.180845 -0.631773 0.618858 0.466773 -0.175631 0.798861 -0.575304 -0.401976 -0.295273 -0.866735 -0.860526 -0.476227 0.180839 0.401973 0.295277 0.866735 0.860523 0.476231 -0.180845 -0.175631 0.798861 -0.575304 -0.631773 0.618858 0.466773 0.401973 0.295277 0.866735 -0.631773 0.618858 0.466773 -0.860526 -0.476227 0.180839 0.175625 -0.798864 0.575301 -0.703959 -0.709627 -0.029521 -0.309487 -0.123516 -0.942848 0.775341 -0.275764 -0.568156 0.375176 -0.861076 0.343208 -0.775347 0.275765 0.568147 -0.703959 -0.709627 -0.029521 0.375176 -0.861076 0.343208 0.309482 0.123517 0.942849 -0.703959 -0.709627 -0.029521 -0.775347 0.275765 0.568147 -0.375179 0.861071 -0.343215 -0.309487 -0.123516 -0.942848 0.703955 0.709631 0.029520 0.775341 -0.275764 -0.568156 -0.309487 -0.123516 -0.942848 -0.375179 0.861071 -0.343215 0.309482 0.123517 0.942849 0.703955 0.709631 0.029520 -0.375179 0.861071 -0.343215 -0.775347 0.275765 0.568147 0.309482 0.123517 0.942849 0.375176 -0.861076 0.343208 0.775341 -0.275764 -0.568156 0.703955 0.709631 0.029520 0.380037 -0.783243 0.492038 -0.711680 -0.690845 0.127455 -0.341773 -0.299769 -0.890691 0.751897 -0.390105 -0.531479 -0.711680 -0.690845 0.127455 -0.751892 0.390102 0.531487 -0.380032 0.783245 -0.492039 -0.341773 -0.299769 -0.890691 -0.380032 0.783245 -0.492039 0.711682 0.690843 -0.127455 0.751897 -0.390105 -0.531479 -0.341773 -0.299769 -0.890691 
						0.341777 0.299768 0.890689 0.380037 -0.783243 0.492038 0.751897 -0.390105 -0.531479 0.711682 0.690843 -0.127455 0.341777 0.299768 0.890689 0.711682 0.690843 -0.127455 -0.380032 0.783245 -0.492039 -0.751892 0.390102 0.531487 -0.751892 0.390102 0.531487 -0.711680 -0.690845 0.127455 0.380037 -0.783243 0.492038 0.341777 0.299768 0.890689 -0.380032 -0.783247 0.492037 -0.751898 -0.390104 -0.531477 0.341768 -0.299770 -0.890692 0.711684 -0.690841 0.127451 0.711684 -0.690841 0.127451 0.341768 -0.299770 -0.890692 0.380029 0.783246 -0.492040 0.751897 0.390101 0.531480 0.380029 0.783246 -0.492040 0.341768 -0.299770 -0.890692 -0.751898 -0.390104 -0.531477 -0.711685 0.690840 -0.127455 -0.341770 0.299771 0.890691 -0.711685 0.690840 -0.127455 -0.751898 -0.390104 -0.531477 -0.380032 -0.783247 0.492037 -0.341770 0.299771 0.890691 0.751897 0.390101 0.531480 0.380029 0.783246 -0.492040 -0.711685 0.690840 -0.127455 0.751897 0.390101 0.531480 -0.341770 0.299771 0.890691 -0.380032 -0.783247 0.492037 0.711684 -0.690841 0.127451 -0.118339 0.957060 0.264636 -0.751912 0.542142 0.375113 -0.740639 0.533196 -0.408847 -0.301809 0.820570 -0.485361 0.584567 0.811345 -0.000853 0.184993 0.719649 -0.669240 0.308667 0.792280 -0.526324 -0.270323 0.912299 -0.307629 -0.792206 0.570511 -0.216625 0.945033 0.190353 -0.265852 0.434676 0.289541 -0.852773 0.605606 0.280762 -0.744590 0.300939 -0.217778 -0.928444 0.751919 -0.542129 -0.375118 0.446531 -0.322590 -0.834593 0.118346 -0.957058 -0.264640 0.751919 -0.542129 -0.375118 0.300939 -0.217778 -0.928444 -0.137908 -0.505163 -0.851934 -0.075371 -0.664364 -0.743599 0.446531 -0.322590 -0.834593 -0.584538 -0.811366 0.000858 -0.624741 -0.404254 -0.668040 -0.654350 -0.544348 -0.524892 -0.874413 0.025838 -0.484494 -0.945026 -0.190380 0.265858 -0.951268 -0.032839 -0.306611 -0.533113 -0.286087 0.796206 
						-0.384470 0.277898 0.880316 -0.255572 -0.764229 0.592146 0.304824 -0.218629 0.926976 -0.384470 0.277898 0.880316 -0.533113 -0.286087 0.796206 -0.255572 -0.764229 0.592146 0.773440 -0.556939 0.302669 0.922137 0.007063 0.386800 0.644590 0.485197 0.590836 0.285596 -0.876414 0.387728 0.103345 0.597390 0.795264 0.285596 -0.876414 0.387728 0.773440 -0.556939 0.302669 0.773440 -0.556939 0.302669 0.922137 0.007063 0.386800 0.644590 0.485197 0.590836 0.103345 0.597390 0.795264 0.751923 0.542127 0.375113 0.740652 0.533182 -0.408842 0.874402 0.025842 -0.484514 0.945032 -0.190371 0.265846 0.624731 -0.404256 -0.668048 0.584559 -0.811351 0.000855 0.951263 -0.032843 -0.306627 0.654329 -0.544357 -0.524908 0.792189 0.570531 -0.216636 0.533147 -0.286076 0.796187 0.255577 -0.764222 0.592153 0.384435 0.277927 0.880322 0.533147 -0.286076 0.796187 -0.304820 -0.218628 0.926977 0.255577 -0.764222 0.592153 0.384435 0.277927 0.880322 -0.773436 -0.556943 0.302674 -0.285611 -0.876407 0.387733 -0.922140 0.007082 0.386791 -0.103380 0.597394 0.795257 -0.644571 0.485215 0.590843 -0.922140 0.007082 0.386791 -0.644571 0.485215 0.590843 -0.308654 0.792297 -0.526305 -0.605581 0.280793 -0.744599 -0.446510 -0.322601 -0.834600 -0.773436 -0.556943 0.302674 -0.185014 0.719657 -0.669226 -0.434658 0.289560 -0.852776 -0.300920 -0.217789 -0.928448 -0.945035 0.190363 -0.265840 -0.584565 0.811346 -0.000853 -0.751925 -0.542126 -0.375110 0.301835 0.820571 -0.485343 0.118339 0.957058 0.264641 0.270318 0.912306 -0.307613 -0.103380 0.597394 0.795257 -0.118345 -0.957057 -0.264643 0.137877 -0.505178 -0.851930 -0.300920 -0.217789 -0.928448 -0.751925 -0.542126 -0.375110 0.075343 -0.664379 -0.743589 -0.446510 -0.322601 -0.834600 -0.285611 -0.876407 0.387733 -0.773436 -0.556943 0.302674 0.318298 -0.045572 0.946895 0.904249 -0.021117 0.426484 
						0.839303 -0.501059 0.210973 0.224520 -0.738521 0.635750 0.683264 -0.681366 -0.262470 -0.000766 -0.998856 -0.047817 0.722464 -0.600111 0.343384 0.536896 -0.814548 -0.219670 0.799702 -0.029323 0.599680 -0.432028 -0.577874 0.692397 -0.605496 -0.778325 0.166086 -0.359834 -0.044325 0.931963 -0.432028 -0.577874 0.692397 -0.947992 -0.014486 0.317964 -0.605496 -0.778325 0.166086 -0.359834 -0.044325 0.931963 -0.849961 0.025854 -0.526210 -0.778622 -0.528252 -0.338671 -0.777769 0.559396 -0.286621 -0.431178 0.509774 0.744457 -0.604310 0.759834 0.239711 -0.777769 0.559396 -0.286621 -0.604310 0.759834 0.239711 0.538157 0.830982 -0.140908 0.352597 0.616535 -0.703960 0.275367 0.045759 -0.960250 -0.849961 0.025854 -0.526210 0.684325 0.702274 -0.196240 0.528289 0.521962 -0.669676 0.463340 0.042018 -0.885184 -0.224521 0.738527 -0.635743 0.000763 0.998856 0.047802 -0.318318 0.045573 -0.946888 0.840059 0.477323 0.257807 0.225614 0.674076 0.703363 0.723368 0.563456 0.399068 -0.431178 0.509774 0.744457 -0.225629 -0.674081 -0.703354 0.527535 -0.456428 -0.716505 0.463340 0.042018 -0.885184 -0.318318 0.045573 -0.946888 0.351681 -0.547026 -0.759660 0.275367 0.045759 -0.960250 -0.778622 -0.528252 -0.338671 -0.849961 0.025854 -0.526210 -0.318519 -0.151473 0.935736 0.457566 -0.050668 0.887731 0.581298 -0.502635 0.639884 -0.139878 -0.804026 0.577907 0.761774 -0.628388 0.157572 0.120687 -0.985597 -0.118459 0.417894 -0.619630 0.664397 0.632521 -0.769205 0.090783 0.270777 -0.082127 0.959132 -0.707630 -0.667062 0.232997 -0.507017 -0.806858 -0.303173 -0.845161 -0.164603 0.508537 -0.707630 -0.667062 0.232997 -0.940207 -0.075197 -0.332199 -0.507017 -0.806858 -0.303173 -0.845161 -0.164603 0.508537 -0.354687 0.068641 -0.932462 -0.360803 -0.502128 -0.785932 -0.492241 0.571079 -0.656938 -0.839036 0.406166 0.362005 -0.692857 0.710890 -0.120766 
						-0.492241 0.571079 -0.656938 -0.692857 0.710890 -0.120766 0.433701 0.854488 0.285926 0.648323 0.704926 -0.287674 0.795475 0.167405 -0.582404 -0.354687 0.068641 -0.932462 0.594589 0.736888 0.321653 0.775054 0.611133 -0.160647 0.898787 0.159160 -0.408473 0.139878 0.804025 -0.577909 -0.120681 0.985600 0.118443 0.318515 0.151478 -0.935736 0.463078 0.462764 0.755915 -0.310567 0.589823 0.745424 0.277320 0.528475 0.802377 -0.839036 0.406166 0.362005 0.310567 -0.589815 -0.745431 0.893282 -0.354267 -0.276662 0.898787 0.159160 -0.408473 0.318515 0.151478 -0.935736 0.788932 -0.443197 -0.425631 0.795475 0.167405 -0.582404 -0.360803 -0.502128 -0.785932 -0.354687 0.068641 -0.932462 -0.318307 -0.045571 0.946892 -0.224526 -0.738519 0.635749 -0.839307 -0.501052 0.210977 -0.904250 -0.021114 0.426480 -0.683263 -0.681366 -0.262471 0.000767 -0.998856 -0.047820 -0.536896 -0.814548 -0.219670 -0.722465 -0.600109 0.343387 -0.799698 -0.029318 0.599686 0.432033 -0.577878 0.692390 0.605495 -0.778325 0.166087 0.359844 -0.044322 0.931959 0.432033 -0.577878 0.692390 0.605495 -0.778325 0.166087 0.947993 -0.014485 0.317962 0.359844 -0.044322 0.931959 0.778611 -0.528266 -0.338675 0.849964 0.025840 -0.526206 0.777763 0.559399 -0.286632 0.431192 0.509767 0.744454 0.604302 0.759841 0.239708 0.777763 0.559399 -0.286632 -0.352597 0.616529 -0.703966 -0.538161 0.830980 -0.140909 0.604302 0.759841 0.239708 0.849964 0.025840 -0.526206 -0.275358 0.045744 -0.960253 -0.528297 0.521946 -0.669683 -0.684325 0.702274 -0.196244 -0.463342 0.042003 -0.885184 0.224479 0.738529 -0.635754 -0.000775 0.998856 0.047802 0.318275 0.045565 -0.946903 -0.225620 0.674075 0.703362 -0.840059 0.477322 0.257806 -0.723355 0.563466 0.399078 0.431192 0.509767 0.744454 0.225617 -0.674081 -0.703357 0.318275 0.045565 -0.946903 -0.463342 0.042003 -0.885184 
						-0.527526 -0.456427 -0.716513 -0.275358 0.045744 -0.960253 -0.351687 -0.547021 -0.759660 0.778611 -0.528266 -0.338675 0.849964 0.025840 -0.526206 0.318511 -0.151474 0.935738 0.139872 -0.804027 0.577907 -0.581316 -0.502635 0.639867 -0.457595 -0.050666 0.887716 -0.761773 -0.628389 0.157575 -0.120687 -0.985597 -0.118458 -0.632517 -0.769208 0.090783 -0.417892 -0.619642 0.664387 -0.270753 -0.082128 0.959139 0.707643 -0.667052 0.232989 0.507022 -0.806855 -0.303174 0.845182 -0.164599 0.508502 0.707643 -0.667052 0.232989 0.507022 -0.806855 -0.303174 0.940207 -0.075197 -0.332198 0.845182 -0.164599 0.508502 0.360813 -0.502123 -0.785930 0.354686 0.068639 -0.932463 0.492238 0.571081 -0.656939 0.839052 0.406157 0.361979 0.692855 0.710890 -0.120775 0.492238 0.571081 -0.656939 -0.648327 0.704922 -0.287674 -0.433696 0.854483 0.285947 0.692855 0.710890 -0.120775 0.354686 0.068639 -0.932463 -0.795475 0.167401 -0.582405 -0.775057 0.611128 -0.160652 -0.594589 0.736884 0.321661 -0.898781 0.159158 -0.408486 -0.139872 0.804026 -0.577908 0.120683 0.985600 0.118444 -0.318487 0.151476 -0.935746 0.310558 0.589824 0.745427 -0.463083 0.462764 0.755913 -0.277296 0.528487 0.802376 0.839052 0.406157 0.361979 -0.310535 -0.589818 -0.745441 -0.318487 0.151476 -0.935746 -0.898781 0.159158 -0.408486 -0.893276 -0.354274 -0.276673 -0.795475 0.167401 -0.582405 -0.788926 -0.443203 -0.425638 0.360813 -0.502123 -0.785930 0.354686 0.068639 -0.932463 -0.510591 0.015614 0.859682 -0.920411 0.181060 0.346497 -0.226789 -0.971095 0.074435 -0.064033 -0.726171 0.684526 0.204841 0.959649 -0.192650 0.268760 0.894255 0.357878 0.962348 -0.257918 0.085821 0.876230 -0.155648 -0.456064 -0.920411 0.181060 0.346497 -0.510591 0.015614 0.859682 0.214488 0.450496 0.866631 0.268760 0.894255 0.357878 0.962348 -0.257918 0.085821 0.661055 -0.291301 0.691484 
						-0.064033 -0.726171 0.684526 -0.226789 -0.971095 0.074435 0.268760 0.894255 0.357878 0.204841 0.959649 -0.192650 -0.940247 0.272897 -0.203622 -0.920411 0.181060 0.346497 -0.220495 -0.974341 0.045178 -0.248889 -0.856390 -0.452383 0.902858 -0.150625 -0.402689 0.963802 -0.248626 0.096284 0.048374 0.690872 -0.721357 -0.622031 0.288810 -0.727782 -0.940247 0.272897 -0.203622 -0.622031 0.288810 -0.727782 -0.204870 -0.404161 -0.891450 -0.268842 -0.842380 -0.467033 -0.064033 -0.726171 0.684526 0.661055 -0.291301 0.691484 0.048374 0.690872 -0.721357 0.465539 -0.002097 -0.885025 -0.204870 -0.404161 -0.891450 -0.622031 0.288810 -0.727782 -0.268842 -0.842380 -0.467033 0.876230 -0.155648 -0.456064 -0.679982 0.076268 0.729251 -0.912237 0.356604 0.201638 -0.446181 -0.893836 -0.044505 -0.380441 -0.727431 0.571059 -0.879709 0.460074 -0.120180 -0.912237 0.356604 0.201638 0.347806 0.757035 0.553108 0.421670 0.873631 0.242824 -0.679982 0.076268 0.729251 0.087409 0.320140 0.943329 0.813840 -0.493404 0.306949 0.386968 -0.483586 0.785112 -0.380441 -0.727431 0.571059 -0.446181 -0.893836 -0.044505 0.905420 -0.424326 -0.012727 -0.395952 -0.837883 -0.375730 -0.879709 0.460074 -0.120180 -0.395952 -0.837883 -0.375730 0.447407 0.894096 -0.020471 0.383151 0.733139 -0.561875 -0.396305 0.485430 -0.779295 -0.784072 0.502746 -0.363976 -0.784072 0.502746 -0.363976 -0.396305 0.485430 -0.779295 -0.092690 -0.329202 -0.939699 -0.326232 -0.725617 -0.605848 0.347806 0.757035 0.553108 0.813840 -0.493404 0.306949 0.905420 -0.424326 -0.012727 0.421670 0.873631 0.242824 -0.679982 0.076268 0.729251 -0.380441 -0.727431 0.571059 0.386968 -0.483586 0.785112 0.087409 0.320140 0.943329 0.383151 0.733139 -0.561875 0.686775 -0.081498 -0.722287 -0.326232 -0.725617 -0.605848 -0.092690 -0.329202 -0.939699 0.686775 -0.081498 -0.722287 0.905215 -0.334296 -0.262357 
						-0.784072 0.502746 -0.363976 -0.326232 -0.725617 -0.605848 0.447407 0.894096 -0.020471 0.905215 -0.334296 -0.262357 -0.551825 0.006230 0.833936 -0.934060 0.171229 0.313390 -0.220495 -0.974341 0.045178 -0.081123 -0.749510 0.657004 0.205834 0.968427 -0.140646 0.250249 0.896952 0.364489 0.963802 -0.248626 0.096284 0.902858 -0.150625 -0.402689 -0.934060 0.171229 0.313390 -0.551825 0.006230 0.833936 0.191665 0.461839 0.866008 0.250249 0.896952 0.364489 0.662386 -0.293895 0.689109 -0.081123 -0.749510 0.657004 0.205834 0.968427 -0.140646 -0.945935 0.262645 -0.190328 0.072462 0.729304 -0.680342 -0.639083 0.293306 -0.711016 -0.945935 0.262645 -0.190328 -0.639083 0.293306 -0.711016 -0.185916 -0.434232 -0.881407 -0.248889 -0.856390 -0.452383 -0.551825 0.006230 0.833936 -0.081123 -0.749510 0.657004 0.662386 -0.293895 0.689109 0.191665 0.461839 0.866008 0.072462 0.729304 -0.680342 0.525641 0.001771 -0.850705 -0.185916 -0.434232 -0.881407 -0.639083 0.293306 -0.711016 -0.185916 -0.434232 -0.881407 0.525641 0.001771 -0.850705 -0.268842 -0.842380 -0.467033 0.876230 -0.155648 -0.456064 0.061700 0.632843 0.771818 -0.565432 0.525555 0.635671 0.124478 -0.651144 0.748676 0.514559 -0.139567 0.846020 -0.198541 0.577581 -0.791821 0.188822 0.861439 -0.471455 0.878717 -0.315274 -0.358412 0.468799 -0.560735 -0.682498 -0.565432 0.525555 0.635671 0.061700 0.632843 0.771818 0.532573 0.842534 0.080631 0.188822 0.861439 -0.471455 0.878717 -0.315274 -0.358412 0.985449 0.070131 0.154830 0.514559 -0.139567 0.846020 0.124478 -0.651144 0.748676 -0.198541 0.577581 -0.791821 -0.926836 0.253269 0.277182 -0.564996 0.037741 -0.824230 -0.959677 -0.138016 -0.244892 -0.926836 0.253269 0.277182 -0.959677 -0.138016 -0.244892 -0.571334 -0.800447 -0.181278 -0.259476 -0.885046 0.386479 -0.926836 0.253269 0.277182 -0.259476 -0.885046 0.386479 
						0.061700 0.632843 0.771818 0.514559 -0.139567 0.846020 0.985449 0.070131 0.154830 0.532573 0.842534 0.080631 -0.564996 0.037741 -0.824230 -0.176640 -0.624684 -0.760637 0.468799 -0.560735 -0.682498 0.395191 0.788779 0.470800 -0.217720 0.698260 0.681932 0.519013 -0.440781 0.732351 0.861799 0.067382 0.502754 -0.543358 0.417791 -0.728157 -0.076776 0.729124 -0.680061 0.659956 -0.409917 -0.629624 0.186562 -0.710824 -0.678177 -0.217720 0.698260 0.681932 0.395191 0.788779 0.470800 0.479513 0.807244 -0.344128 -0.076776 0.729124 -0.680061 0.659956 -0.409917 -0.629624 0.946133 0.085849 -0.312188 0.861799 0.067382 0.502754 0.519013 -0.440781 0.732351 -0.076776 0.729124 -0.680061 -0.543358 0.417791 -0.728157 -0.682832 0.387253 0.619497 -0.217720 0.698260 0.681932 -0.259476 -0.885046 0.386479 0.468799 -0.560735 -0.682498 -0.866242 -0.081118 -0.492996 -0.948425 -0.099114 0.301107 -0.682832 0.387253 0.619497 -0.948425 -0.099114 0.301107 -0.492218 -0.804531 0.332344 0.047089 -0.741361 0.669452 0.861799 0.067382 0.502754 0.946133 0.085849 -0.312188 -0.866242 -0.081118 -0.492996 -0.410031 -0.786538 -0.461772 -0.492218 -0.804531 0.332344 -0.948425 -0.099114 0.301107 0.047089 -0.741361 0.669452 0.186562 -0.710824 -0.678177 0.047089 -0.741361 0.669452 0.186562 -0.710824 -0.678177 -0.918961 0.103327 0.380570 -0.855477 0.502658 -0.124476 -0.492390 -0.766866 -0.411666 -0.690638 -0.695004 0.199973 -0.644437 0.653448 -0.397122 -0.855477 0.502658 -0.124476 0.137361 0.576185 0.805694 0.383700 0.729583 0.566112 -0.918961 0.103327 0.380570 -0.329786 0.146964 0.932546 0.500437 -0.693343 0.518496 -0.101462 -0.651365 0.751951 0.761315 -0.590666 0.267418 0.500437 -0.693343 0.518496 -0.492390 -0.766866 -0.411666 -0.266818 -0.666817 -0.695818 -0.855477 0.502658 -0.124476 -0.644437 0.653448 -0.397122 -0.266818 -0.666817 -0.695818 
						-0.492390 -0.766866 -0.411666 0.554288 0.779121 0.292806 0.694060 0.674561 -0.251493 0.154131 0.634579 -0.757333 -0.386991 0.709398 -0.589060 -0.386991 0.709398 -0.589060 0.154131 0.634579 -0.757333 0.365747 -0.105285 -0.924740 -0.040192 -0.503004 -0.863349 0.137361 0.576185 0.805694 0.383700 0.729583 0.566112 -0.918961 0.103327 0.380570 -0.690638 -0.695004 0.199973 -0.101462 -0.651365 0.751951 -0.329786 0.146964 0.932546 0.694060 0.674561 -0.251493 0.905689 -0.065302 -0.418882 -0.040192 -0.503004 -0.863349 0.365747 -0.105285 -0.924740 0.905689 -0.065302 -0.418882 0.901062 -0.433296 0.018484 0.554288 0.779121 0.292806 0.914428 0.377039 0.147185 0.715046 0.103872 0.691317 0.394524 -0.756215 0.522005 0.441724 -0.891278 -0.102486 -0.442983 0.893123 0.078086 -0.913518 -0.369347 -0.170494 -0.836781 -0.484991 0.254129 -0.364105 0.783328 0.503811 0.914428 0.377039 0.147185 -0.364105 0.783328 0.503811 -0.114986 0.367635 0.922834 0.715046 0.103872 0.691317 -0.836781 -0.484991 0.254129 0.441724 -0.891278 -0.102486 0.394524 -0.756215 0.522005 -0.435515 -0.492453 0.753536 0.827121 0.489486 -0.276179 -0.442983 0.893123 0.078086 0.442075 0.493560 -0.748978 -0.396317 0.759987 -0.515124 0.118738 -0.373974 -0.919807 0.442075 0.493560 -0.748978 0.827121 0.489486 -0.276179 0.356582 -0.772969 -0.524755 0.827121 0.489486 -0.276179 0.356582 -0.772969 -0.524755 -0.114986 0.367635 0.922834 -0.435515 -0.492453 0.753536 0.394524 -0.756215 0.522005 0.715046 0.103872 0.691317 -0.719658 -0.107529 -0.685951 -0.396317 0.759987 -0.515124 0.356582 -0.772969 -0.524755 -0.913518 -0.369347 -0.170494 -0.719658 -0.107529 -0.685951 0.118738 -0.373974 -0.919807 0.921401 0.162281 0.353108 0.481693 -0.021551 0.876075 0.056385 -0.701754 0.710185 0.218079 -0.972583 0.080775 -0.194550 0.957808 -0.211550 -0.874135 -0.133256 -0.467045 
						-0.958800 -0.251024 0.133000 -0.250518 0.879426 0.404785 0.921401 0.162281 0.353108 -0.250518 0.879426 0.404785 -0.179856 0.383898 0.905690 0.481693 -0.021551 0.876075 -0.958800 -0.251024 0.133000 0.218079 -0.972583 0.080775 0.056385 -0.701754 0.710185 -0.603490 -0.297926 0.739621 0.926935 0.270597 -0.259941 -0.194550 0.957808 -0.211550 0.578297 0.290068 -0.762518 -0.051122 0.675737 -0.735368 0.171023 -0.363784 -0.915648 0.578297 0.290068 -0.762518 0.926935 0.270597 -0.259941 0.247319 -0.820457 -0.515446 -0.179856 0.383898 0.905690 -0.603490 -0.297926 0.739621 0.056385 -0.701754 0.710185 0.481693 -0.021551 0.876075 0.578297 0.290068 -0.762518 0.171023 -0.363784 -0.915648 -0.458403 0.021884 -0.888475 -0.051122 0.675737 -0.735368 0.247319 -0.820457 -0.515446 -0.874135 -0.133256 -0.467045 -0.458403 0.021884 -0.888475 0.171023 -0.363784 -0.915648 0.901042 0.168105 0.399830 0.452864 -0.001630 0.891578 0.044081 -0.680685 0.731249 0.217652 -0.967090 0.131774 -0.204317 0.958709 -0.197815 -0.874146 -0.153989 -0.460605 -0.953698 -0.264591 0.143007 -0.270320 0.870611 0.411051 0.901042 0.168105 0.399830 -0.270320 0.870611 0.411051 -0.202112 0.391172 0.897850 0.452864 -0.001630 0.891578 -0.953698 -0.264591 0.143007 0.217652 -0.967090 0.131774 0.044081 -0.680685 0.731249 -0.610899 -0.287877 0.737515 0.939098 0.272966 -0.208768 -0.204317 0.958709 -0.197815 -0.930440 -0.262319 0.255871 -0.858275 -0.344612 -0.380272 0.324185 -0.924294 -0.201459 0.277861 -0.854657 0.438582 0.602570 0.287210 -0.744593 -0.040862 0.673087 -0.738434 0.200093 -0.381374 -0.902506 0.602570 0.287210 -0.744593 0.939098 0.272966 -0.208768 0.269248 -0.839723 -0.471562 -0.202112 0.391172 0.897850 -0.610899 -0.287877 0.737515 0.044081 -0.680685 0.731249 0.452864 -0.001630 0.891578 0.602570 0.287210 -0.744593 0.200093 -0.381374 -0.902506 
						-0.443349 0.004507 -0.896338 -0.040862 0.673087 -0.738434 0.269248 -0.839723 -0.471562 -0.874146 -0.153989 -0.460605 -0.443349 0.004507 -0.896338 0.200093 -0.381374 -0.902506 0.881309 0.341670 0.326429 0.436454 0.302035 0.847515 0.082917 -0.398887 0.913243 0.277861 -0.854657 0.438582 0.916674 0.250314 -0.311530 0.324185 -0.924294 -0.201459 0.881309 0.341670 0.326429 -0.327013 0.934028 0.143713 -0.223068 0.625338 0.747792 0.436454 0.302035 0.847515 0.082917 -0.398887 0.913243 -0.576615 -0.075580 0.813513 0.916674 0.250314 -0.311530 -0.265826 0.830002 -0.490339 0.562674 0.069879 -0.823720 -0.076759 0.383349 -0.920408 0.218603 -0.612306 -0.759798 0.562674 0.069879 -0.823720 -0.265826 0.830002 -0.490339 -0.858275 -0.344612 -0.380272 -0.930440 -0.262319 0.255871 -0.327013 0.934028 0.143713 -0.223068 0.625338 0.747792 -0.576615 -0.075580 0.813513 0.082917 -0.398887 0.913243 0.436454 0.302035 0.847515 0.562674 0.069879 -0.823720 0.218603 -0.612306 -0.759798 -0.420844 -0.298842 -0.856495 -0.076759 0.383349 -0.920408 -0.420844 -0.298842 -0.856495 0.218603 -0.612306 -0.759798 0.219299 0.697323 0.682385 -0.408154 0.786853 0.462897 -0.865696 0.079469 0.494222 -0.517481 -0.441799 0.732821 0.544440 0.417173 -0.727703 -0.185535 -0.711532 -0.677716 -0.658579 -0.410899 -0.630425 0.078192 0.728213 -0.680876 0.219299 0.697323 0.682385 0.078192 0.728213 -0.680876 -0.490594 0.804918 -0.333803 -0.408154 0.786853 0.462897 -0.658579 -0.410899 -0.630425 -0.517481 -0.441799 0.732821 -0.865696 0.079469 0.494222 -0.948147 0.097532 -0.302498 0.683802 0.386670 0.618790 0.544440 0.417173 -0.727703 0.946245 -0.086344 0.311712 0.862007 -0.067904 -0.502328 0.480124 -0.807093 0.343631 0.946245 -0.086344 0.311712 0.683802 0.386670 0.618790 -0.046175 -0.742046 0.668757 0.683802 0.386670 0.618790 -0.046175 -0.742046 0.668757 
						-0.490594 0.804918 -0.333803 -0.948147 0.097532 -0.302498 -0.865696 0.079469 0.494222 -0.408154 0.786853 0.462897 0.395881 -0.788658 -0.470421 0.862007 -0.067904 -0.502328 -0.046175 -0.742046 0.668757 -0.185535 -0.711532 -0.677716 0.395881 -0.788658 -0.470421 0.480124 -0.807093 0.343631 -0.948147 0.097532 -0.302498 -0.490594 0.804918 -0.333803 0.862007 -0.067904 -0.502328 0.395881 -0.788658 -0.470421 -0.576615 -0.075580 0.813513 -0.223068 0.625338 0.747792 -0.076759 0.383349 -0.920408 -0.420844 -0.298842 -0.856495 -0.610899 -0.287877 0.737515 -0.202112 0.391172 0.897850 -0.040862 0.673087 -0.738434 -0.443349 0.004507 -0.896338 -0.603490 -0.297926 0.739621 -0.179856 0.383898 0.905690 -0.051122 0.675737 -0.735368 -0.458403 0.021884 -0.888475 -0.364105 0.783328 0.503811 -0.836781 -0.484991 0.254129 -0.396317 0.759987 -0.515124 -0.719658 -0.107529 -0.685951 0.500437 -0.693343 0.518496 0.137361 0.576185 0.805694 0.901062 -0.433296 0.018484 0.905689 -0.065302 -0.418882 0.554288 0.779121 0.292806 -0.386991 0.709398 -0.589060 0.087409 0.320140 0.943329 0.347806 0.757035 0.553108 0.686775 -0.081498 -0.722287 0.383151 0.733139 -0.561875 0.191665 0.461839 0.866008 0.662386 -0.293895 0.689109 0.525641 0.001771 -0.850705 0.072462 0.729304 -0.680342 0.214488 0.450496 0.866631 0.661055 -0.291301 0.691484 0.465539 -0.002097 -0.885025 0.048374 0.690872 -0.721357 0.878717 -0.315274 -0.358412 0.188822 0.861439 -0.471455 -0.176640 -0.624684 -0.760637 -0.564996 0.037741 -0.824230 0.479513 0.807244 -0.344128 0.946133 0.085849 -0.312188 -0.410031 -0.786538 -0.461772 -0.866242 -0.081118 -0.492996 -0.061707 0.632842 0.771819 -0.514566 -0.139564 0.846016 -0.124486 -0.651142 0.748677 0.565428 0.525557 0.635674 0.198542 0.577581 -0.791822 -0.468800 -0.560735 -0.682497 -0.878719 -0.315276 -0.358406 -0.188827 0.861439 -0.471452 
						0.565428 0.525557 0.635674 -0.188827 0.861439 -0.471452 -0.532579 0.842530 0.080639 -0.061707 0.632842 0.771819 -0.878719 -0.315276 -0.358406 -0.124486 -0.651142 0.748677 -0.514566 -0.139564 0.846016 -0.985448 0.070126 0.154836 0.926836 0.253266 0.277183 0.198542 0.577581 -0.791822 0.959676 -0.138021 -0.244892 0.564998 0.037739 -0.824229 0.926836 0.253266 0.277183 0.259475 -0.885046 0.386479 0.571332 -0.800449 -0.181277 0.959676 -0.138021 -0.244892 0.565428 0.525557 0.635674 -0.124486 -0.651142 0.748677 -0.532579 0.842530 0.080639 -0.985448 0.070126 0.154836 0.564998 0.037739 -0.824229 0.176638 -0.624684 -0.760637 0.259475 -0.885046 0.386479 -0.468800 -0.560735 -0.682497 0.176638 -0.624684 -0.760637 0.571332 -0.800449 -0.181277 -0.395182 0.788781 0.470804 -0.861795 0.067383 0.502762 -0.519010 -0.440780 0.732353 0.217721 0.698259 0.681933 0.543365 0.417790 -0.728153 -0.186551 -0.710825 -0.678179 -0.659959 -0.409920 -0.629619 0.076774 0.729126 -0.680060 0.217721 0.698259 0.681933 0.076774 0.729126 -0.680060 -0.479527 0.807240 -0.344119 -0.395182 0.788781 0.470804 -0.659959 -0.409920 -0.629619 -0.519010 -0.440780 0.732353 -0.861795 0.067383 0.502762 -0.946138 0.085845 -0.312176 0.682825 0.387255 0.619503 0.543365 0.417790 -0.728153 0.948423 -0.099113 0.301114 0.866244 -0.081115 -0.492993 0.682825 0.387255 0.619503 -0.047099 -0.741359 0.669453 0.492212 -0.804532 0.332349 0.948423 -0.099113 0.301114 -0.047099 -0.741359 0.669453 0.682825 0.387255 0.619503 -0.395182 0.788781 0.470804 -0.479527 0.807240 -0.344119 -0.946138 0.085845 -0.312176 -0.861795 0.067383 0.502762 0.866244 -0.081115 -0.492993 0.410037 -0.786536 -0.461770 -0.047099 -0.741359 0.669453 -0.186551 -0.710825 -0.678179 0.410037 -0.786536 -0.461770 0.492212 -0.804532 0.332349 -0.423727 0.875014 0.234107 -0.952324 0.169860 0.253431 
						-0.694270 -0.319228 0.645045 0.128210 0.778030 0.615006 0.797585 0.198679 -0.569547 0.018496 -0.840784 -0.541055 -0.476525 -0.519540 -0.709226 0.345954 0.577719 -0.739295 0.128210 0.778030 0.615006 0.345954 0.577719 -0.739295 -0.291257 0.753117 -0.589902 -0.423727 0.875014 0.234107 -0.476525 -0.519540 -0.709226 -0.694270 -0.319228 0.645045 -0.952324 0.169860 0.253431 -0.819838 0.047966 -0.570583 0.592407 0.387416 0.706373 0.797585 0.198679 -0.569547 0.846533 -0.169665 0.504575 0.951933 -0.266604 -0.150819 0.592407 0.387416 0.706373 -0.186682 -0.652048 0.734835 0.413864 -0.746926 0.520403 0.846533 -0.169665 0.504575 -0.423727 0.875014 0.234107 -0.291257 0.753117 -0.589902 -0.819838 0.047966 -0.570583 -0.952324 0.169860 0.253431 0.951933 -0.266604 -0.150819 0.846533 -0.169665 0.504575 0.413864 -0.746926 0.520403 0.519285 -0.843871 -0.135001 -0.186682 -0.652048 0.734835 0.018496 -0.840784 -0.541055 0.519285 -0.843871 -0.135001 0.413864 -0.746926 0.520403 0.918960 0.103329 0.380572 0.690640 -0.695002 0.199971 0.492392 -0.766867 -0.411662 0.855477 0.502658 -0.124472 0.644440 0.653447 -0.397119 -0.383698 0.729584 0.566112 -0.137358 0.576185 0.805695 0.855477 0.502658 -0.124472 0.329791 0.146964 0.932545 0.918960 0.103329 0.380572 -0.500435 -0.693342 0.518499 0.492392 -0.766867 -0.411662 0.690640 -0.695002 0.199971 0.101470 -0.651364 0.751950 -0.761314 -0.590666 0.267421 0.266823 -0.666819 -0.695815 0.855477 0.502658 -0.124472 0.492392 -0.766867 -0.411662 0.266823 -0.666819 -0.695815 0.644440 0.653447 -0.397119 -0.554284 0.779123 0.292809 0.387000 0.709397 -0.589056 -0.154120 0.634580 -0.757334 -0.694058 0.674563 -0.251491 0.387000 0.709397 -0.589056 0.040203 -0.503006 -0.863347 -0.365738 -0.105287 -0.924744 -0.154120 0.634580 -0.757334 -0.137358 0.576185 0.805695 -0.383698 0.729584 0.566112 
						-0.761314 -0.590666 0.267421 -0.500435 -0.693342 0.518499 0.329791 0.146964 0.932545 0.101470 -0.651364 0.751950 -0.694058 0.674563 -0.251491 -0.154120 0.634580 -0.757334 -0.365738 -0.105287 -0.924744 -0.905690 -0.065300 -0.418881 0.040203 -0.503006 -0.863347 -0.901062 -0.433296 0.018488 -0.905690 -0.065300 -0.418881 -0.365738 -0.105287 -0.924744 -0.554284 0.779123 0.292809 -0.901062 -0.433296 0.018488 0.930441 -0.262315 0.255872 -0.277867 -0.854657 0.438579 -0.324189 -0.924292 -0.201458 0.858275 -0.344610 -0.380273 -0.881310 0.341673 0.326424 -0.277867 -0.854657 0.438579 -0.082922 -0.398887 0.913243 -0.436460 0.302038 0.847511 -0.916675 0.250319 -0.311525 -0.324189 -0.924292 -0.201458 -0.277867 -0.854657 0.438579 -0.881310 0.341673 0.326424 -0.881310 0.341673 0.326424 -0.436460 0.302038 0.847511 0.223063 0.625340 0.747792 0.327008 0.934030 0.143714 0.576609 -0.075576 0.813517 -0.082922 -0.398887 0.913243 0.265825 0.830003 -0.490339 -0.916675 0.250319 -0.311525 0.076757 0.383350 -0.920408 -0.562680 0.069883 -0.823716 -0.218609 -0.612307 -0.759796 -0.562680 0.069883 -0.823716 0.265825 0.830003 -0.490339 0.327008 0.934030 0.143714 0.930441 -0.262315 0.255872 0.858275 -0.344610 -0.380273 0.223063 0.625340 0.747792 0.576609 -0.075576 0.813517 -0.562680 0.069883 -0.823716 0.076757 0.383350 -0.920408 0.420845 -0.298844 -0.856494 -0.218609 -0.612307 -0.759796 -0.218609 -0.612307 -0.759796 0.420845 -0.298844 -0.856494 -0.219306 0.697321 0.682385 0.517477 -0.441799 0.732824 0.865693 0.079470 0.494227 0.408146 0.786855 0.462900 -0.544444 0.417172 -0.727700 -0.078189 0.728213 -0.680876 0.658582 -0.410897 -0.630423 0.185533 -0.711534 -0.677715 -0.219306 0.697321 0.682385 0.408146 0.786855 0.462900 0.490595 0.804917 -0.333804 -0.078189 0.728213 -0.680876 0.658582 -0.410897 -0.630423 0.948146 0.097531 -0.302499 
						0.865693 0.079470 0.494227 0.517477 -0.441799 0.732824 -0.219306 0.697321 0.682385 -0.078189 0.728213 -0.680876 -0.544444 0.417172 -0.727700 -0.683802 0.386669 0.618790 0.500700 -0.494227 -0.710661 0.716555 -0.295657 0.631772 0.202206 -0.645696 0.736335 -0.004498 -0.835819 -0.548987 -0.862011 -0.067903 -0.502321 -0.946245 -0.086344 0.311712 -0.480124 -0.807093 0.343630 0.046176 -0.742045 0.668757 -0.683802 0.386669 0.618790 -0.946245 -0.086344 0.311712 0.865693 0.079470 0.494227 0.948146 0.097531 -0.302499 -0.946245 -0.086344 0.311712 -0.862011 -0.067903 -0.502321 -0.395892 -0.788656 -0.470417 -0.480124 -0.807093 0.343630 0.046176 -0.742045 0.668757 -0.480124 -0.807093 0.343630 -0.395892 -0.788656 -0.470417 0.185533 -0.711534 -0.677715 -0.098987 0.792350 0.601982 0.716555 -0.295657 0.631772 0.954085 0.194882 0.227469 0.448905 0.868792 0.209011 -0.581983 0.400581 0.707693 0.202206 -0.645696 0.736335 0.716555 -0.295657 0.631772 -0.098987 0.792350 0.601982 -0.098987 0.792350 0.601982 0.448905 0.868792 0.209011 0.323191 0.753104 -0.573047 -0.314842 0.593781 -0.740472 0.828346 0.079189 -0.554592 0.954085 0.194882 0.227469 -0.788685 0.210453 -0.577656 -0.581983 0.400581 0.707693 -0.952682 -0.259086 -0.158971 -0.845095 -0.160125 0.510073 -0.404461 -0.748017 0.526196 -0.845095 -0.160125 0.510073 -0.788685 0.210453 -0.577656 -0.314842 0.593781 -0.740472 0.500700 -0.494227 -0.710661 -0.004498 -0.835819 -0.548987 0.323191 0.753104 -0.573047 0.828346 0.079189 -0.554592 -0.845095 -0.160125 0.510073 -0.952682 -0.259086 -0.158971 -0.512055 -0.846986 -0.142878 -0.404461 -0.748017 0.526196 0.202206 -0.645696 0.736335 -0.004498 -0.835819 -0.548987 0.323191 0.753104 -0.573047 0.828346 0.079189 -0.554592 -0.788685 0.210453 -0.577656 0.490595 0.804917 -0.333804 0.948146 0.097531 -0.302499 -0.862011 -0.067903 -0.502321 
						-0.395892 -0.788656 -0.470417 0.223063 0.625340 0.747792 0.576609 -0.075576 0.813517 0.265825 0.830003 -0.490339 0.858275 -0.344610 -0.380273 0.329791 0.146964 0.932545 0.101470 -0.651364 0.751950 -0.554284 0.779123 0.292809 -0.901062 -0.433296 0.018488 -0.532579 0.842530 0.080639 -0.188827 0.861439 -0.471452 -0.878719 -0.315276 -0.358406 -0.985448 0.070126 0.154836 0.564998 0.037739 -0.824229 0.176638 -0.624684 -0.760637 -0.479527 0.807240 -0.344119 -0.946138 0.085845 -0.312176 0.866244 -0.081115 -0.492993 0.410037 -0.786536 -0.461770 -0.291257 0.753117 -0.589902 -0.819838 0.047966 -0.570583 0.797585 0.198679 -0.569547 0.018496 -0.840784 -0.541055 -0.605177 -0.312278 0.732286 -0.041711 -0.000871 0.999129 -0.274465 0.438684 0.855701 -0.781406 0.020539 0.623685 -0.433659 0.760695 0.482994 -0.901945 0.264351 0.341487 -0.476664 0.878877 -0.019135 -0.934507 0.353834 -0.038702 -0.391950 0.761562 -0.516137 -0.870365 0.265007 -0.415013 -0.202212 0.440187 -0.874840 -0.726702 0.021670 -0.686611 0.041717 0.000868 -0.999129 -0.542011 -0.310964 -0.780721 0.274460 -0.438686 -0.855702 -0.365788 -0.643777 -0.672124 0.433652 -0.760699 -0.482994 -0.245249 -0.887590 -0.389918 0.476663 -0.878878 0.019133 -0.212685 -0.977072 -0.009727 0.391944 -0.761565 0.516138 -0.276831 -0.888246 0.366584 -0.878096 -0.477046 -0.037070 0.202212 -0.440193 0.874837 -0.420487 -0.644918 0.638179 -0.041711 -0.000871 0.999129 -0.605177 -0.312278 0.732286 -0.878096 -0.477046 -0.037070 -0.878096 -0.477046 -0.037070 -0.878096 -0.477046 -0.037070 -0.878096 -0.477046 -0.037070 -0.878096 -0.477046 -0.037070 -0.878096 -0.477046 -0.037070 -0.878096 -0.477046 -0.037070 -0.878096 -0.477046 -0.037070 -0.878096 -0.477046 -0.037070 -0.878096 -0.477046 -0.037070 -0.878096 -0.477046 -0.037070 0.639420 -0.333881 0.692579 0.085567 -0.038732 0.995579 -0.159804 -0.475450 0.865107 
						0.453638 -0.664546 0.593794 -0.362339 -0.784774 0.502832 0.300280 -0.898754 0.319488 -0.467800 -0.883815 0.005823 0.220431 -0.973746 -0.056828 -0.447914 -0.746038 -0.492748 0.235493 -0.869427 -0.434328 -0.307996 -0.408365 -0.859288 0.341430 -0.613751 -0.711854 -0.085565 0.038729 -0.995580 0.509846 -0.275230 -0.815049 0.159789 0.475452 -0.865108 0.695623 0.055444 -0.716265 0.362339 0.784776 -0.502829 0.848985 0.289652 -0.441958 0.467798 0.883816 -0.005820 0.928831 0.364643 -0.065642 0.447910 0.746040 0.492748 0.913773 0.260320 0.311853 0.879684 -0.466228 -0.093741 0.308013 0.408365 0.859282 0.807842 0.004642 0.589380 0.085567 -0.038732 0.995579 0.639420 -0.333881 0.692579 0.879684 -0.466228 -0.093741 0.879684 -0.466228 -0.093741 0.879684 -0.466228 -0.093741 0.879684 -0.466228 -0.093741 0.879684 -0.466228 -0.093741 0.879684 -0.466228 -0.093741 0.879684 -0.466228 -0.093741 0.879684 -0.466228 -0.093741 0.879684 -0.466228 -0.093741 0.879684 -0.466228 -0.093741 0.879684 -0.466228 -0.093741 
					</float_array>
					<technique_common>
						<accessor count="4707" offset="0" source="#meshId0-normals-array" stride="3">
							<param name="X" type="float" />
							<param name="Y" type="float" />
							<param name="Z" type="float" />
						</accessor>
					</technique_common>
				</source>
				<source id="meshId0-tangents" name="meshId0-tangents">
					<float_array id="meshId0-tangents-array" count="14121"> 
						0.460939 0.886905 0.030567 0.264593 0.963870 -0.030755 0.478814 0.861470 -0.169133 0.545472 0.830781 -0.110735 0.995112 0.093171 0.032737 0.990522 0.128890 0.047472 0.999877 -0.014834 -0.005083 0.527315 0.834697 0.158809 0.238552 0.957912 0.159677 0.241461 0.966307 0.089150 0.491029 0.863859 0.112417 0.873745 0.409837 0.261924 0.855963 0.468099 0.219571 0.471378 0.784088 0.403744 0.629795 0.688618 0.359392 0.999688 -0.003117 0.024783 0.998809 -0.022691 0.043186 0.995497 -0.029233 0.090177 0.996231 -0.011166 0.086021 0.967517 0.252670 0.008293 0.957879 0.287136 -0.004490 0.999113 0.004847 -0.041836 0.983349 -0.018982 0.180732 0.605641 0.766143 0.214997 0.248030 0.934010 0.257111 0.994832 0.019119 -0.099723 0.996722 0.044624 -0.067476 0.974872 -0.028353 0.220954 0.978510 -0.031398 0.203796 0.787659 0.088248 0.609759 0.765278 0.110846 0.634084 0.825217 0.564588 -0.016058 0.823376 0.563968 -0.063187 0.999003 -0.044649 -0.000257 0.997311 -0.069794 0.022359 0.965347 -0.025116 0.259758 0.965576 -0.020155 0.259340 0.038640 0.622624 0.781566 0.044291 0.528662 0.847676 0.106917 0.532724 0.839508 0.312125 0.248190 0.917050 0.360758 0.243925 0.900197 0.235483 0.285114 0.929117 0.208153 0.284972 0.935662 0.710776 0.122300 0.692705 0.664981 0.126180 0.736124 -0.160636 0.654331 0.738950 0.049404 0.471269 0.880605 -0.101313 0.508041 0.855354 0.085357 0.378828 0.921522 0.119880 0.523584 0.843498 0.119922 0.467372 0.875889 0.064920 0.335870 0.939669 0.136850 0.335339 0.932105 -0.013850 0.403317 0.914956 0.989277 0.132413 0.061619 0.988840 0.129263 0.074069 0.986134 0.023953 0.164215 0.990147 0.120125 0.071969 0.988902 0.107288 0.102776 0.990085 0.140216 0.008416 0.919218 0.339606 0.199262 0.922979 0.358322 0.140409 0.999476 -0.021320 -0.024349 
						0.908614 0.366375 0.200473 0.967966 0.210958 0.136153 0.994800 0.073432 0.070573 0.922821 0.375975 0.083932 0.897124 0.440094 0.038552 0.944010 0.323256 0.065957 0.972639 0.125990 0.195192 0.943546 0.313319 0.107479 0.937126 0.336207 0.093590 0.592111 0.745938 0.304928 0.995099 0.077042 -0.061991 0.976303 0.206875 0.063521 0.880027 0.474923 -0.000408 0.292164 0.888361 0.354197 0.419271 -0.008967 0.907817 0.546676 -0.265619 0.794098 0.564848 0.017743 0.825004 0.536834 -0.152108 0.829863 0.496533 0.200309 0.844589 0.604291 0.133916 0.785429 0.559786 0.127058 0.818838 0.494597 0.178202 0.850657 0.156170 0.424915 0.891660 0.185328 0.421531 0.887674 0.194125 0.427247 0.883049 0.103867 0.515479 0.850584 0.996322 -0.080434 0.029537 0.997267 -0.073656 0.005828 0.403964 0.219789 0.887979 0.303158 0.242398 0.921595 0.178208 0.546250 0.818446 0.442161 0.100573 0.891279 0.261294 0.403509 0.876873 0.225163 0.345372 0.911054 0.244101 0.334521 0.910225 0.266611 0.266793 0.926142 0.097237 0.321705 0.941834 0.034677 0.381380 0.923768 -0.087001 0.827930 0.554043 0.072907 0.860201 0.504717 -0.036784 0.467670 0.883138 -0.171918 0.627898 0.759071 0.955909 -0.014581 0.293300 0.620277 0.148637 0.770171 0.375553 0.235794 0.896304 0.998968 -0.045412 0.000711 0.153952 0.523960 0.837714 0.174486 0.451792 0.874893 0.981764 -0.037982 0.186273 0.937289 0.077670 0.339790 0.773495 0.136645 0.618897 0.845775 0.058499 0.530322 0.355378 0.257165 0.898651 0.344412 0.247111 0.905713 0.270535 0.270719 0.923862 0.239283 0.314123 0.918733 0.560784 0.234308 0.794117 0.463281 0.249388 0.850398 0.369512 0.250241 0.894897 0.493172 0.184062 0.850237 0.311329 0.251163 0.916510 0.287518 0.219309 0.932329 0.548760 0.160310 0.820465 0.997240 -0.074094 0.004741 
						0.997639 -0.053694 0.042810 0.262250 0.293174 0.919388 0.541043 -0.053165 0.839313 0.660426 0.122423 0.740844 0.268294 0.229117 0.935694 0.505179 -0.016458 0.862858 0.791226 -0.322215 0.519749 0.287702 0.113099 0.951018 0.931941 -0.356726 -0.065057 0.903731 -0.405616 -0.136918 0.831340 -0.354146 -0.428315 0.760140 -0.424912 -0.491566 0.245107 0.170051 0.954466 0.239128 0.170831 0.955842 0.164464 0.126788 0.978201 0.140145 0.127094 0.981940 0.089210 0.122496 0.988451 -0.000964 0.130741 0.991416 -0.100438 0.167380 0.980763 0.034081 0.148682 0.988298 -0.576568 -0.723551 -0.379529 -0.911528 0.287129 -0.294405 -0.925315 0.372095 -0.073056 -0.667348 -0.727877 -0.157612 -0.073823 0.221261 0.972416 0.110599 0.137104 0.984363 -0.876273 0.481755 -0.007625 -0.674054 -0.737527 0.041288 0.563848 -0.075437 0.822426 0.276870 0.715314 0.641614 0.420063 0.769434 0.481163 0.722921 -0.085934 0.685566 -0.177055 0.176301 0.968282 -0.275240 0.220715 0.935697 -0.267551 0.200324 0.942490 -0.227462 0.196197 0.953817 -0.142087 0.171022 0.974968 -0.286035 0.235814 0.928750 -0.410253 0.332343 0.849259 -0.479354 0.419819 0.770696 -0.355744 0.267606 0.895452 -0.295207 0.198974 0.934485 -0.519642 0.437400 0.733930 -0.568511 0.529285 0.629803 -0.251955 0.194955 0.947898 -0.396989 0.370803 0.839586 -0.302247 0.294296 0.906662 -0.431024 0.341994 0.835020 -0.351629 0.273338 0.895346 -0.271726 0.182438 0.944924 -0.494177 0.465720 0.734094 -0.389427 0.299826 0.870891 -0.580879 0.596281 0.554102 -0.263164 0.169959 0.949662 -0.283291 0.214472 0.934745 -0.350286 0.244935 0.904050 -0.310395 0.204444 0.928363 -0.259371 0.149858 0.954080 -0.397917 -0.636919 -0.660300 -0.781387 0.286286 -0.554504 -0.338389 0.239944 0.909901 -0.299961 0.191504 0.934532 -0.286265 0.189471 0.939230 -0.260074 0.158209 0.952539 
						-0.252412 0.165452 0.953370 -0.286022 0.166749 0.943603 -0.336883 0.222992 0.914759 0.044144 0.598903 0.799604 0.213780 0.499345 0.839615 0.998093 0.035243 0.050673 0.994474 -0.023654 0.102283 0.993781 0.014633 -0.110386 0.983246 -0.001091 0.182278 0.991568 0.019805 -0.128064 0.997330 0.050910 0.052353 0.997058 0.051675 0.056615 0.998684 0.019794 0.047316 0.975572 -0.011452 0.219381 -0.375341 0.254635 0.891224 -0.421546 0.519469 0.743270 -0.432897 0.467977 0.770453 0.727710 0.234426 -0.644580 0.192926 0.827231 -0.527701 -0.114015 0.750010 -0.651525 0.534883 -0.045256 -0.843713 0.963466 -0.264281 -0.043452 0.959293 -0.241192 -0.146916 0.966367 -0.011870 -0.256894 0.975918 0.135787 -0.170724 -0.446306 0.589759 -0.673049 0.067915 -0.412676 -0.908342 -0.580027 0.626553 0.520577 -0.492924 0.462336 0.737069 -0.481231 0.442374 0.756784 -0.466152 0.455775 0.758269 -0.420320 0.357375 0.834035 -0.406464 0.309371 0.859696 -0.389636 0.328718 0.860307 -0.380542 0.299912 0.874780 -0.383367 0.331349 0.862112 -0.375720 0.303885 0.875493 -0.401881 0.279002 0.872152 -0.392889 0.258134 0.882613 -0.414529 0.390158 0.822157 -0.367277 0.277771 0.887666 -0.373235 0.269312 0.887788 -0.404852 0.299121 0.864072 -0.547105 0.632679 0.548081 -0.559210 0.607599 0.564011 0.500035 -0.766943 -0.402198 0.644279 -0.652815 -0.398417 0.707882 -0.704530 -0.050413 0.620807 -0.776699 -0.106478 0.532574 -0.117328 0.838212 0.951319 0.009607 -0.308057 0.662774 0.692876 -0.283994 0.627149 0.701791 -0.337895 0.929151 -0.050113 -0.366287 -0.510118 0.314011 0.800735 -0.509803 0.283772 0.812141 -0.504896 0.479882 0.717491 -0.483069 0.273726 0.831696 0.180056 0.140877 0.973516 0.128419 0.112779 0.985286 -0.271290 0.201287 0.941215 -0.416156 0.325128 0.849180 -0.451164 0.337030 0.826354 -0.164240 0.135523 0.977066 
						0.060596 0.110517 0.992025 -0.051167 0.125603 0.990760 -0.614830 -0.737352 0.279813 -0.951519 0.258235 0.167112 -0.921195 0.023932 0.388365 -0.651148 -0.659004 0.376458 -0.482942 0.143539 0.863807 0.835777 0.137349 -0.531613 0.480179 0.763996 -0.430974 -0.406201 0.370685 0.835221 0.986574 0.096345 -0.131870 0.712003 0.690954 -0.125035 0.455047 -0.007917 0.890432 -0.552667 0.184741 0.812668 -0.509727 0.018498 0.860137 0.587033 0.746788 -0.312569 0.897785 0.045937 -0.438031 -0.426058 0.380668 0.820711 -0.406530 0.347265 0.845068 0.934823 -0.195178 -0.296666 0.815177 -0.463046 -0.347958 0.167461 -0.929334 -0.329082 0.227768 -0.922540 -0.311515 0.132340 -0.990227 0.044008 -0.053010 -0.997663 0.043118 -0.043413 -0.991972 0.118776 0.144311 -0.986459 0.077935 -0.183044 -0.972649 -0.143000 -0.201281 -0.963494 -0.176539 -0.182336 -0.982911 0.025270 -0.136111 -0.987522 0.079210 0.747206 -0.657117 0.099396 0.783137 -0.581650 0.219955 0.852749 -0.522203 0.011092 0.905962 -0.419775 -0.054966 -0.088291 -0.996022 0.012029 0.092470 -0.993051 0.072791 0.648700 0.749889 0.129825 0.970026 0.053672 0.236999 0.708329 -0.644465 0.287985 0.699247 -0.541439 0.466794 -0.235627 -0.960695 0.146784 0.039180 -0.996465 0.074314 0.587991 0.792277 -0.162981 0.460227 0.852076 -0.249314 0.220954 0.928562 -0.298247 -0.063814 0.890136 -0.451204 0.333559 0.866867 0.370513 0.535912 0.836078 0.117353 0.474199 0.863659 -0.170963 0.524145 0.819473 -0.231808 -0.308212 0.739860 -0.598007 -0.907184 0.370996 -0.198442 -0.997098 -0.064925 0.039755 -0.530625 0.418843 -0.736890 -0.905933 0.351766 -0.235683 -0.918625 0.331632 -0.214821 -0.866138 0.474532 -0.156920 -0.845526 0.164129 -0.508082 0.267049 0.705584 0.656381 0.507798 -0.782401 0.360541 0.718806 -0.686781 0.107930 0.863775 -0.383581 0.326738 0.481077 -0.002510 0.876675 
						0.046471 0.138787 0.989231 -0.232341 0.245971 0.941019 -0.597043 0.424710 0.680560 -0.670186 0.618496 0.410261 -0.656307 0.682132 0.322423 -0.516028 0.824510 0.232159 -0.658814 0.661493 0.358317 -0.648681 0.674318 0.352857 0.229399 -0.881561 0.412585 -0.366244 0.893935 0.258350 -0.414671 0.531574 0.738564 -0.229732 0.844746 0.483349 0.332604 -0.732339 0.594184 -0.562379 0.323479 0.760981 -0.571745 0.349273 0.742372 0.173508 0.158670 0.971966 0.122584 0.116364 0.985613 0.479807 0.229259 0.846892 0.390640 0.231768 0.890890 0.587310 0.218386 0.779342 -0.547236 0.389600 0.740773 -0.440384 0.291563 0.849148 -0.530338 0.373227 0.761212 -0.278541 0.176693 0.944031 -0.582497 0.416922 0.697764 0.233654 0.205011 0.950461 0.313417 0.233259 0.920522 -0.113630 0.137372 0.983980 0.041407 0.111076 0.992949 -0.564768 0.512075 0.647160 0.552088 0.188627 0.812169 0.420831 0.210523 0.882373 -0.593754 0.390299 0.703650 -0.695900 0.473901 0.539575 0.689991 0.136428 0.710845 -0.719699 0.536749 0.440379 -0.695982 0.641553 0.322518 0.293313 0.222003 0.929883 0.188994 0.212193 0.958778 0.134917 0.163946 0.977200 0.098230 0.121539 0.987714 0.007754 0.120593 0.992672 -0.627979 0.754573 0.190427 -0.616488 0.778720 0.116352 -0.195783 0.171899 0.965463 -0.654837 0.719084 0.232606 -0.419640 0.273633 0.865464 0.743189 0.170350 0.647033 0.875090 0.108617 0.471615 0.963514 0.075659 0.256741 0.998697 -0.038146 0.033913 0.928045 0.037620 0.370563 0.812249 0.085652 0.576988 0.999709 -0.024104 0.000000 0.986939 0.005040 0.161017 -0.210536 0.831166 -0.514624 0.255697 0.907618 -0.332938 -0.913890 0.365438 0.176808 -0.597187 0.717928 0.357697 0.827944 -0.464270 -0.314583 0.931360 -0.324288 0.165548 -0.293320 -0.955844 0.018056 -0.118285 -0.866656 0.484681 -0.227572 -0.022259 -0.973507 
						-0.658986 0.370831 -0.654387 -0.115632 0.672334 -0.731161 -0.121961 0.061893 -0.990603 -0.317253 -0.889648 0.328446 -0.642863 -0.553719 0.529265 -0.935291 -0.208630 -0.285840 -0.954715 0.272517 -0.119388 -0.041037 -0.528785 -0.847763 0.215694 -0.433860 -0.874781 0.165568 -0.927955 -0.333896 0.502972 -0.781976 -0.368147 0.194004 0.966316 0.169106 -0.265793 0.936280 0.229638 -0.550267 0.733990 -0.398077 -0.861679 0.387233 -0.327964 -0.175159 0.850329 -0.496246 -0.561064 0.737445 0.376009 -0.110182 0.955346 0.274178 -0.631708 0.623339 -0.460862 -0.836616 -0.492615 -0.239591 -0.879947 -0.401610 -0.253776 -0.873741 -0.250160 0.417129 -0.759119 -0.475517 0.444546 -0.895641 0.215146 0.389280 -0.867408 -0.261125 0.423577 -0.804724 -0.570400 -0.164511 -0.443833 -0.879509 -0.171683 -0.673363 -0.099513 0.732584 -0.872162 -0.461981 0.160955 -0.785561 -0.595896 0.166739 -0.396787 -0.527199 0.751413 -0.765618 -0.593854 0.247319 -0.823915 -0.445231 -0.350617 -0.734096 -0.577598 -0.357048 -0.874236 -0.429047 0.227222 -0.108737 0.681183 -0.723993 0.275928 0.386724 -0.879948 -0.116792 -0.329692 -0.936837 0.210698 -0.659784 -0.721312 -0.561607 -0.827254 -0.015783 0.067653 -0.995286 -0.069492 0.048519 -0.997518 0.051034 -0.556733 -0.820616 -0.128985 0.630925 -0.363838 -0.685241 -0.504317 0.356680 -0.786412 0.501112 0.038576 -0.864522 -0.310526 -0.030197 -0.950085 -0.694109 -0.585550 -0.418740 -0.232165 -0.491218 -0.839526 -0.508706 -0.063455 -0.858599 -0.801525 -0.419353 -0.426263 0.785539 -0.555987 0.271674 0.831564 -0.543347 -0.115215 -0.190280 0.961753 0.197038 -0.788655 0.554253 -0.266132 -0.829676 0.544886 0.121396 -0.151063 0.969946 -0.190747 -0.945570 -0.241168 -0.218483 -0.864528 0.368059 -0.342233 -0.917896 0.357614 0.171986 -0.969453 -0.245150 0.007934 -0.872422 0.463757 -0.154304 -0.687306 0.377348 -0.620660 -0.154083 0.809544 0.566478 
						-0.196885 0.976717 0.085212 -0.530221 -0.681129 0.504905 -0.842613 -0.537890 -0.026034 -0.754706 -0.655512 -0.026891 -0.819242 -0.297469 0.490259 0.885238 0.369356 -0.282719 0.871935 -0.324034 -0.367057 0.956385 -0.243595 0.161211 0.910823 0.395920 -0.116828 -0.664482 0.315383 -0.677493 -0.556450 -0.168219 -0.813674 0.267722 -0.066937 -0.961168 0.461077 -0.490902 -0.739204 0.500191 0.745577 -0.440369 0.578822 0.814535 0.038695 -0.748763 -0.654422 0.105291 -0.708832 -0.644412 -0.286863 0.582277 0.007012 -0.812960 0.146309 0.036827 -0.988553 -0.477736 -0.176023 -0.860688 -0.664739 0.260309 -0.700258 -0.266845 0.732936 -0.625778 -0.308620 0.928724 -0.205487 -0.796079 0.574232 0.191091 -0.613405 0.506903 0.605627 0.010904 0.253510 -0.967271 -0.321696 -0.503620 -0.801797 0.248942 0.001756 -0.968517 -0.323075 -0.413935 -0.851047 -0.972532 -0.228514 0.044298 -0.900660 0.419102 -0.114736 -0.842248 0.478585 0.248144 -0.931703 -0.181843 0.314424 0.143162 0.555976 -0.818777 -0.159814 0.818302 -0.552124 -0.428186 -0.481635 -0.764647 -0.790117 -0.393004 -0.470386 -0.089443 -0.725018 0.682898 -0.556806 -0.662336 0.501276 -0.269655 -0.909343 -0.316831 -0.536282 -0.586900 -0.606589 0.169025 -0.923802 0.343540 -0.862408 -0.383685 -0.330208 -0.037365 -0.752685 0.657320 0.205234 0.515505 0.831946 0.208965 0.042073 0.977018 0.510678 -0.645718 0.567676 -0.858238 0.111163 -0.501069 -0.140129 0.152258 -0.978356 -0.193103 -0.382804 0.903422 0.739384 0.441274 0.508516 0.129114 -0.790790 -0.598315 0.421005 -0.555805 -0.716824 -0.176459 -0.620882 -0.763785 -0.236476 -0.928109 -0.287563 -0.302105 -0.090117 -0.949006 0.070025 -0.420302 -0.904678 -0.774527 0.566350 0.281702 -0.854571 0.398110 0.333491 -0.495313 0.539469 0.680910 -0.695524 0.242180 0.676457 0.159110 0.119988 0.979942 0.842653 -0.272546 0.464387 -0.146814 0.195122 -0.969728 
						-0.380181 -0.143956 -0.913640 -0.854518 0.358517 -0.375850 -0.789848 0.448647 -0.418157 -0.479780 -0.480287 -0.734259 -0.217049 0.828512 -0.516196 -0.604466 0.586623 -0.538974 -0.319622 -0.102092 -0.942029 0.869615 -0.459056 0.181759 0.625270 -0.101797 0.773741 0.375844 -0.493612 0.784276 0.778624 -0.601086 0.180109 -0.754505 0.585158 -0.297173 -0.876162 0.405880 -0.260003 -0.728292 0.569595 0.380989 -0.827313 0.431990 0.359080 0.032079 0.695539 -0.717772 -0.257218 -0.646492 -0.718253 0.078086 -0.323634 -0.942955 -0.313392 0.337943 -0.887457 -0.634740 0.755456 0.162458 -0.679357 0.733171 -0.030569 -0.024602 0.969245 -0.244863 0.053538 0.974351 0.218571 0.896332 -0.422173 0.135497 0.551065 -0.814904 -0.179609 0.605924 -0.792648 0.067566 0.876522 -0.378981 -0.296786 -0.055385 -0.975175 -0.214397 0.025827 -0.968434 0.247929 0.452388 -0.064055 -0.889518 0.204695 -0.455585 -0.866338 0.669764 -0.588380 -0.453017 0.785553 -0.404147 -0.468585 0.282325 -0.052029 -0.957907 -0.478772 0.038355 -0.877101 0.283595 -0.038644 -0.958165 0.089132 -0.316659 -0.944342 -0.302495 0.344227 -0.888822 -0.476978 0.051777 -0.877389 -0.158712 -0.643142 -0.749119 -0.034078 0.680420 -0.732030 -0.946075 0.297603 -0.127962 -0.920860 0.255159 0.294807 -0.614874 0.780934 -0.109876 -0.865071 0.272147 -0.421413 -0.935211 0.350470 0.050506 -0.577380 0.759606 -0.299384 0.757994 -0.451979 0.470277 0.432137 0.006345 0.901786 0.137955 -0.388167 0.911205 0.658240 -0.586300 0.472200 0.706170 -0.680508 -0.195530 0.844689 -0.495468 -0.202513 0.342278 0.540928 -0.768273 -0.048597 -0.769038 -0.637353 0.333419 -0.476091 -0.813738 -0.003666 0.232107 -0.972683 0.101457 0.924776 -0.366736 0.014699 0.992691 0.119789 0.827299 -0.401699 0.392701 0.513830 -0.855664 0.061787 0.457927 -0.828025 0.323538 0.880055 -0.474826 -0.006585 -0.657999 -0.644654 0.389177 
						-0.720830 -0.692726 0.023131 -0.132743 -0.987062 -0.089936 -0.206923 -0.935866 0.285199 0.590560 -0.225716 -0.774785 0.360545 -0.533781 -0.764909 -0.582314 0.557108 -0.592065 -0.724996 0.375395 -0.577459 -0.748135 0.660044 0.068088 -0.848403 0.525831 0.060944 0.537235 -0.168308 -0.826469 -0.240982 -0.048401 -0.969322 0.482998 -0.180375 -0.856842 0.341577 -0.410174 -0.845625 0.007780 0.170910 -0.985256 -0.171770 -0.027370 -0.984757 0.075624 -0.759917 -0.645606 0.247881 0.532791 -0.809129 0.460687 -0.524594 0.715939 -0.147332 -0.747767 0.647409 -0.503950 -0.297499 0.810882 -0.033878 -0.521567 0.852538 0.816927 0.570545 -0.084312 -0.419964 0.814818 0.399628 -0.130057 0.644162 0.753751 0.524327 0.727603 -0.442351 0.251502 -0.743841 0.619231 0.032179 -0.984831 0.170506 -0.744847 0.104111 -0.659063 -0.613355 0.081434 -0.785598 -0.380102 -0.547494 -0.745502 -0.778093 -0.504672 -0.374003 0.441749 -0.482058 0.756623 0.764267 -0.065904 0.641523 0.613785 -0.024155 0.789103 0.717972 -0.472151 0.511459 0.778073 0.512673 0.363000 0.392149 0.571867 0.720546 -0.877071 0.424830 0.224199 -0.892455 0.285663 0.349172 -0.863852 0.338200 -0.373337 -0.712181 0.510899 -0.481436 -0.482444 0.576330 -0.659614 -0.447117 0.230566 -0.864249 0.148555 0.962785 -0.225779 0.334573 0.721325 0.606425 0.639856 0.698924 0.319516 -0.157623 0.985666 0.060141 -0.384934 0.273121 0.881607 -0.383285 -0.139721 0.913001 -0.145613 0.794689 -0.589293 -0.393731 0.485356 -0.780644 0.191404 0.688290 -0.699729 0.139081 0.966886 -0.213983 -0.410303 0.521559 -0.748083 -0.691478 0.529603 -0.491304 -0.398262 0.612974 0.682386 -0.696104 0.221017 0.683074 -0.087502 0.267107 -0.959686 -0.323660 -0.036175 -0.945481 -0.213707 0.422416 0.880849 -0.480328 0.041753 0.876095 -0.387275 0.459844 -0.799100 -0.648623 0.078710 -0.757029 -0.488124 0.431071 0.758889 
						0.453659 0.221751 -0.863145 0.006525 0.472386 -0.881368 0.639562 -0.620295 0.454085 0.117216 -0.952653 -0.280558 -0.610349 -0.279643 -0.741130 -0.531390 -0.423547 -0.733644 -0.517893 -0.055834 -0.853621 -0.235043 -0.479762 -0.845330 -0.681402 -0.091659 0.726147 -0.400917 -0.516127 0.756887 -0.727620 -0.225937 -0.647704 -0.407398 -0.651361 -0.640122 0.634465 0.408365 -0.656272 0.029086 0.049002 -0.998375 0.246839 0.448973 -0.858775 0.461129 0.217770 -0.860195 0.128034 0.074738 -0.988950 -0.876225 -0.475332 0.079310 -0.867702 -0.496808 0.016580 -0.921652 -0.387364 0.022514 -0.920129 -0.385445 0.069240 0.130016 -0.132460 -0.982624 -0.247887 -0.088856 -0.964705 -0.830583 -0.534949 -0.154792 -0.916369 -0.386158 -0.105590 0.848747 0.509410 0.141878 0.780399 0.471294 0.410926 0.772359 0.318884 0.549340 0.837089 0.353323 0.417665 -0.781769 -0.529736 -0.328964 -0.681058 -0.505795 -0.529463 -0.762634 -0.317139 -0.563748 -0.875817 -0.368143 -0.312115 -0.492996 -0.458572 -0.739369 -0.558257 -0.225892 -0.798324 0.703622 0.412852 0.578334 0.685148 0.347563 0.640135 0.776767 0.312012 0.547066 0.748987 0.303160 0.589162 0.518062 0.510562 -0.686250 0.724285 0.461396 -0.512371 0.858389 0.381940 -0.342477 0.711738 0.323085 -0.623735 0.819078 0.475244 -0.321332 0.858405 0.505557 -0.086905 0.896119 0.385401 0.220084 0.915048 0.400366 -0.048921 -0.201548 -0.070854 -0.976912 -0.202910 -0.067742 -0.976851 -0.207642 -0.056392 -0.976578 -0.206577 -0.058859 -0.976658 -0.204438 -0.063756 -0.976801 -0.204190 -0.064658 -0.976794 -0.206402 -0.059350 -0.976666 -0.204570 -0.063775 -0.976772 -0.205720 -0.060982 -0.976709 -0.202188 -0.069353 -0.976888 -0.205743 -0.060873 -0.976711 -0.201227 -0.071400 -0.976939 -0.204536 -0.063649 -0.976788 -0.202752 -0.067784 -0.976881 -0.201643 -0.070471 -0.976921 -0.207417 -0.056919 -0.976595 -0.202299 -0.068734 -0.976909 
						0.461081 -0.886869 -0.029465 0.545850 -0.830411 0.111649 0.479158 -0.861112 0.169982 0.264760 -0.963790 0.031786 0.995131 -0.093344 -0.031630 0.999873 0.014709 0.006142 0.990553 -0.129046 -0.046387 0.527352 -0.834880 -0.157717 0.491107 -0.863957 -0.111317 0.241554 -0.966382 -0.088076 0.238575 -0.958082 -0.158624 0.873347 -0.410802 -0.261737 0.629499 -0.689253 -0.358695 0.470956 -0.784711 -0.403025 0.855486 -0.469080 -0.219335 0.999713 0.002988 -0.023761 0.996320 0.011032 -0.084997 0.995596 0.029098 -0.089113 0.998858 0.022557 -0.042123 0.967260 -0.253652 -0.008324 0.957566 -0.288178 0.004507 0.999070 -0.004963 0.042840 0.983535 0.018877 -0.179728 0.605585 -0.766478 -0.213957 0.247868 -0.934323 -0.256127 0.994732 -0.019301 0.100672 0.996644 -0.044829 0.068494 0.975128 0.026038 -0.220108 0.765723 -0.113262 -0.633120 0.787958 -0.090690 -0.609014 0.978655 0.028913 -0.203464 0.823903 -0.563133 0.063756 0.825683 -0.563887 0.016702 0.999113 0.042121 0.000242 0.965677 0.017634 -0.259147 0.965605 0.022788 -0.259013 0.997489 0.067448 -0.021607 0.040993 -0.623308 -0.780901 0.109213 -0.533334 -0.838825 0.046076 -0.530122 -0.846669 0.311958 -0.250627 -0.916443 0.208104 -0.287379 -0.934936 0.235658 -0.287503 -0.928336 0.360919 -0.246350 -0.899472 0.664979 -0.128840 -0.735665 0.711054 -0.124951 -0.691946 -0.159120 -0.655950 -0.737841 0.050510 -0.473275 -0.879465 -0.100696 -0.510210 -0.854135 0.086170 -0.381045 -0.920532 0.122306 -0.523428 -0.843246 0.122307 -0.467235 -0.875632 0.065200 -0.338232 -0.938801 -0.013395 -0.405606 -0.913950 0.137263 -0.337705 -0.931190 0.989326 -0.132556 -0.060518 0.988905 -0.129399 -0.072957 0.986307 -0.024039 -0.163156 0.990213 -0.120248 -0.070845 0.989004 -0.107382 -0.101682 0.990067 -0.140404 -0.007341 0.923402 -0.357378 -0.140039 0.919659 -0.338718 -0.198739 0.999453 0.021169 0.025414 
						0.994868 -0.073590 -0.069449 0.968070 -0.211227 -0.134996 0.908582 -0.366932 -0.199597 0.922889 -0.376092 -0.082651 0.897167 -0.440119 -0.037244 0.944226 -0.322800 -0.065095 0.972853 -0.125500 -0.194437 0.943610 -0.313517 -0.106333 0.937193 -0.336366 -0.092344 0.592021 -0.746407 -0.303952 0.995030 -0.077577 0.062421 0.976206 -0.207502 -0.062971 0.880169 -0.474658 0.001501 0.291912 -0.888798 -0.353307 0.421978 0.008620 -0.906565 0.538805 0.151882 -0.828626 0.566775 -0.017714 -0.823682 0.548582 0.266321 -0.792547 0.497159 -0.202568 -0.843682 0.495504 -0.180362 -0.849673 0.560807 -0.129119 -0.817816 0.604871 -0.136155 -0.784597 0.157617 -0.426719 -0.890543 0.105638 -0.516862 -0.849526 0.195995 -0.428509 -0.882024 0.186890 -0.423199 -0.886552 0.996529 0.078140 -0.028694 0.997449 0.071160 -0.005630 0.304209 -0.244519 -0.920689 0.405289 -0.221715 -0.886895 0.180326 -0.546941 -0.817519 0.263473 -0.403261 -0.876335 0.444271 -0.100456 -0.890243 0.226475 -0.347340 -0.909980 0.245499 -0.336409 -0.909153 0.266908 -0.269118 -0.925384 0.097779 -0.323975 -0.940999 0.035312 -0.383607 -0.922821 -0.084640 -0.828599 -0.553408 0.075443 -0.860038 -0.504621 -0.036004 -0.469817 -0.882029 -0.170490 -0.629640 -0.757949 0.956005 0.012068 -0.293103 0.620368 -0.151173 -0.769604 0.375718 -0.238121 -0.895619 0.999078 0.042920 -0.000670 0.156213 -0.524543 -0.836930 0.176738 -0.451608 -0.874537 0.981902 0.035490 -0.186034 0.845943 -0.061000 -0.529772 0.774085 -0.138602 -0.617723 0.937581 -0.079472 -0.338565 0.356302 -0.259341 -0.897658 0.240453 -0.316107 -0.917747 0.271375 -0.272837 -0.922993 0.345054 -0.249344 -0.904857 0.561740 -0.236034 -0.792929 0.493696 -0.186371 -0.849429 0.370396 -0.252186 -0.893985 0.464466 -0.251012 -0.849273 0.288774 -0.221022 -0.931536 0.312382 -0.253085 -0.915623 0.549386 -0.162587 -0.819598 0.997424 0.071581 -0.004579 
						0.997778 0.052100 -0.041537 0.542984 0.051813 -0.838143 0.263681 -0.294925 -0.918418 0.660848 -0.124768 -0.740076 0.269315 -0.231141 -0.934903 0.792302 0.319937 -0.519517 0.506389 0.014322 -0.862186 0.288527 -0.115354 -0.950497 -0.929468 -0.364107 -0.059286 -0.760495 -0.416053 -0.498546 -0.831126 -0.344460 -0.436551 -0.901413 -0.412197 -0.132471 0.246167 -0.171891 -0.953863 0.239853 -0.173033 -0.955265 0.140858 -0.129478 -0.981527 0.165143 -0.129115 -0.977782 0.089887 -0.124835 -0.988097 0.034941 -0.150962 -0.987922 -0.099266 -0.169490 -0.980520 -0.000124 -0.133022 -0.991113 0.584260 -0.723909 -0.366874 0.668981 -0.728355 -0.148199 0.935003 0.349388 -0.060810 0.920021 0.269042 -0.284916 0.110985 -0.139535 -0.983978 -0.073142 -0.223663 -0.971918 0.673797 -0.737560 0.044756 0.888288 0.459244 0.006289 -0.547566 -0.091816 0.831710 -0.707808 -0.098222 0.699543 -0.402914 0.767332 0.498860 -0.255669 0.710200 0.655933 -0.175652 -0.178305 -0.968170 -0.225687 -0.197891 -0.953889 -0.265656 -0.201936 -0.942682 -0.273720 -0.222680 -0.935677 -0.141088 -0.173257 -0.974718 -0.284862 -0.238027 -0.928545 -0.408533 -0.334196 -0.849361 -0.293335 -0.200595 -0.934728 -0.353824 -0.269162 -0.895746 -0.477558 -0.421587 -0.770845 -0.518124 -0.439432 -0.733789 -0.566846 -0.531142 -0.629741 -0.300924 -0.296347 -0.906434 -0.395187 -0.372413 -0.839724 -0.250063 -0.196412 -0.948099 -0.349991 -0.275241 -0.895404 -0.429683 -0.344118 -0.834838 -0.269809 -0.184034 -0.945164 -0.387376 -0.301157 -0.871346 -0.492230 -0.467292 -0.734403 -0.579060 -0.597957 -0.554199 -0.281407 -0.216020 -0.934957 -0.261267 -0.171565 -0.949897 -0.308450 -0.205948 -0.928679 -0.348175 -0.246139 -0.904538 -0.257538 -0.151523 -0.954314 0.416097 -0.641004 -0.644963 0.795417 0.268174 -0.543502 -0.297990 -0.192949 -0.934865 -0.336253 -0.241085 -0.910391 -0.284413 -0.191061 -0.939470 -0.250553 -0.166959 -0.953597 
						-0.258187 -0.159678 -0.952808 -0.284078 -0.168160 -0.943940 -0.334754 -0.224096 -0.915271 0.045992 -0.600027 -0.798657 0.215662 -0.500372 -0.838521 0.998145 -0.035363 -0.049555 0.994588 0.023533 -0.101193 0.993663 -0.014784 0.111423 0.983445 0.000986 -0.181206 0.991440 -0.019954 0.129030 0.997381 -0.051057 -0.051234 0.997114 -0.051810 -0.055485 0.998731 -0.019950 -0.046243 0.975791 0.011402 -0.218409 -0.430764 -0.469109 -0.770960 -0.419249 -0.520124 -0.744111 -0.373092 -0.255387 -0.891953 -0.716422 0.216229 -0.663313 -0.498374 -0.083514 -0.862931 0.162598 0.739554 -0.653162 -0.152127 0.829209 -0.537838 -0.962853 -0.266398 -0.044125 -0.977695 0.112518 -0.177347 -0.963223 -0.041315 -0.265506 -0.958295 -0.244244 -0.148376 -0.024966 -0.437140 -0.899047 0.479731 0.567349 -0.669308 -0.578102 -0.628123 -0.520826 -0.490856 -0.463710 -0.737586 -0.479056 -0.443473 -0.757520 -0.404171 -0.310084 -0.860519 -0.417984 -0.357799 -0.835026 -0.463885 -0.456387 -0.759290 -0.378218 -0.300503 -0.875585 -0.387284 -0.329072 -0.861233 -0.373414 -0.304448 -0.876284 -0.381036 -0.331695 -0.863012 -0.390631 -0.258580 -0.883484 -0.399593 -0.279308 -0.873105 -0.412285 -0.390219 -0.823256 -0.365010 -0.278632 -0.888331 -0.370988 -0.270238 -0.888448 -0.402678 -0.300194 -0.864716 -0.544879 -0.633774 -0.549033 -0.557208 -0.609026 -0.564453 -0.498149 -0.759501 -0.418336 -0.618191 -0.778305 -0.109915 -0.706535 -0.705719 -0.052622 -0.639533 -0.646168 -0.416491 0.534632 0.116538 -0.837011 -0.944917 0.010842 -0.327130 -0.928015 -0.050962 -0.369040 -0.670858 0.656825 -0.344283 -0.707852 0.648698 -0.279527 -0.507923 -0.315385 -0.801590 -0.507575 -0.285237 -0.813024 -0.502658 -0.480608 -0.718576 -0.481008 -0.275353 -0.832353 0.180958 -0.143014 -0.973037 0.129300 -0.114994 -0.984915 -0.269597 -0.203090 -0.941314 -0.414480 -0.327031 -0.849269 -0.449327 -0.338817 -0.826625 -0.162758 -0.137352 -0.977059 
						0.061604 -0.112701 -0.991717 -0.049905 -0.127666 -0.990561 0.615010 -0.737396 0.279304 0.649828 -0.659202 0.378386 0.915504 0.039531 0.400362 0.955065 0.241529 0.171800 -0.480794 -0.143733 -0.864973 -0.833912 0.135334 -0.535048 -0.466603 0.763287 -0.446851 -0.404321 -0.372249 -0.835437 -0.984658 0.100374 -0.142739 -0.738125 0.666218 -0.106416 0.455531 0.005347 -0.890204 -0.550752 -0.183878 -0.814163 -0.507580 -0.018525 -0.861406 -0.901293 0.048058 -0.430537 -0.601355 0.733768 -0.316160 -0.424151 -0.382255 -0.820961 -0.404655 -0.348867 -0.845308 -0.907739 -0.278803 -0.313495 -0.173887 -0.937441 -0.301607 -0.115697 -0.940865 -0.318414 -0.771776 -0.526949 -0.355932 -0.132373 -0.990195 0.044612 -0.143546 -0.986682 0.076503 0.044159 -0.992106 0.117370 0.052943 -0.997627 0.044024 0.203328 -0.969877 -0.134146 0.143698 -0.985736 0.087606 0.190147 -0.981171 0.033889 0.220697 -0.960793 -0.167840 -0.731417 -0.673920 0.104214 -0.768099 -0.598412 0.227878 -0.856109 -0.516602 0.014146 -0.908458 -0.414787 -0.051526 -0.090753 -0.992619 0.080441 0.089887 -0.995750 0.020068 -0.968598 0.050748 0.243397 -0.648412 0.746750 0.148075 -0.693772 -0.661863 0.283933 -0.684573 -0.561143 0.465273 -0.039115 -0.996469 0.074292 0.235020 -0.960797 0.147084 -0.509340 0.824529 -0.246424 -0.581667 0.799759 -0.148489 0.140195 0.905846 -0.399736 -0.182580 0.941234 -0.284154 -0.505017 0.855608 0.113544 -0.316366 0.873517 0.369974 -0.492592 0.839420 -0.229624 -0.488965 0.852555 -0.184565 0.322074 0.738722 -0.592080 0.994232 -0.092021 0.055094 0.925168 0.329343 -0.188672 0.543195 0.380828 -0.748271 0.924648 0.291416 -0.245160 0.893443 0.412879 -0.176893 0.930283 0.278697 -0.238539 0.837211 0.120517 -0.533436 -0.262429 0.704167 0.659757 0.509814 0.781633 -0.359360 0.720271 0.685312 -0.107507 0.864725 0.381264 -0.326937 0.480873 -0.000083 -0.876790 
						0.046135 -0.141197 -0.988906 -0.232459 -0.248387 -0.940354 -0.596270 -0.426903 -0.679865 -0.668637 -0.620318 -0.410037 -0.654462 -0.683868 -0.322497 -0.513953 -0.825681 -0.232599 -0.657028 -0.663248 -0.358352 -0.646904 -0.676020 -0.352862 0.231191 0.881875 -0.410911 -0.363990 -0.894613 -0.259188 -0.227702 -0.844465 -0.484800 -0.414024 -0.530080 -0.739999 0.333527 0.733458 -0.592283 -0.569511 -0.350930 -0.743307 -0.560320 -0.325334 -0.761708 0.123170 -0.118624 -0.985270 0.174233 -0.160818 -0.971484 0.391127 -0.233910 -0.890116 0.480511 -0.231111 -0.845989 0.587875 -0.220191 -0.778408 -0.545570 -0.391649 -0.740921 -0.528900 -0.375333 -0.761177 -0.439098 -0.293674 -0.849087 -0.277379 -0.178672 -0.944000 -0.580231 -0.418566 -0.698666 0.234653 -0.206891 -0.949807 0.314204 -0.235224 -0.919753 -0.112759 -0.139589 -0.983768 0.042068 -0.113331 -0.992666 -0.562470 -0.513047 -0.648390 0.420880 -0.212860 -0.881788 0.551881 -0.191065 -0.811740 -0.694900 -0.476092 -0.538934 -0.593066 -0.392570 -0.702967 0.689730 -0.138927 -0.710614 -0.694386 -0.643389 -0.322302 -0.718464 -0.538817 -0.439871 0.293490 -0.224313 -0.929272 0.135060 -0.166273 -0.976787 0.189184 -0.214481 -0.958231 0.007786 -0.123047 -0.992370 0.098310 -0.123930 -0.987409 -0.614596 -0.780181 -0.116573 -0.626134 -0.756098 -0.190451 -0.195697 -0.174383 -0.965035 -0.653094 -0.720673 -0.232592 -0.419307 -0.276072 -0.864850 0.743546 -0.172292 -0.646107 0.875389 -0.110611 -0.470594 0.963697 -0.077389 -0.255536 0.998794 0.036698 -0.032622 0.812059 -0.088177 -0.576876 0.927955 -0.040111 -0.370527 0.986923 -0.007549 -0.161014 0.999767 0.021605 -0.000000 -0.842755 0.207306 0.496777 -0.486157 0.576337 0.656877 -0.364944 -0.013873 0.930926 -0.377839 0.184389 0.907325 -0.972052 -0.222518 -0.074842 0.034551 -0.964255 0.262715 0.212483 -0.910695 -0.354240 -0.963203 -0.248458 -0.102507 -0.303638 0.889355 0.341836 
						-0.967369 -0.220509 -0.124793 -0.723634 0.547803 0.419840 -0.090681 0.006971 -0.995856 0.065387 -0.061073 -0.995989 -0.080283 -0.687460 -0.721771 -0.556826 -0.427267 -0.712311 -0.322622 0.905225 -0.276557 0.075896 -0.029039 -0.996693 -0.097656 -0.006825 -0.995197 0.338536 0.328309 -0.881820 0.185042 0.500526 -0.845715 -0.710888 0.597913 -0.370322 -0.973523 -0.194151 -0.120655 -0.264982 0.210922 -0.940902 -0.216043 0.419791 -0.881533 -0.595253 0.671539 -0.441258 -0.782735 0.253164 -0.568537 0.306377 0.216477 -0.926969 0.056622 -0.063151 -0.996396 -0.312020 -0.928313 0.202185 -0.669026 -0.714211 0.205684 -0.237979 -0.792591 -0.561396 -0.594924 -0.578499 -0.558036 -0.570425 -0.611955 -0.547837 -0.267377 -0.795267 -0.544115 -0.641916 -0.743028 0.189348 -0.337655 -0.923936 0.179809 0.174657 0.519481 -0.836442 0.374299 0.376232 -0.847555 0.681834 0.636692 -0.360175 0.278489 0.897194 -0.342764 0.014745 -0.995797 0.090392 -0.500717 -0.681171 -0.534125 -0.852232 -0.409176 -0.325999 0.393045 -0.900631 -0.185415 -0.190079 0.108568 -0.975747 -0.095302 0.223611 -0.970008 -0.077150 0.564833 -0.821591 0.053018 0.385293 -0.921270 0.069313 0.946614 -0.314830 0.488516 0.694562 -0.528143 -0.560771 0.805332 -0.192294 -0.893968 -0.447461 0.024491 -0.900323 -0.150163 0.408497 -0.892427 0.410645 -0.186934 -0.423878 0.902003 0.081963 -0.910051 -0.303428 -0.282379 -0.905708 -0.423799 -0.009373 0.348363 -0.795585 -0.495669 -0.087994 -0.066792 -0.993879 -0.345770 -0.133180 -0.928820 -0.512989 -0.586866 -0.626443 0.006178 -0.606249 -0.795250 -0.570152 0.351677 -0.742462 -0.584414 0.348930 -0.732604 -0.877581 0.418837 -0.233298 -0.910861 0.314389 -0.267380 -0.099071 0.556965 -0.824606 0.069154 0.297999 -0.952058 -0.188281 0.428262 -0.883822 -0.498319 0.320881 -0.805427 -0.028128 -0.991131 0.129880 -0.395309 -0.880350 0.262135 -0.165454 -0.801214 -0.575049 
						-0.541335 -0.675810 -0.500237 -0.843731 -0.030217 0.535916 -0.699111 0.346074 0.625681 0.339711 0.688091 -0.641191 0.122887 0.385082 -0.914664 0.634031 0.418774 -0.650102 0.504997 0.828915 -0.240578 -0.818367 -0.537581 0.203181 0.170789 -0.738542 -0.652216 0.316849 0.137061 -0.938521 -0.823791 0.159744 0.543921 -0.456768 0.557927 0.692878 -0.330744 -0.031113 0.943208 -0.337887 0.139658 0.930767 0.175666 -0.104823 -0.978853 0.412766 -0.041605 -0.909886 -0.136065 0.148123 -0.979564 -0.096172 0.351576 -0.931206 -0.248691 -0.317909 0.914925 -0.435412 -0.440511 0.785090 -0.435479 -0.830772 0.346664 -0.767014 -0.388752 0.510451 -0.032984 -0.660836 -0.749805 -0.552527 -0.429524 -0.714299 0.302362 0.087762 -0.949144 -0.128301 -0.235961 -0.963256 -0.390247 -0.672957 -0.628360 0.266158 -0.643258 -0.717899 -0.256402 0.246091 -0.934718 -0.176513 0.419155 -0.890591 -0.516563 0.719880 -0.463612 -0.768723 0.274083 -0.577879 0.267030 0.247806 -0.931282 0.063382 -0.031908 -0.997479 -0.300864 -0.931142 0.206047 -0.679614 -0.699049 0.222384 -0.244583 -0.784596 -0.569727 -0.623276 -0.552540 -0.553377 -0.603246 -0.575266 -0.552416 -0.258332 -0.788881 -0.557612 -0.659032 -0.720452 0.215929 -0.312764 -0.930364 0.191313 0.707319 0.556515 -0.435880 0.288980 0.881536 -0.373343 0.817388 -0.118067 -0.563860 0.542810 -0.665961 -0.511715 0.221684 -0.263996 -0.938702 0.272278 -0.160239 -0.948782 0.798913 0.483023 0.358368 -0.297543 0.938107 -0.177264 -0.314221 0.915193 -0.252364 0.939855 0.325943 -0.102149 -0.382187 0.885683 0.263624 -0.942462 -0.323070 -0.085970 -0.964332 -0.227289 -0.135659 -0.764849 0.546853 0.340527 -0.952640 -0.302045 0.035282 -0.952738 0.160330 0.258040 -0.660047 0.507230 -0.554125 -0.341201 0.901993 -0.264558 -0.899649 -0.006986 0.436558 -0.805272 0.115663 0.581514 -0.352783 0.883514 -0.308136 -0.713145 0.569037 -0.409416 
						-0.858607 0.458878 0.228527 -0.343290 -0.046009 -0.938102 -0.236239 0.162708 -0.957976 -0.673377 0.497227 -0.547110 -0.839788 0.169768 -0.515689 -0.183494 -0.845981 0.500646 -0.639493 -0.620325 0.454143 -0.117570 -0.952513 -0.280886 -0.569776 -0.732927 -0.371717 -0.836095 0.310771 -0.452069 -0.888762 0.372286 0.267405 -0.236292 -0.318645 0.917950 -0.199091 -0.510663 0.836413 -0.442458 -0.774334 0.452369 -0.087950 -0.811298 0.577980 -0.870871 -0.190008 -0.453300 0.676276 -0.096677 0.730277 0.398265 -0.523219 0.753410 0.786788 -0.593641 0.168981 0.873614 -0.460072 0.158533 -0.768275 0.588207 -0.252519 -0.877857 0.424591 -0.221563 -0.735797 0.572011 0.362501 -0.828324 0.440990 0.345553 0.074281 0.689561 -0.720408 -0.245065 -0.651758 -0.717743 0.095976 -0.341298 -0.935042 -0.296923 0.375118 -0.878136 -0.660183 0.728920 0.181200 -0.674906 0.737898 -0.003054 -0.055667 0.972458 -0.226332 -0.007931 0.957503 0.288315 0.884232 -0.379098 -0.272797 0.894809 -0.429829 0.120679 0.583770 -0.794815 -0.165779 0.642339 -0.764269 0.057377 -0.010925 -0.971976 -0.234825 0.084508 -0.958096 0.273697 0.694802 -0.583068 -0.421048 0.803585 -0.417559 -0.424141 0.512049 -0.060693 -0.856809 0.233212 -0.487152 -0.841602 0.311245 -0.021841 -0.950079 -0.500401 0.047195 -0.864506 -0.499622 0.056667 -0.864388 0.312108 -0.012273 -0.949967 0.103953 -0.336917 -0.935778 -0.288993 0.379560 -0.878873 -0.170539 -0.651055 -0.739624 0.023081 0.683679 -0.729418 -0.945286 0.314321 -0.087391 -0.901856 0.311314 0.299567 -0.051629 0.252019 -0.966344 -0.011757 0.119977 -0.992707 -0.468611 -0.323078 -0.822207 -0.661181 0.220677 -0.717037 -0.023365 0.098570 -0.994856 0.367917 0.375975 -0.850458 0.408874 0.244787 -0.879148 -0.084181 0.238403 -0.967511 0.035919 0.437803 -0.898353 -0.397341 0.753243 -0.524162 0.160854 0.909846 -0.382501 0.192016 0.466187 -0.863597 
						0.324355 0.065144 -0.943690 0.631300 -0.429649 -0.645648 0.078967 -0.593886 -0.800665 0.172863 0.027540 -0.984561 0.192752 -0.009818 -0.981198 0.349068 0.062299 -0.935024 0.102326 -0.594135 -0.797830 0.653439 -0.394809 -0.645866 0.673271 0.650548 -0.351417 0.377496 0.394575 -0.837739 0.438297 0.254198 -0.862136 0.885036 0.104231 -0.453703 -0.447439 0.848588 -0.282306 -0.009757 0.987320 -0.158445 -0.595234 0.643107 0.481778 -0.156966 0.782727 0.602246 0.129076 -0.791302 -0.597646 0.581125 -0.642022 -0.500102 -0.013752 -0.989948 0.140761 0.427795 -0.855242 0.292495 0.168891 0.499088 -0.849934 0.138201 0.911119 -0.388283 -0.415059 0.725356 -0.549167 0.009573 0.438510 -0.898675 0.149507 0.986728 -0.063368 -0.911045 0.232559 0.340459 -0.596727 0.593975 0.539547 -0.355113 0.918741 -0.172657 0.844810 -0.273205 -0.460059 0.946061 -0.311117 0.090415 -0.177559 -0.895005 -0.409192 -0.082069 -0.988324 0.128373 0.304430 0.866183 0.396294 0.726065 0.549977 0.412741 0.853236 0.397299 -0.337850 0.939457 -0.119859 -0.321022 -0.263965 -0.960275 0.090522 -0.675395 -0.684041 0.275552 -0.905112 -0.264310 -0.333034 -0.971428 0.208390 -0.113580 0.959017 -0.140431 0.246101 0.318937 0.933140 -0.165916 0.892416 0.299635 0.337361 0.682877 0.683499 -0.257892 -0.636407 0.750248 -0.179206 -0.900734 0.390729 -0.189757 0.117897 0.867718 0.482872 -0.316460 0.781720 0.537371 -0.649280 0.737988 -0.183873 -0.358442 0.917093 -0.174528 -0.600064 0.592327 0.537654 -0.297305 0.776612 0.555414 -0.678967 -0.689302 0.252718 -0.888404 -0.305598 -0.342561 -0.725902 -0.567570 -0.388498 -0.840113 -0.431684 0.328418 -0.907346 0.009470 0.420278 -0.359692 -0.823787 -0.438174 -0.911172 0.016004 0.411715 -0.363358 -0.817507 -0.446826 -0.388921 0.094928 -0.916367 -0.305667 -0.060680 -0.950203 -0.656654 -0.531886 -0.534698 -0.882311 -0.142978 -0.448425 
						-0.328382 -0.123238 -0.936471 0.138496 0.387342 -0.911474 0.204901 0.223516 -0.952920 -0.459941 0.042065 -0.886953 -0.312101 0.388848 -0.866828 -0.629738 0.708477 -0.318576 -0.214739 0.912162 -0.349068 -0.106593 0.451386 -0.885939 -0.280828 -0.953614 0.108423 -0.671335 -0.682142 0.289813 -0.905547 -0.281921 -0.317024 -0.968933 0.197847 -0.148409 0.024318 -0.206985 -0.978042 0.208306 -0.031024 -0.977572 0.240560 -0.723940 -0.646562 0.599598 -0.452811 -0.659882 0.559312 0.711835 -0.424807 0.165495 0.442021 -0.881606 0.282096 0.265373 -0.921954 0.790765 0.340818 -0.508463 -0.646372 0.742023 -0.177782 -0.357281 0.916526 -0.179803 -0.576958 0.614904 0.537598 -0.286978 0.787678 0.545167 -0.696616 -0.644533 0.315124 -0.923578 -0.256533 -0.284945 -0.763176 -0.522570 -0.380109 -0.861616 -0.370044 0.347398 -0.924878 0.088932 0.369719 -0.384662 -0.798508 -0.463056 -0.913894 0.068314 0.400164 -0.372896 -0.820438 -0.433394 -0.495211 -0.605951 -0.622567 -0.585078 -0.644944 -0.491662 -0.727570 -0.137095 -0.672195 -0.845919 -0.190854 -0.497992 -0.811524 -0.411660 -0.414687 -0.755761 -0.539311 -0.371441 -0.686628 -0.660196 0.304440 -0.957590 -0.183451 0.222187 -0.418277 -0.503880 -0.755744 -0.619947 -0.206145 -0.757080 0.204310 0.839198 -0.503988 0.638723 0.570858 -0.515901 0.355511 -0.139167 -0.924254 0.597063 -0.485774 -0.638388 0.137377 -0.846853 -0.513777 -0.171148 -0.983272 -0.062319 0.899904 -0.226238 -0.372813 -0.088982 0.598199 -0.796392 0.845848 0.214330 -0.488470 0.141894 0.238606 -0.960694 -0.128959 -0.025352 0.991326 0.350861 0.333158 0.875159 0.393372 0.297074 0.870061 -0.170599 0.081698 0.981948 -0.527773 0.606978 0.594166 -0.858544 0.375095 0.349580 0.129401 0.876114 -0.464414 -0.211651 0.666612 -0.714726 0.176189 -0.020788 -0.984137 0.701525 0.524422 -0.482538 0.858125 0.115823 -0.500207 0.160864 -0.158308 -0.974198 
						-0.848657 -0.188794 0.494103 -0.652861 -0.553858 0.516734 -0.625911 0.468618 -0.623404 -0.923589 0.335055 -0.186340 -0.507975 0.515159 -0.690342 -0.240475 0.746212 0.620758 -0.195862 0.968208 0.155597 -0.776321 0.574375 -0.259651 -0.751721 -0.591535 0.291550 -0.822473 -0.436604 -0.364576 -0.726494 -0.575772 -0.375090 -0.872041 -0.410749 0.266140 -0.047374 0.692582 -0.719782 0.304535 0.343363 -0.888459 -0.086977 -0.318387 -0.943962 0.242489 -0.650004 -0.720204 -0.495913 0.396159 -0.772741 -0.283082 -0.046052 -0.957989 0.478160 0.044001 -0.877170 0.607684 -0.415304 -0.676936 0.664703 -0.289680 -0.688663 -0.488718 0.363202 -0.793246 0.473344 0.081956 -0.877057 -0.287238 -0.008253 -0.957824 -0.815542 0.566039 0.120382 -0.701927 0.463252 0.541014 -0.071634 0.821945 -0.565044 -0.164608 0.975108 -0.148556 -0.081267 -0.321761 -0.943327 0.310482 0.339727 -0.887799 -0.170366 0.970694 -0.169492 -0.204889 0.963502 0.172293 -0.785310 0.569780 -0.242155 -0.821492 0.561501 0.099335 -0.954140 -0.196207 -0.226098 -0.853209 0.420297 -0.308845 -0.901131 0.403935 0.157481 -0.977891 -0.207756 0.023801 -0.700609 -0.646488 -0.301994 -0.748358 -0.650654 0.128877 -0.396418 -0.780343 -0.483649 0.825790 -0.558295 0.079854 0.626711 -0.694296 -0.353816 -0.170529 -0.980723 -0.095403 0.797790 -0.586876 0.138233 0.475569 -0.745783 0.466520 -0.179199 -0.662986 -0.726868 -0.436767 -0.830537 -0.345605 0.473624 0.554921 -0.683917 -0.041417 0.903101 -0.427426 0.356535 0.932694 -0.054455 0.607259 0.564972 -0.558608 0.739461 0.094564 -0.666525 0.766257 -0.514997 -0.384225 0.368381 -0.538943 -0.757520 0.604881 0.089978 -0.791216 0.599772 0.038552 -0.799242 0.754883 0.049871 -0.653961 0.372572 -0.558061 -0.741457 0.758271 -0.529675 -0.380091 -0.181125 0.957012 -0.226542 -0.533376 0.728609 -0.429695 0.042883 0.618726 0.784436 -0.374318 0.717611 0.587299 
						-0.047062 -0.620490 -0.782801 0.530770 -0.729769 0.430952 0.138348 -0.964989 0.222836 -0.161496 -0.984340 -0.070668 0.635920 -0.697607 -0.330076 0.324343 -0.723542 -0.609335 -0.645254 0.708025 0.286963 0.133337 0.990845 0.021135 0.593311 0.606268 -0.529548 0.333139 0.941580 -0.049448 -0.049727 0.909177 -0.413430 0.440311 0.590122 -0.676670 -0.471816 -0.048838 -0.880343 -0.210971 -0.433311 -0.876203 -0.383596 -0.470532 0.794641 -0.641122 -0.086018 0.762603 -0.333168 -0.413730 -0.847247 -0.475265 -0.333529 -0.814175 -0.303425 0.896106 0.323925 -0.596812 0.647504 -0.473871 0.578259 0.692243 -0.431760 0.788932 0.299334 -0.536643 -0.637304 -0.551636 -0.538090 -0.879299 -0.191932 -0.435885 0.657344 -0.731858 0.179674 0.305392 -0.770485 -0.559544 0.572862 -0.622987 -0.532651 0.355240 -0.920877 0.160592 0.692890 0.636008 -0.339701 0.887384 0.094210 -0.451302 -0.444803 -0.331884 -0.831867 -0.657289 0.212846 -0.722958 0.511224 -0.732791 0.449074 -0.143088 -0.649353 -0.746904 0.645792 -0.708156 -0.285426 -0.133364 -0.990840 -0.021204 -0.764898 -0.570267 0.299544 0.306741 -0.813419 -0.494227 0.734850 -0.126616 -0.666306 -0.410731 0.846667 0.338312 -0.918348 -0.091364 -0.385085 -0.599747 0.643342 -0.475831 -0.742820 0.138273 -0.655056 0.799942 -0.339250 -0.494976 -0.251394 -0.782319 -0.569893 -0.485677 -0.835362 0.257463 0.165959 -0.808865 -0.564088 -0.365480 -0.789077 -0.493742 -0.517291 0.315195 0.795652 -0.525536 0.049462 0.849332 -0.237492 0.470063 0.850082 -0.404333 0.506642 -0.761465 -0.688040 0.085070 -0.720669 -0.037640 0.051509 -0.997963 -0.131362 0.076121 -0.988408 -0.462422 0.218290 -0.859369 -0.221588 0.484038 -0.846526 0.865713 -0.493369 0.084430 0.919727 -0.385396 0.074644 0.921466 -0.387433 0.028214 0.850219 -0.526086 0.019012 -0.143797 -0.164507 -0.975838 0.242930 -0.086739 -0.966158 0.916704 -0.386404 -0.101713 
						0.803833 -0.573413 -0.158273 -0.824565 0.551184 0.127625 -0.839273 0.354343 0.412386 -0.776067 0.320547 0.543111 -0.765429 0.504180 0.399902 0.748763 -0.572043 -0.334844 0.875953 -0.368213 -0.311649 0.761304 -0.316525 -0.565887 0.646014 -0.544992 -0.534462 0.457890 -0.492337 -0.740230 0.554618 -0.224288 -0.801308 -0.699559 0.431780 0.569371 -0.753897 0.305346 0.581725 -0.780394 0.313660 0.540927 -0.690338 0.357804 0.628815 -0.495386 0.542932 -0.678099 -0.711168 0.322866 -0.624498 -0.857505 0.381636 -0.345021 -0.701918 0.498673 -0.508562 -0.794035 0.513603 -0.325147 -0.914793 0.400372 -0.053437 -0.897301 0.386036 0.214070 -0.831154 0.547204 -0.098743 0.202060 -0.071073 -0.976791 0.208155 -0.056605 -0.976457 0.203422 -0.067959 -0.976730 0.207085 -0.059082 -0.976537 0.204946 -0.063981 -0.976680 0.204700 -0.064875 -0.976672 0.206911 -0.059567 -0.976545 0.205084 -0.063991 -0.976650 0.206232 -0.061200 -0.976587 0.202698 -0.069570 -0.976767 0.206251 -0.061092 -0.976590 0.201737 -0.071621 -0.976818 0.205043 -0.063870 -0.976667 0.203261 -0.068006 -0.976760 0.202152 -0.070692 -0.976799 0.207926 -0.057138 -0.976474 0.202806 -0.068957 -0.976788 0.010995 0.011360 -0.999875 -0.004797 0.027849 -0.999601 0.001456 0.106707 -0.994289 -0.003916 0.109465 -0.993983 -0.107435 0.544270 -0.832002 -0.098166 0.530133 -0.842213 -0.513098 0.746371 -0.423864 -0.345764 0.681756 -0.644713 0.001328 0.083000 -0.996549 -0.000868 0.090956 -0.995855 0.001381 0.148401 -0.988926 0.001604 0.138188 -0.990405 -0.001118 0.236064 -0.971737 0.001576 0.229416 -0.973327 0.000732 -0.094126 -0.995560 0.015792 -0.093861 -0.995460 0.005278 0.001734 -0.999985 0.000997 -0.002223 -0.999997 -0.003813 0.170921 -0.985277 0.009329 0.189355 -0.981864 0.012811 0.245643 -0.969276 -0.008891 0.248020 -0.968714 -0.064425 0.468839 -0.880931 -0.017019 0.399211 -0.916701 
						0.001456 0.402721 -0.915322 -0.035493 0.395580 -0.917745 -0.022541 0.341600 -0.939575 -0.056251 0.460677 -0.885783 0.140223 0.302510 -0.942775 0.331091 0.285181 -0.899472 -0.042316 0.515539 -0.855821 -0.072844 0.599708 -0.796896 0.011921 0.971999 -0.234683 -0.004942 0.543152 -0.839620 -0.104956 0.563067 -0.819719 -0.002242 0.894968 -0.446125 0.054188 0.958450 -0.280067 0.000642 -0.113393 -0.993550 0.021401 -0.125606 -0.991849 0.018572 -0.143483 -0.989478 0.000591 -0.140791 -0.990039 0.047344 -0.153987 -0.986938 0.067704 -0.176893 -0.981899 -0.014487 -0.080288 -0.996666 0.037717 -0.093902 -0.994867 0.082025 -0.223318 -0.971288 -0.149279 -0.200421 -0.968270 -0.034030 -0.174305 -0.984104 0.050265 -0.161088 -0.985659 0.071765 -0.206488 -0.975814 0.298726 0.895703 0.329361 0.266090 0.910472 0.316603 0.189518 0.934277 0.302008 0.215810 0.924433 0.314403 -0.397398 -0.867769 -0.298415 -0.420508 -0.822855 -0.382209 -0.338643 -0.879388 -0.334660 -0.314369 -0.923970 -0.217833 -0.298438 -0.905017 -0.303115 -0.272136 -0.948633 -0.161361 0.536479 0.589143 0.604236 0.379066 0.602253 0.702567 0.246223 0.579223 0.777094 0.447905 0.703145 0.552239 0.472875 0.795806 0.378263 0.486657 0.785138 0.383045 0.379219 0.860281 0.340748 0.395155 0.851912 0.343654 -0.500852 -0.690759 -0.521534 -0.517972 -0.621167 -0.588096 -0.498501 -0.730609 -0.466591 -0.473094 -0.778718 -0.412043 0.478296 0.658704 0.580811 0.513469 0.625643 0.587299 0.531865 0.704174 0.470382 0.489983 0.729097 0.477843 -0.505582 -0.622633 -0.597256 -0.556410 -0.580253 -0.594739 0.539978 -0.633473 -0.554198 0.237738 -0.816374 -0.526321 0.189210 -0.838931 -0.510289 0.478972 -0.741260 -0.470233 0.132633 0.942112 0.307952 0.119902 0.944346 0.306324 0.011534 0.943091 0.332335 0.009186 0.948103 0.317832 -0.273223 -0.920321 -0.279925 -0.244336 -0.962245 -0.119938 
						-0.229141 -0.939680 -0.253959 -0.188713 -0.979146 -0.075234 -0.037423 0.936599 0.348398 0.106253 0.971993 0.209620 0.750671 0.647840 0.129601 0.664881 0.655958 0.357285 -0.065428 -0.996973 0.041988 -0.161308 -0.969615 -0.183918 -0.295320 -0.927804 -0.227961 -0.167420 -0.984249 -0.056789 -0.697770 -0.528955 -0.483035 -0.675416 -0.592893 -0.438510 0.017571 -0.994090 -0.107130 -0.051557 -0.993631 0.100199 0.124289 -0.133659 0.983203 -0.091906 -0.891102 0.444400 0.247363 0.830918 -0.498383 -0.332674 0.872953 -0.356764 -0.387683 0.890791 -0.237050 0.152060 0.928924 -0.337606 -0.486296 0.844660 -0.223752 -0.763671 0.635151 0.115717 -0.185321 0.929012 0.320302 -0.117152 0.943730 0.309273 -0.125521 0.936930 0.326201 -0.099528 0.930899 0.351455 -0.175101 -0.959646 -0.220045 -0.109318 -0.993842 -0.018092 0.196513 -0.822320 -0.534016 0.169266 -0.860821 -0.479933 0.946452 -0.225763 -0.230779 0.935556 -0.246536 -0.252893 0.483398 -0.630583 -0.607200 0.528773 -0.509514 -0.678819 -0.685924 0.275430 -0.673533 -0.484246 0.531789 -0.694771 -0.368859 0.667257 -0.647079 0.191605 0.653135 -0.732600 0.309449 -0.640785 -0.702592 0.258932 -0.694808 -0.670966 -0.278045 0.814640 -0.508973 0.299378 0.696270 -0.652366 -0.930478 0.022413 -0.365661 -0.334236 0.036021 -0.941801 -0.211144 -0.470719 -0.856646 -0.936694 0.045604 -0.347166 -0.348734 -0.936256 0.042542 -0.597019 -0.392015 0.699924 -0.742189 -0.405558 0.533554 -0.410619 -0.911142 0.034822 -0.349287 -0.910504 -0.221315 -0.874931 -0.442062 0.197679 -0.396625 -0.750159 -0.529103 -0.559559 -0.390770 -0.730885 -0.975870 -0.208007 -0.066419 -0.954824 -0.296945 0.011582 -0.950436 -0.008171 -0.310812 -0.415291 0.174690 -0.892758 -0.625684 -0.266198 -0.733251 -0.978016 -0.197199 -0.067795 0.928177 -0.106128 0.356685 0.951079 -0.084183 0.297258 0.439547 -0.378330 0.814656 0.510596 -0.556650 0.655310 
						-0.662026 -0.173512 -0.729119 -0.982695 -0.173611 -0.064572 -0.989325 -0.125611 -0.073872 -0.643069 -0.060855 -0.763387 -0.591490 0.041441 -0.805246 -0.990018 -0.079313 -0.116503 0.969919 -0.219968 0.104269 0.840901 0.076502 -0.535755 0.764516 0.154122 -0.625909 0.977807 -0.201516 0.057317 -0.976620 -0.047483 -0.209665 -0.594965 0.179316 -0.783494 0.954854 -0.242482 0.171625 0.888638 -0.033215 -0.457406 0.968666 -0.112140 0.221609 0.584465 0.808743 0.065838 0.868159 0.143025 -0.475230 0.936388 -0.253810 0.242401 0.981162 -0.190134 0.034212 0.698998 0.230027 -0.677118 0.870524 0.389922 0.300249 0.807650 -0.582886 0.089139 0.744037 0.339900 -0.575220 0.950561 0.061895 0.304307 0.211544 0.474159 0.854648 0.936968 -0.260095 0.233325 0.886616 -0.076950 -0.456061 0.816413 -0.180186 -0.548637 0.920061 -0.360524 0.153333 0.881419 -0.421154 0.213844 0.801259 -0.325197 -0.502226 0.891606 -0.206672 0.402896 0.655914 -0.636664 -0.405507 0.577956 -0.771414 -0.266245 0.948271 -0.259253 0.183222 0.952653 -0.254453 0.166451 0.600033 -0.585799 -0.544793 0.967225 -0.220540 0.125849 0.726281 -0.385502 -0.569125 -0.192814 -0.751894 0.630459 0.979847 -0.185581 0.073886 0.742065 -0.261668 -0.617146 0.983847 -0.172907 0.046352 0.729748 -0.197528 -0.654561 0.981397 -0.188569 0.036072 0.730940 -0.162777 -0.662744 0.971818 -0.231620 0.043847 0.748421 -0.136745 -0.648973 0.528539 -0.156132 0.834428 0.966373 -0.018600 0.256471 0.977882 -0.001401 0.209150 0.576614 -0.171159 0.798887 0.987938 -0.034109 0.151044 0.611751 -0.246435 0.751685 0.952719 -0.290145 0.090236 0.782979 -0.132167 -0.607845 0.966860 -0.110987 0.229922 0.304494 -0.930400 0.204057 0.939228 -0.217276 0.265784 0.344929 -0.603581 0.718828 0.991747 -0.053399 0.116565 0.620117 -0.304254 0.723107 0.298120 -0.067601 0.952132 0.571843 -0.313817 0.757968 
						0.951565 -0.099887 0.290768 0.451611 -0.277119 0.848088 0.096014 0.943705 0.316546 0.008813 0.958392 0.285320 0.524919 0.849930 0.045605 0.537988 0.836953 0.100389 0.563610 0.825295 0.035104 0.558461 0.828384 0.043598 0.374652 0.920033 0.114780 0.397788 0.912505 0.095388 0.649520 0.759604 -0.033553 0.714864 0.698948 0.020971 0.717221 0.676160 0.168529 0.552719 0.830839 -0.064869 0.191438 0.963629 0.186469 0.250559 0.954012 0.164561 0.051874 0.968489 0.243596 0.141756 0.967492 0.209441 -0.042715 0.958580 0.281602 0.058951 0.968425 0.242236 0.677989 -0.379776 -0.629366 0.879364 0.270660 -0.391742 -0.035346 -0.912839 -0.406788 0.374960 -0.739489 -0.559072 -0.232255 -0.923391 -0.305626 0.115726 -0.864083 -0.489865 -0.169248 -0.924105 -0.342616 0.181757 -0.844114 -0.504416 -0.137431 0.937935 0.318418 -0.038893 0.955663 0.291882 -0.164561 0.927769 0.334910 -0.054652 0.941279 0.333178 -0.082113 -0.918556 -0.386668 0.299407 -0.797168 -0.524288 0.134937 -0.451650 -0.881932 0.742378 -0.554148 -0.376557 -0.082830 0.945217 0.315760 0.153937 0.958330 0.240640 0.098050 0.966858 0.235737 -0.076494 0.958503 0.274628 0.171486 -0.747821 -0.641371 0.192265 -0.725069 -0.661293 0.033668 -0.121193 -0.992058 0.844668 -0.426907 -0.322933 0.462500 -0.746162 -0.478890 0.235623 -0.865067 -0.442879 0.436000 0.707410 0.556306 0.976256 -0.027693 0.214840 -0.034059 0.946462 0.321014 -0.171799 0.930523 0.323439 -0.255643 0.911772 0.321432 0.008828 -0.940888 -0.338603 -0.260353 -0.956186 -0.133884 -0.157003 0.903019 0.399884 0.166834 0.925541 0.339912 0.084162 0.943091 0.321708 0.389302 0.735684 0.554268 0.388499 0.819152 0.421970 0.330574 0.862890 0.382284 0.245973 0.898294 0.364094 0.021838 -0.035077 -0.999146 0.152914 -0.693263 -0.704276 0.119559 -0.702239 -0.701831 -0.003249 -0.662274 -0.749255 
						0.917311 -0.374350 0.135659 0.948277 0.317023 0.016332 0.950156 0.310545 0.027655 0.896638 -0.441019 0.039270 0.948249 0.314499 0.043748 0.890764 -0.449632 -0.066111 0.948747 0.297826 0.105730 0.987366 -0.137744 -0.078322 0.901982 0.381643 0.201936 0.897010 0.407326 0.171634 1.000000 -0.000243 -0.000587 1.000000 -0.000230 -0.000660 0.982963 0.181104 0.031391 0.984397 0.174627 0.021631 1.000000 -0.000206 -0.000683 0.981758 0.185256 0.042789 1.000000 -0.000327 -0.000604 1.000000 -0.000275 -0.000586 0.985076 0.171379 0.015932 0.984849 0.173004 0.011890 0.943761 0.323997 0.065880 0.939788 0.330283 0.087813 0.942531 -0.321199 -0.092019 0.935855 -0.346035 -0.066599 0.942974 0.313831 0.110954 1.000000 -0.000125 -0.000693 0.981860 0.182883 0.050050 1.000000 -0.000010 -0.000613 0.983336 0.174706 0.050284 0.939849 0.325983 0.102076 0.943567 0.314525 0.103712 0.890444 0.420607 0.173782 0.899353 0.412370 0.145310 0.975899 -0.111006 -0.187877 0.952500 0.239317 -0.188340 1.000000 0.000358 -0.000775 0.999983 -0.000845 0.005802 0.997408 0.071940 -0.001154 0.986983 0.156142 0.038517 0.934378 0.356240 0.005599 0.724171 0.664334 0.185030 0.977587 0.203955 0.052201 0.999999 -0.000263 -0.001015 1.000000 -0.000376 -0.000685 0.984072 0.177585 0.008167 0.983465 0.181019 0.005302 0.942708 0.333568 0.005806 0.884461 0.465857 -0.026566 0.872721 0.486651 -0.039102 0.966059 -0.151929 0.208921 0.954937 0.003215 0.296791 0.913219 0.407182 -0.015317 0.934969 0.354727 -0.001133 0.111921 0.876354 0.468483 0.086544 0.885753 0.456016 0.164566 0.853445 0.494520 0.193090 0.836971 0.512050 -0.258994 -0.780908 -0.568424 -0.121089 -0.819149 -0.560654 -0.241579 -0.824887 -0.511078 -0.351772 -0.775100 -0.524858 -0.026129 -0.843344 -0.536738 -0.174173 -0.851666 -0.494296 0.658863 0.192889 0.727113 
						0.220745 0.421778 0.879418 0.253676 0.545378 0.798881 0.317314 0.546015 0.775358 0.334345 0.536226 0.775032 0.516778 0.387927 0.763186 0.287957 0.783042 0.551295 0.273664 0.792855 0.544508 0.375003 0.718206 0.586134 0.352591 0.715575 0.603019 -0.415196 -0.645814 -0.640731 -0.369969 -0.714573 -0.593725 -0.446491 -0.697060 -0.561029 -0.486579 -0.592633 -0.641893 0.334682 0.624254 0.705900 0.377965 0.623451 0.684435 -0.541810 -0.565498 -0.621815 -0.439047 -0.586380 -0.680732 -0.588162 0.107044 0.801628 0.321661 -0.290839 0.901081 -0.070520 0.903042 0.423724 -0.066770 0.897910 0.435086 0.022256 0.899462 0.436431 0.034774 0.898148 0.438316 0.038889 -0.858585 -0.511194 -0.130486 -0.867133 -0.480680 0.115770 -0.860560 -0.496019 -0.076193 -0.877518 -0.473453 0.620475 0.543136 0.565698 0.703885 0.562046 0.434339 0.053132 0.897304 0.438203 -0.046803 0.877478 0.477327 0.214579 -0.842402 -0.494283 -0.016229 -0.857999 -0.513395 -0.197951 -0.861860 -0.466917 -0.017363 -0.889791 -0.456037 -0.688923 -0.549578 -0.472597 -0.722782 -0.514474 -0.461413 -0.238284 -0.805377 0.542760 -0.126178 -0.962327 0.240844 -0.349000 0.384436 0.854639 -0.373267 0.285318 0.882760 -0.692474 0.525213 0.494603 -0.665213 0.610380 0.430033 -0.683061 0.007782 0.730320 -0.845831 0.183161 0.501020 -0.245311 0.864380 0.438942 -0.181921 0.882337 0.434034 -0.167909 0.875384 0.453331 -0.191299 0.883835 0.426897 0.194557 -0.848519 -0.492100 -0.022719 -0.883820 -0.467276 0.138233 -0.903577 -0.405513 0.061370 -0.969380 -0.237774 0.953164 -0.300644 -0.033034 0.953546 -0.300581 -0.020038 -0.943194 0.330249 -0.036330 -0.916742 0.367650 -0.156260 -0.488608 0.707505 0.510587 -0.667389 0.723595 0.176076 -0.306823 0.558212 0.770882 -0.620520 0.714036 0.324202 0.928198 -0.176497 0.327563 0.905595 -0.123465 0.405775 0.908411 -0.336021 -0.248754 
						0.923604 -0.098451 -0.370491 0.134914 -0.145917 0.980054 0.109433 -0.465808 0.878093 0.589670 -0.762789 0.265411 0.861022 -0.319148 0.395961 0.920910 -0.345528 0.180376 0.959023 -0.251905 0.129684 0.965574 -0.222969 0.133984 0.830178 -0.501991 -0.242504 0.698622 -0.207637 0.684700 0.770270 -0.609618 0.187217 0.768255 -0.386176 -0.510541 0.955871 -0.165689 0.242605 0.904035 0.096312 -0.416466 0.878142 -0.416968 0.234532 0.859737 0.019942 0.510347 0.897007 -0.123952 -0.424281 0.983804 -0.163264 0.073984 0.991954 -0.116404 0.049764 0.741102 -0.138196 -0.657016 0.988200 -0.134331 0.073599 0.730395 -0.220047 -0.646609 0.991847 -0.119376 0.044586 0.989247 -0.128788 0.069312 0.796518 0.036657 -0.603503 0.764052 -0.086509 -0.639329 0.979484 -0.020551 0.200469 0.985240 0.003413 0.171145 0.622040 -0.242632 0.744444 0.520472 -0.263386 0.812242 0.979091 -0.141508 0.146137 0.802403 0.095268 -0.589129 0.968114 -0.051800 0.245095 0.380676 -0.306280 0.872513 0.921988 -0.080935 0.378665 0.716690 -0.679598 0.156531 0.987316 0.017223 0.157828 0.693854 -0.216653 0.686752 0.624652 0.066293 0.778084 -0.761900 -0.375841 0.527496 -0.471747 0.043819 -0.880645 -0.424350 -0.208924 -0.881066 -0.886528 -0.204045 -0.415251 -0.945533 -0.042888 -0.322690 -0.621315 -0.653667 -0.432073 -0.938010 -0.270590 -0.216608 -0.681182 -0.567370 -0.462691 -0.748845 -0.400425 -0.528102 -0.986822 -0.159519 -0.027119 -0.967876 -0.228013 0.105953 -0.639160 -0.316525 -0.700918 -0.986139 -0.147145 -0.076672 -0.631385 -0.233704 -0.739415 -0.986139 -0.150776 -0.069259 -0.643950 -0.174136 -0.744987 -0.987857 -0.141947 -0.063159 -0.640348 -0.109961 -0.760173 -0.990785 -0.114566 -0.072241 -0.609897 -0.028826 -0.791956 -0.989700 -0.082039 -0.117318 -0.837271 0.010929 0.546679 -0.793563 0.004035 0.608475 -0.959331 0.271424 -0.077544 -0.957016 0.229814 -0.176934 
						-0.763488 -0.032215 0.645018 -0.957908 0.286993 -0.006860 -0.550946 0.044890 -0.833333 -0.976922 -0.044459 -0.208920 -0.893314 -0.445659 -0.058123 -0.956411 0.088419 -0.278318 -0.925669 -0.277247 0.257430 -0.928776 0.110958 -0.353643 -0.752623 -0.090952 0.652139 -0.965989 0.258452 0.008173 -0.748487 -0.175776 0.639429 -0.688505 -0.553767 0.468298 -0.889438 -0.069917 0.451678 -0.948991 0.161198 -0.270981 0.635870 0.769590 -0.058312 0.566621 0.823967 0.004416 0.542244 0.839406 0.037006 0.349750 0.930560 0.108320 0.408393 0.909137 0.081765 0.600053 0.799954 0.003148 0.760203 0.520654 -0.388601 0.928555 0.367800 -0.050090 0.729000 0.683281 -0.041051 0.726887 0.672390 -0.139738 0.175725 0.970225 0.166685 0.238426 0.960335 0.144600 0.050706 0.976141 0.211136 0.111861 0.975999 0.186848 -0.041193 0.967888 0.247985 0.025729 0.976229 0.215208 0.842542 -0.107541 -0.527786 0.847645 -0.055553 -0.527648 0.179262 -0.851408 -0.492919 0.343661 -0.758464 -0.553742 -0.171619 -0.925830 -0.336729 0.158733 -0.868680 -0.469254 -0.140691 -0.934746 -0.326277 0.222181 -0.858476 -0.462228 -0.125625 0.948187 0.291821 -0.060850 0.966386 0.249791 -0.052844 -0.937583 -0.343723 0.273868 -0.862159 -0.426236 -0.338076 -0.940993 0.015382 -0.444247 -0.788729 -0.424912 -0.115494 -0.605256 0.787608 -0.418153 -0.328109 -0.847049 0.737737 0.665122 0.115573 0.941530 0.336427 0.018410 0.964888 0.262635 0.003711 0.323215 -0.785805 -0.527298 0.144678 -0.858926 -0.491238 0.136044 -0.900519 -0.412986 0.452249 0.663254 0.596293 0.896825 -0.332100 0.292258 -0.075355 0.923040 0.377251 -0.204597 0.904594 0.373964 -0.285278 0.879076 0.381893 0.193267 -0.952632 -0.234818 0.431494 -0.189242 0.882043 -0.151580 0.871153 0.467029 0.113567 0.901040 0.418604 0.034843 0.920918 0.388197 0.292098 0.698135 0.653671 0.319794 0.777137 0.542023 
						0.275464 0.828438 0.487658 0.191451 0.868237 0.457725 0.994561 0.104133 0.002229 0.990718 0.122489 0.058936 0.999883 -0.014196 -0.005640 0.989858 0.141929 0.006102 -0.809681 -0.274522 0.518705 -0.987520 0.144245 0.063221 -0.084299 -0.753446 0.652084 0.088360 -0.705038 0.703643 0.026517 -0.621330 0.783100 0.042173 0.256204 -0.965702 0.372606 0.410276 -0.832369 0.690566 0.580838 -0.430982 0.005146 0.132661 -0.991148 0.035797 0.181284 -0.982779 -0.083911 -0.105579 -0.990864 -0.030388 0.012650 -0.999458 -0.301295 -0.401500 -0.864881 -0.182595 -0.258383 -0.948629 -0.584192 -0.649734 -0.486380 -0.753603 -0.443255 -0.485394 -0.556875 -0.797385 -0.232524 -0.072186 -0.822994 -0.563444 0.533664 -0.760661 0.369591 0.183964 -0.932483 -0.310860 0.299696 -0.945196 -0.129565 0.059415 -0.857904 -0.510363 0.707401 0.252465 0.660186 0.004253 0.077981 0.996946 -0.837686 -0.059707 0.542879 -0.907820 -0.143539 0.394031 -0.755881 -0.110691 0.645284 -0.585813 -0.808286 -0.059134 -0.850265 -0.452145 0.269471 -0.620888 0.043705 0.782680 -0.386217 0.341247 0.856964 -0.894643 -0.305766 0.325763 -0.282049 -0.702672 0.653224 0.065200 0.988919 0.133368 -0.108880 0.974634 0.195533 0.556729 0.825490 -0.092843 0.396711 0.915137 0.071728 0.581805 0.813285 -0.008363 0.221836 0.967909 0.118070 0.032149 0.985625 0.165864 -0.062677 0.978848 0.194753 0.156175 0.979865 0.124395 0.321037 0.944846 0.064812 0.570638 0.820336 0.037694 0.766322 0.640749 0.046801 0.773193 0.596888 0.214238 0.090855 0.985141 0.145746 0.000357 0.985947 0.167057 -0.142011 0.957750 0.250095 -0.079674 0.942443 0.324734 0.974668 0.021554 -0.222614 0.608683 -0.782350 -0.132033 0.853840 -0.371936 -0.364171 0.207934 -0.939501 -0.272214 0.774043 0.626925 0.088446 0.345995 -0.933502 -0.094141 0.368775 -0.921766 -0.119804 -0.039969 -0.996323 -0.075784 
						0.013361 -0.999428 -0.031070 -0.090740 0.976925 0.193350 0.220532 0.913531 0.341798 0.359668 -0.912476 -0.195002 0.096404 -0.995308 0.008216 0.684259 0.687393 -0.243476 0.547604 0.744920 -0.381082 0.010438 -0.628478 0.777758 -0.010199 0.011171 -0.999886 0.007604 0.108311 -0.994088 0.000591 0.119228 -0.992867 -0.004875 0.019481 -0.999798 0.110594 0.543221 -0.832274 0.346328 0.681207 -0.644991 0.513647 0.745912 -0.424007 0.097787 0.530307 -0.842147 0.001831 0.147807 -0.989015 0.003656 0.090459 -0.995893 0.004223 0.235481 -0.971870 -0.003365 0.001401 -0.999993 -0.014506 -0.094086 -0.995458 0.008636 0.169276 -0.985531 0.012885 0.246626 -0.969025 -0.005912 0.239738 -0.970820 0.002025 0.179641 -0.983730 0.064692 0.468749 -0.880959 0.019991 0.398684 -0.916870 0.036552 0.395229 -0.917855 0.055516 0.461024 -0.885650 0.023587 0.341121 -0.939723 -0.139267 0.300353 -0.943606 -0.331725 0.286300 -0.898883 0.086297 0.598184 -0.796699 0.038950 0.515904 -0.855760 -0.051504 0.958664 -0.279839 0.001110 0.894769 -0.446528 0.105305 0.562988 -0.819728 -0.017501 -0.143674 -0.989470 -0.019842 -0.125504 -0.991895 -0.045774 -0.154539 -0.986926 -0.037616 -0.093914 -0.994870 -0.002409 -0.085655 -0.996322 -0.065732 -0.177931 -0.981845 -0.079647 -0.224645 -0.971180 0.034548 -0.176086 -0.983768 0.149736 -0.202060 -0.967859 -0.071524 -0.206595 -0.975809 -0.048859 -0.161621 -0.985643 0.190882 -0.915735 -0.353543 0.164287 -0.925310 -0.341776 0.246052 -0.902035 -0.354671 0.277129 -0.886664 -0.370170 0.398183 -0.868062 -0.296511 0.315237 -0.924116 -0.215951 0.339986 -0.879094 -0.334070 0.421766 -0.822536 -0.381507 0.273125 -0.948654 -0.159556 0.299830 -0.904713 -0.302648 0.505329 -0.602127 -0.618131 0.380193 -0.618059 -0.688081 0.468083 -0.653036 -0.595350 0.501736 -0.621114 -0.602062 0.377692 -0.843321 -0.382308 0.361209 -0.851450 -0.380211 
						0.469385 -0.776865 -0.419712 0.453857 -0.785679 -0.420384 0.501949 -0.691251 -0.519826 0.473969 -0.779153 -0.410212 0.499734 -0.730201 -0.465911 0.519217 -0.620629 -0.587566 0.467068 -0.716033 -0.518791 0.504506 -0.692418 -0.515781 0.557641 -0.579688 -0.594136 0.506806 -0.623080 -0.595751 0.491210 0.800143 0.344215 0.425520 0.856511 0.292098 0.116216 0.932177 0.342840 0.169094 0.914136 0.368460 -0.016954 -0.935408 -0.353164 -0.013506 -0.930553 -0.365908 0.090687 -0.933601 -0.346648 0.103870 -0.931842 -0.347680 0.245398 -0.962188 -0.118216 0.274621 -0.920026 -0.279528 0.189766 -0.979068 -0.073580 0.230519 -0.939445 -0.253582 0.620808 -0.622242 -0.476878 0.717562 -0.624987 -0.307402 0.068339 -0.952057 -0.298190 -0.074935 -0.899653 -0.430128 0.066208 -0.996856 0.043519 0.167975 -0.984237 -0.055342 0.296386 -0.927575 -0.227510 0.162512 -0.969495 -0.183490 0.675895 -0.593283 -0.437243 0.698614 -0.528355 -0.482472 0.329089 0.892333 -0.308938 0.246227 0.234346 -0.940454 -0.015495 0.999762 -0.015377 0.022006 0.992802 0.117725 -0.247068 0.831444 -0.497652 -0.151710 0.929280 -0.336783 0.387459 0.891100 -0.236254 0.332437 0.873370 -0.355963 0.763620 0.635107 0.116293 0.486146 0.844936 -0.223036 -0.219445 -0.896050 -0.385925 -0.151041 -0.915496 -0.372898 -0.130666 -0.907847 -0.398422 -0.153957 -0.916200 -0.369966 0.110275 -0.993764 -0.016486 0.176420 -0.959495 -0.219649 0.209783 0.799505 0.562834 0.186709 0.834611 0.518231 0.514311 0.644000 0.566346 0.453436 0.748381 0.484067 0.936192 0.348617 0.044833 0.951757 0.291991 0.094339 0.485303 0.531827 -0.694003 0.686206 0.276245 -0.672912 -0.191108 0.653912 -0.732036 0.368622 0.668084 -0.646361 0.224992 0.770244 0.596744 0.272152 0.738637 0.616724 -0.299114 0.697003 -0.651704 0.277725 0.815238 -0.508189 0.023625 0.951457 0.306873 -0.135975 0.922181 -0.362068 
						-0.111239 0.898560 -0.424519 0.041013 0.968948 0.243840 -0.028664 0.812857 -0.581758 -0.003625 0.801830 -0.597541 -0.022516 0.778132 -0.627697 -0.007171 0.704918 -0.709252 -0.015904 0.951820 -0.306245 0.027451 0.989504 -0.141873 0.005726 0.986975 -0.160771 -0.049684 0.945932 -0.320536 0.100979 0.934042 0.342592 0.045219 0.927718 0.370534 -0.011134 0.888868 -0.458029 -0.055927 0.859101 -0.508742 -0.064038 -0.833320 -0.549070 -0.000406 -0.776500 -0.630117 0.001344 -0.928438 -0.371484 0.047459 -0.942851 -0.329818 0.079807 0.996583 -0.021295 0.090663 0.994751 0.047433 0.051308 0.998478 0.020217 0.055005 0.997369 -0.047228 0.078295 0.990476 0.113254 0.086076 0.973096 0.213717 0.034628 0.975162 0.218770 0.029748 0.994840 0.096999 0.247141 -0.854035 -0.457761 0.469834 -0.736733 -0.486292 0.082257 -0.875026 -0.477036 0.004525 -0.888688 -0.458491 0.108282 0.947338 0.301373 0.047741 0.942913 0.329598 0.147038 -0.914892 -0.375969 0.003373 -0.933199 -0.359344 -0.095754 -0.120086 -0.988135 0.104679 -0.828936 -0.549461 -0.030322 -0.813167 -0.581240 -0.208777 -0.055818 -0.976369 0.773704 -0.488066 -0.403947 0.581062 0.308767 -0.753014 0.863793 -0.391251 -0.317466 0.236486 -0.859612 -0.452925 0.389137 -0.808838 -0.440855 0.144251 -0.924103 -0.353873 -0.047017 -0.927670 -0.370429 0.035123 0.913651 0.404978 -0.023828 0.948718 0.315225 -0.176134 0.905797 -0.385369 -0.055132 0.862166 -0.503616 -0.049973 0.954626 -0.293583 -0.010026 0.993713 -0.111507 0.033047 0.999234 0.020956 0.042804 0.994367 0.096960 0.029675 0.986740 0.159572 0.022746 0.964349 0.263653 0.091454 -0.917114 -0.387992 0.147827 -0.844797 -0.514261 0.283081 -0.695833 -0.660062 0.030793 0.930433 0.365167 -0.153121 -0.192567 -0.969264 0.055135 -0.819645 -0.570212 0.450823 -0.422416 -0.786336 0.436362 -0.201387 -0.876944 0.083036 -0.928903 -0.360894 
						0.274016 0.953912 -0.122342 0.104049 0.990071 -0.094513 -0.125661 0.991596 -0.030756 0.017376 0.999615 -0.021652 -0.483927 0.870786 -0.086864 -0.563152 0.817923 -0.117739 -0.482887 0.854582 -0.191073 -0.310924 0.938842 -0.147992 -0.494478 0.866646 -0.066449 -0.665017 0.737513 -0.117590 -0.106621 0.985495 -0.132027 -0.312433 0.948349 -0.054949 -0.709106 0.655137 -0.260700 -0.613021 0.747827 -0.254873 0.054111 0.990205 -0.128705 -0.175103 0.983288 -0.049831 0.160500 0.978792 -0.127300 -0.084053 0.995523 -0.043229 -0.951050 -0.263362 -0.161693 -0.976903 0.030444 -0.211502 -0.464836 -0.773461 0.430913 -0.767435 -0.640899 -0.017083 -0.372205 -0.752357 0.543528 -0.653830 -0.754062 0.062424 -0.389685 -0.758083 0.522929 -0.674800 -0.735127 0.065058 0.259570 0.956807 -0.130936 0.000784 0.999486 -0.032057 -0.415439 -0.792060 0.447272 -0.691121 -0.722011 0.032431 -0.758716 -0.371782 -0.534910 -0.740885 -0.670610 -0.037035 0.255633 0.645418 0.719783 0.344263 0.620173 0.704889 -0.131729 0.559619 0.818214 -0.216872 0.567750 0.794120 -0.044487 0.611244 -0.790191 0.558747 -0.203778 -0.803913 0.427762 0.485896 -0.762184 0.441802 0.748605 -0.494370 -0.113629 -0.962137 -0.247753 -0.108600 -0.964077 -0.242410 -0.025691 -0.983319 -0.180065 -0.035004 -0.982427 -0.183333 0.072140 0.995177 -0.066476 0.028887 0.940870 -0.337534 -0.052110 -0.977092 -0.206340 -0.126331 -0.956857 -0.261658 -0.099174 -0.944430 -0.313394 -0.103441 -0.950525 -0.292921 -0.270200 0.559627 0.783460 -0.257386 0.589121 0.765956 -0.005966 0.588523 0.808459 -0.054806 0.510680 0.858022 -0.097291 -0.941715 -0.322036 0.470319 0.492050 0.732589 0.211183 0.660481 0.720532 -0.210460 0.565708 0.797296 0.558240 -0.109740 0.822389 0.628456 -0.067694 0.774894 0.491384 -0.867596 0.076283 0.493804 -0.866960 0.067367 0.494084 -0.863239 -0.103439 0.849188 -0.366471 0.380235 
						0.047456 -0.988857 -0.141098 0.061224 -0.989036 -0.134385 0.189567 -0.979089 -0.073816 0.165780 -0.982474 -0.085217 0.128531 -0.982644 -0.133752 0.024720 -0.984398 -0.174212 0.321922 -0.946640 -0.015476 0.359727 -0.933054 -0.002634 0.529168 -0.848505 0.004571 0.478974 -0.877734 0.012923 0.666970 -0.744475 0.030144 0.643365 -0.764413 0.041891 0.122229 0.879653 0.459643 0.024692 0.789862 0.612787 -0.066422 0.815147 0.575433 -0.067211 0.807335 0.586254 0.565146 -0.824984 -0.003251 0.739628 -0.672192 0.033277 0.285790 -0.954757 -0.082243 0.090271 -0.952344 -0.291362 0.072954 -0.965821 -0.248733 0.100443 -0.941881 -0.320581 0.681509 -0.729040 0.063611 -0.171483 -0.747823 -0.641369 -0.031110 -0.121886 -0.992056 -0.192283 -0.725068 -0.661289 0.723392 0.621536 0.300661 0.365022 0.811728 0.455913 0.264110 0.852199 0.451666 0.465865 -0.656939 -0.592791 0.962000 0.131556 -0.239269 -0.028091 -0.935287 -0.352775 -0.162913 -0.919157 -0.358623 -0.237296 -0.896550 -0.374017 0.099702 0.921699 0.374875 -0.191298 0.967429 0.165791 -0.126699 -0.878681 -0.460290 0.173485 -0.912636 -0.370133 0.089789 -0.931251 -0.353141 0.393083 -0.720213 -0.571646 0.398034 -0.798742 -0.451199 0.339480 -0.847344 -0.408364 0.254639 -0.883138 -0.393987 -0.020234 -0.042023 -0.998912 -0.118734 -0.707664 -0.696501 -0.117330 -0.705550 -0.698880 0.905461 0.423364 -0.030040 0.950168 -0.310565 -0.027007 0.948289 -0.317005 -0.015969 0.920173 0.370842 -0.125531 0.909359 0.413716 0.043649 0.948242 -0.314718 -0.042300 0.948727 -0.297961 -0.105532 0.897137 -0.406519 -0.172878 0.900610 -0.384360 -0.202900 0.987390 0.138298 0.077032 0.984339 -0.174810 -0.022771 0.982898 -0.181236 -0.032624 0.981690 -0.185306 -0.044106 0.984774 -0.173361 -0.012850 0.985012 -0.171648 -0.016976 0.943761 -0.324323 -0.064262 0.917777 0.391989 0.063488 0.931551 0.351855 0.091713 
						0.939807 -0.330599 -0.086411 0.943046 -0.313225 -0.112045 0.981811 -0.182785 -0.051347 0.983325 -0.174424 -0.051452 0.939830 -0.326428 -0.100821 0.899380 -0.410923 -0.149191 0.890521 -0.419846 -0.175222 0.943656 -0.313741 -0.105259 0.976216 0.112647 0.185238 0.953118 -0.238592 0.186118 0.986998 -0.155759 -0.039673 0.997419 -0.071794 0.000205 0.977662 -0.203384 -0.053023 0.724172 -0.664383 -0.184855 0.933079 -0.359642 -0.004602 0.983353 -0.181608 -0.006029 0.983989 -0.177997 -0.009085 0.942692 -0.333608 -0.006065 0.884390 -0.466050 0.025516 0.872616 -0.486937 0.037867 0.954723 -0.003603 -0.297475 0.966135 0.152095 -0.208447 0.934938 -0.354810 0.000619 0.913090 -0.407530 0.013639 0.217047 -0.853297 -0.474105 0.186776 -0.868827 -0.458536 0.113340 -0.901351 -0.417996 0.138264 -0.891397 -0.431618 0.257978 -0.780061 -0.570045 0.352172 -0.774162 -0.525974 0.241951 -0.824040 -0.512268 0.120024 -0.818243 -0.562203 0.174464 -0.850888 -0.495533 0.024985 -0.842447 -0.538200 0.372309 -0.555372 -0.743605 0.332743 -0.556359 -0.761411 0.225874 -0.550079 -0.803986 0.173145 -0.432198 -0.885000 0.665767 -0.206265 -0.717084 0.520210 -0.405093 -0.751852 0.375576 -0.733405 -0.566621 0.391963 -0.730123 -0.559720 0.296249 -0.810176 -0.505818 0.309473 -0.799592 -0.514665 0.413959 -0.645095 -0.642255 0.486621 -0.591493 -0.642912 0.446775 -0.696028 -0.562083 0.368891 -0.713790 -0.595335 0.414036 -0.645140 -0.642159 0.365587 -0.647758 -0.668398 0.437678 -0.585777 -0.682132 0.541746 -0.564480 -0.622795 0.467181 0.006301 -0.884139 -0.609833 -0.085852 -0.787867 0.064266 -0.914033 -0.400516 0.052156 -0.915896 -0.398013 -0.041455 -0.914443 -0.402586 -0.044334 -0.919846 -0.389765 0.130723 -0.866403 -0.481931 -0.040070 -0.857700 -0.512587 0.076451 -0.876833 -0.474678 -0.116867 -0.859636 -0.497360 -0.023008 -0.904697 -0.425434 0.075959 -0.917967 -0.389316 
						0.706681 -0.564378 -0.426708 0.634614 -0.554253 -0.538581 -0.215282 -0.841461 -0.495577 0.017775 -0.889224 -0.457126 0.198276 -0.861281 -0.467848 0.015601 -0.857268 -0.514634 0.722836 -0.513776 -0.462107 0.688416 -0.549152 -0.473831 0.021380 0.992984 0.116300 -0.110747 0.964477 -0.239832 0.348825 0.385316 0.854314 0.664586 0.611102 0.429976 0.691945 0.525936 0.494574 0.373171 0.286157 0.882529 0.845501 0.184081 0.501241 0.682448 0.008496 0.730884 -0.212050 -0.902604 -0.374621 -0.150551 -0.914470 -0.375606 -0.162844 -0.908985 -0.383703 -0.134521 -0.904846 -0.403927 0.023064 -0.883187 -0.468454 -0.195464 -0.847543 -0.493421 0.079191 0.958743 0.273022 0.039078 0.981629 0.186753 0.937557 0.338705 -0.079152 0.935536 0.345453 -0.073716 0.916338 0.368427 -0.156798 0.942982 0.330726 -0.037472 0.666646 0.724389 0.175627 0.488417 0.708248 0.509739 0.619786 0.714767 0.323996 0.306581 0.559069 0.770357 -0.058643 0.938831 0.339348 -0.076543 0.958984 0.272930 -0.230781 0.898035 -0.374531 -0.311365 0.892337 -0.326782 -0.049470 0.740957 -0.669728 -0.118382 0.706877 -0.697360 -0.270014 0.501754 -0.821788 0.066449 0.402867 -0.912843 -0.125457 0.949130 -0.288813 -0.137203 0.935651 -0.325166 -0.070867 0.984806 -0.158541 -0.086424 0.989977 -0.111702 -0.050263 0.907426 0.417195 -0.005791 0.922532 0.385877 -0.108810 0.854352 -0.508176 -0.148131 0.849039 -0.507140 0.894034 0.009769 0.447892 0.840441 -0.408701 -0.355840 -0.037547 0.999295 -0.000255 -0.016897 0.998882 -0.044140 -0.018511 0.999542 0.023944 -0.026021 0.997452 0.066428 -0.041023 0.990244 0.133171 -0.038058 0.994179 0.100800 -0.024378 0.974584 0.222690 -0.051994 0.970224 0.236562 0.185682 -0.872222 -0.452495 0.013741 -0.886513 -0.462500 0.071929 -0.846551 -0.527425 0.430948 -0.757323 -0.490658 -0.055003 0.935888 0.347977 0.002015 0.941973 0.335682 
						0.071145 -0.930313 -0.359801 -0.001987 -0.915438 -0.402455 -0.354935 -0.063221 -0.932751 -0.229829 -0.007713 -0.973201 0.769830 -0.492393 -0.406093 0.248178 -0.740548 -0.624497 0.312502 -0.781982 -0.539301 -0.257783 0.874923 -0.409949 0.073556 -0.951008 -0.300289 0.148658 -0.923443 -0.353770 0.321777 -0.896206 -0.305409 -0.281891 -0.250139 -0.926266 -0.033892 -0.849385 -0.526684 0.538153 -0.836370 -0.104289 0.614669 -0.766523 0.186075 0.053973 -0.958127 -0.281210 -0.046194 0.814734 0.577991 -0.146681 0.924701 0.351301 -0.266386 0.919040 0.290523 -0.204301 0.862406 0.463160 -0.612051 0.790409 0.025432 -0.628075 0.776855 0.044920 -0.555112 0.793977 0.247894 -0.678859 0.728914 0.088522 -0.553676 0.816988 0.161164 -0.431914 0.842309 0.322436 -0.418317 0.885510 0.202196 -0.304963 0.864005 0.400615 -0.691056 0.707833 0.146335 -0.741372 0.652820 -0.155542 -0.312019 0.918206 0.244011 -0.204396 0.863369 0.461319 -0.239656 0.930485 0.277061 -0.132924 0.851034 0.508009 -0.792446 0.034340 -0.608974 -0.719628 0.032182 -0.693613 -0.372947 -0.528213 -0.762825 0.002057 -0.527590 -0.849497 -0.262468 -0.608317 -0.749040 0.288922 -0.512072 -0.808892 -0.331532 -0.594624 -0.732468 0.231514 -0.518653 -0.823043 -0.168146 0.932413 0.319895 -0.054445 0.822366 0.566348 -0.392688 -0.562571 -0.727537 0.131372 -0.518951 -0.844648 -0.415228 -0.355527 -0.837369 0.011917 -0.029040 -0.999507 -0.172008 0.926727 0.334052 -0.077577 0.936096 0.343083 -0.403717 0.608522 -0.683164 -0.080669 0.979986 -0.181992 -0.090645 -0.955308 -0.281371 -0.097973 -0.954170 -0.282774 -0.010416 -0.971410 -0.237177 0.000287 -0.971772 -0.235923 -0.316344 0.871719 0.374210 -0.041547 -0.971990 -0.231319 -0.123739 -0.953037 -0.276421 -0.088949 -0.942976 -0.320756 -0.087026 -0.937833 -0.336000 -0.136250 0.801562 0.582181 -0.134445 0.802646 0.581106 0.122463 0.710408 0.693053 
						0.131710 0.709311 0.692482 -0.093836 -0.937402 -0.335369 0.089415 0.834691 0.543411 -0.230781 0.906852 0.352646 0.742210 -0.015738 0.669983 0.715215 0.018412 0.698662 0.555036 -0.830536 0.046305 0.556812 -0.827956 0.066700 0.625834 -0.776118 -0.077288 0.795283 0.066838 0.602542 0.096115 -0.972104 -0.213951 0.080466 -0.972673 -0.217791 0.206478 -0.959691 -0.190680 0.230829 -0.955472 -0.183824 0.151090 -0.971614 -0.182036 0.039957 -0.976838 -0.210215 0.395047 -0.908004 -0.139527 0.376088 -0.915796 -0.140978 0.515827 -0.851573 -0.093521 0.541366 -0.834613 -0.101704 0.692697 -0.720673 -0.028287 0.683394 -0.728751 -0.043515 0.583745 -0.809761 -0.059404 0.761134 -0.648594 0.001077 0.326706 -0.935391 -0.135299 0.101794 -0.956794 -0.272367 0.114090 -0.944584 -0.307807 0.127995 -0.937306 -0.324152 0.924560 -0.378325 -0.045367 0.836478 -0.438256 0.328992 0.812031 -0.573794 0.106618 0.964885 -0.262645 -0.003784 0.941522 -0.336447 -0.018411 0.737770 -0.665056 -0.115739 0.408643 0.849440 0.333860 0.202175 0.905640 0.372747 0.183449 0.932196 0.312020 0.478566 -0.661453 -0.577455 0.898002 0.334006 -0.286413 -0.041061 -0.926838 -0.373210 -0.167788 -0.914266 -0.368734 -0.233636 -0.899114 -0.370146 0.189983 0.951388 0.242419 0.159412 0.980243 0.117100 -0.099444 -0.888623 -0.447727 0.146673 -0.899757 -0.411005 0.069093 -0.921260 -0.382761 0.315310 -0.696071 -0.645031 0.353767 -0.772672 -0.527094 0.304199 -0.825071 -0.476153 0.224532 -0.865774 -0.447236 -0.115611 0.548546 0.828089 0.994409 -0.105498 -0.004565 0.987929 -0.134217 -0.077337 0.989838 -0.142037 -0.006785 0.987522 0.144697 0.062159 0.808864 -0.275176 0.519632 0.255696 -0.621715 -0.740331 -0.084135 -0.703167 0.706030 0.118662 -0.754928 0.644983 -0.026347 -0.621368 0.783076 -0.375641 0.409114 -0.831577 -0.044681 0.250906 -0.966980 -0.688452 0.582890 -0.431594 
						-0.006453 0.185983 -0.982532 -0.007554 0.121797 -0.992526 0.006873 0.017734 -0.999819 0.044578 -0.103493 -0.993631 0.180625 -0.258900 -0.948865 0.299325 -0.402037 -0.865315 0.753415 -0.442367 -0.486495 0.585194 -0.649251 -0.485820 -0.023350 0.877195 0.479566 -0.530983 0.834753 0.145753 0.522595 0.841065 -0.139658 0.263164 0.937394 0.228116 0.195988 0.938681 0.283667 0.100143 0.895615 0.433412 -0.265795 0.814750 -0.515301 -0.179848 0.884357 -0.430775 -0.102026 0.870970 -0.480626 -0.527270 0.670852 -0.521483 -0.066734 0.997174 0.034492 -0.061165 0.992423 0.106560 -0.097480 0.990390 -0.098106 -0.136738 0.951387 -0.275980 0.237337 0.775189 -0.585452 -0.078747 0.981109 0.176700 -0.104204 0.948054 0.300558 -0.708164 0.256712 0.657725 -0.723046 0.646796 0.242611 -0.110702 0.898656 0.424455 -0.084144 0.877136 0.472812 -0.230875 -0.276898 -0.932751 -0.090822 -0.834339 -0.543719 -0.231614 0.864654 -0.445790 -0.053693 0.942399 0.330153 -0.034785 -0.945285 -0.324386 -0.030505 -0.932132 -0.360831 -0.619801 -0.248573 -0.744351 -0.879248 0.102685 -0.465164 -0.369185 -0.542747 -0.754406 -0.151613 -0.761441 -0.630255 -0.057962 -0.872190 -0.485722 0.281480 -0.702429 0.653730 0.725886 -0.665098 -0.175311 0.997510 -0.055262 0.043813 0.670709 0.725883 0.152454 0.538361 0.840946 0.054562 0.619941 0.784135 0.028363 0.666420 0.745376 0.017276 -0.725592 0.552536 -0.410147 -0.551123 0.758605 -0.347537 0.722969 0.646224 0.244355 0.551996 -0.831976 0.055822 0.498677 -0.685872 -0.530001 0.661788 -0.071815 -0.746243 0.939431 -0.342706 -0.004726 0.612045 0.676521 -0.409537 0.873631 0.406686 0.267163 0.568380 -0.822381 -0.025174 -0.149833 -0.970670 0.188015 -0.116179 -0.816092 -0.566123 0.084760 -0.791852 -0.604802 0.065769 -0.934000 -0.351166 0.079204 -0.995234 -0.056882 0.056345 -0.941067 -0.333493 0.072002 -0.938511 -0.337659 
						0.339904 -0.537146 -0.771971 0.565785 -0.824299 -0.020469 0.932783 -0.358382 -0.038439 0.830716 0.177405 -0.527672 0.986368 0.163073 0.022053 0.607773 0.666642 -0.431508 0.887882 -0.086385 0.451889 0.796556 0.366132 -0.481089 0.436265 0.324315 -0.839341 0.999277 -0.018989 -0.032934 0.852086 0.160395 -0.498220 0.987974 0.147844 0.045278 0.863305 0.132296 0.487034 0.510810 0.440654 -0.738171 0.852406 0.158428 -0.498301 0.886828 -0.074634 0.456033 -0.235515 -0.943840 -0.231731 -0.179122 -0.949971 -0.255872 -0.760753 -0.518291 -0.390679 0.333654 0.902008 -0.273963 0.505579 -0.351845 -0.787778 -0.820027 0.572322 0.001646 0.977894 0.202672 0.051453 0.796682 0.397110 -0.455633 0.999641 0.026591 0.003129 0.832977 0.204432 -0.514156 0.081852 -0.927102 -0.365762 0.253916 -0.962922 -0.091149 -0.289423 -0.928289 0.233483 0.772893 0.504248 0.385189 0.784518 -0.618732 -0.041249 -0.536366 0.306095 0.786523 -0.181986 -0.967861 0.173568 -0.107599 -0.813088 -0.572111 -0.100638 -0.821789 -0.560834 0.075602 -0.771592 -0.631609 0.095820 -0.928656 -0.358353 0.220601 -0.810729 -0.542267 0.236338 -0.946889 -0.218050 -0.120911 -0.828816 -0.546300 0.103726 -0.929433 -0.354113 0.099725 -0.930379 -0.352774 0.414146 -0.814303 -0.406686 0.415276 -0.813026 -0.408087 -0.193579 -0.966545 0.168281 -0.490476 -0.714074 -0.499532 0.227446 -0.482150 -0.846049 0.357028 -0.934084 -0.004231 0.778543 -0.556440 -0.290253 0.693799 -0.438192 -0.571515 -0.602195 -0.262111 -0.754094 0.029276 0.835359 -0.548925 -0.313496 0.859243 -0.404254 -0.209800 -0.311189 -0.926901 -0.240351 -0.317761 -0.917202 0.232396 -0.954489 0.186932 -0.458620 -0.626894 -0.629819 0.005376 -0.998790 0.048875 -0.653058 0.677011 -0.339369 0.145955 -0.091040 -0.985093 0.942761 0.193795 -0.271376 0.936886 0.199294 -0.287273 0.695240 0.495247 -0.520933 0.921694 0.355299 0.155700 
						0.783698 -0.038443 -0.619951 0.986366 -0.143567 0.080436 0.834387 0.545618 0.078104 0.689429 0.696347 -0.199473 0.938612 0.205091 -0.277391 0.938155 0.210035 -0.275229 0.894201 -0.388844 -0.221820 0.832288 -0.176320 -0.525555 0.506616 0.060124 -0.860073 0.928463 -0.169142 0.330677 0.621272 -0.748007 -0.233467 0.552091 -0.614497 -0.563550 0.324991 -0.867886 -0.375705 0.345356 -0.858104 -0.379983 0.166638 -0.981698 -0.092200 -0.057438 -0.805066 -0.590398 0.789362 0.417099 -0.450484 0.976519 0.209303 0.051018 0.839657 0.224722 -0.494445 0.999196 0.034589 0.020257 -0.122616 -0.948137 -0.293261 -0.108778 -0.948029 -0.299013 -0.519284 -0.805862 -0.284483 -0.365972 -0.930625 -0.000894 -0.151605 -0.881054 -0.448063 0.029016 -0.969764 -0.242314 0.123861 -0.767656 -0.628779 0.282326 -0.952714 -0.112379 -0.666610 -0.727090 -0.164229 -0.495474 -0.864701 0.082450 0.795759 0.364380 -0.483730 0.984583 0.173421 0.022849 0.830570 0.178185 -0.527640 0.999872 -0.009000 -0.013216 0.615917 0.685912 -0.387519 0.989082 0.145899 0.020729 -0.229496 -0.149037 -0.961831 0.566538 -0.094956 -0.818546 -0.317893 0.627883 -0.710428 0.470657 0.663453 -0.581647 0.240422 0.140249 0.960483 -0.470224 -0.663804 0.581595 0.140833 -0.374589 0.916433 -0.467963 -0.220913 0.855692 0.589600 -0.189151 0.785235 -0.432333 -0.406269 0.805005 0.144323 -0.953584 -0.264288 0.147670 -0.948092 -0.281629 -0.213122 -0.650186 -0.729271 0.572756 -0.618210 -0.538300 -0.226696 -0.655183 -0.720656 0.452797 -0.834227 -0.314708 0.368178 -0.913423 -0.173503 -0.352103 -0.930781 0.098337 0.154733 -0.945630 -0.286079 -0.149972 -0.957636 -0.245848 0.150632 -0.940276 -0.305272 -0.150903 -0.886238 -0.437962 0.427752 -0.847681 -0.313791 0.369719 -0.915551 -0.158351 0.254423 -0.961635 -0.102605 0.001663 -0.971229 -0.238141 0.428507 -0.849697 -0.307240 0.160473 -0.943574 -0.289684 
						0.084203 -0.994822 0.056915 0.094291 -0.995540 -0.003160 -0.112399 -0.874001 -0.472746 0.443356 -0.816621 -0.369547 -0.159893 -0.937982 -0.307610 0.397702 -0.898537 -0.185645 0.426441 0.418597 -0.801826 -0.136164 0.387048 -0.911950 0.463521 0.245030 -0.851533 -0.090448 0.200245 -0.975562 -0.816763 -0.276608 0.506346 0.093225 -0.205434 0.974221 0.436542 -0.810016 -0.391544 -0.124280 -0.867100 -0.482381 0.388363 -0.896629 -0.212673 -0.169718 -0.928016 -0.331634 -0.516068 -0.624638 0.586089 0.138345 -0.387750 0.911324 0.151990 -0.387355 0.909316 -0.471089 -0.244970 0.847387 -0.818601 -0.262591 0.510821 -0.818331 -0.034346 0.573720 0.441224 -0.037634 0.896607 0.155308 -0.370470 0.915768 -0.815083 -0.288316 0.502508 -0.584564 0.180541 -0.791005 -0.661383 0.363459 -0.656102 -0.827075 -0.435607 0.355237 -0.904587 0.187758 0.382712 -0.700577 -0.337922 -0.628490 -0.530999 -0.018700 0.847166 0.104057 -0.072325 0.991938 -0.736968 0.568294 -0.365951 -0.757496 -0.651675 0.038968 -0.771645 -0.626563 0.109466 -0.751057 0.590534 -0.295267 -0.809435 0.582669 0.072881 -0.701805 -0.638309 -0.316277 -0.149601 -0.317712 0.936311 -0.143022 -0.316845 0.937632 0.248005 -0.564357 0.787397 -0.429764 -0.499226 0.752381 -0.846421 0.360319 0.392099 -0.667236 -0.374145 -0.644059 0.811850 -0.576917 -0.089810 -0.535710 -0.765884 -0.355580 -0.339337 -0.929552 -0.144162 0.522808 -0.837083 0.161135 0.635144 -0.606074 -0.478817 -0.205544 -0.808233 -0.551826 0.240578 0.713363 -0.658207 -0.106992 0.731814 -0.673053 0.146804 0.313395 -0.938207 0.146680 0.312586 -0.938496 0.407209 -0.222155 -0.885905 0.054576 -0.148314 -0.987433 0.347933 -0.841681 -0.412936 0.074955 -0.912813 -0.401440 0.524760 -0.694978 0.491560 0.631639 0.753546 -0.182209 0.736583 0.477379 -0.479119 0.539727 -0.324070 0.776964 0.588024 -0.192675 -0.785560 0.236577 0.511079 0.826335 
						-0.146712 0.413429 -0.898639 0.418588 0.431194 -0.799284 -0.080360 0.234172 -0.968868 0.475122 0.266141 -0.838706 0.092167 -0.993157 -0.071719 0.093910 -0.991934 -0.085135 -0.146016 -0.950304 0.274957 0.199180 -0.936322 0.289186 0.592781 -0.425353 0.683875 -0.690445 -0.417444 0.590785 -0.127079 -0.882244 -0.453317 0.426965 -0.845597 -0.320417 -0.153749 -0.872365 0.464048 0.175827 -0.877820 0.445552 -0.145641 0.348481 -0.925932 0.416531 0.383064 -0.824478 -0.091433 0.172033 -0.980839 0.464689 0.205268 -0.861353 -0.374940 -0.924519 0.068446 0.360549 -0.919088 -0.159002 0.824260 -0.564997 -0.037075 0.669244 0.426376 -0.608535 0.965515 0.204761 0.160789 0.548994 -0.400225 -0.733774 0.125177 -0.719389 -0.683236 0.419511 -0.907743 0.003571 -0.354244 -0.934943 -0.019794 -0.434956 -0.879166 -0.194630 -0.156349 -0.970589 -0.183061 0.139328 -0.963924 -0.226801 0.913430 -0.182529 0.363770 0.408889 0.119987 -0.904662 0.680941 0.442981 -0.583170 0.834629 -0.550620 -0.014563 -0.637798 -0.656274 -0.403135 0.116978 -0.908200 -0.401857 0.144705 -0.961485 -0.233680 -0.333288 -0.862273 0.381320 -0.127482 -0.969925 -0.207348 -0.362257 -0.932078 0.000311 -0.138109 -0.966600 -0.215893 -0.435043 -0.881696 -0.182621 0.085227 -0.918651 -0.385768 0.113628 -0.969724 -0.216156 0.059132 -0.992358 -0.108298 -0.245030 -0.967290 -0.065649 0.080513 -0.916604 -0.391606 -0.138425 -0.973279 -0.183211 0.965837 0.039594 0.256109 0.403747 -0.069776 -0.912206 -0.245137 -0.678667 0.692329 -0.489810 0.852297 -0.183511 -0.710365 -0.438319 -0.550689 -0.063028 0.458990 0.886203 -0.049821 0.314560 -0.947929 -0.580077 0.355650 -0.732819 -0.058628 0.129374 -0.989861 -0.591673 0.167367 -0.788613 -0.150791 -0.964947 -0.214803 0.125580 -0.906237 -0.403687 0.085840 -0.887883 -0.451990 -0.435429 -0.870012 -0.231259 0.143237 -0.954766 -0.260586 -0.388098 -0.919564 -0.061499 
						0.407067 -0.912786 0.033435 -0.356706 -0.933939 -0.022783 -0.376586 -0.926363 0.005854 -0.453449 -0.875429 -0.167357 -0.155561 -0.966482 -0.204237 -0.351106 -0.881007 -0.317098 -0.061158 -0.933438 -0.353487 -0.371344 -0.928421 0.011741 -0.410188 -0.145908 0.900254 -0.912454 0.215897 -0.347586 -0.878683 0.420555 -0.225943 -0.522480 -0.296482 0.799445 -0.540708 0.348296 0.765719 -0.957119 -0.259889 -0.127987 -0.714972 -0.637743 -0.286529 0.166497 -0.851892 -0.496546 -0.760364 0.648290 0.039592 -0.656374 -0.534552 0.532379 -0.628708 -0.506913 0.589717 -0.732857 0.673406 0.097187 -0.573254 0.695290 0.433534 -0.812766 -0.546699 0.201324 -0.817682 -0.543508 0.189724 0.372676 -0.837797 -0.399010 -0.459965 -0.800653 0.383909 0.282751 -0.944066 -0.169681 -0.442058 0.499325 0.745157 -0.945173 -0.304392 -0.118294 0.564481 -0.689737 -0.453457 -0.707986 -0.699537 0.096976 -0.441866 -0.878415 0.182045 0.445873 -0.893395 -0.055169 0.197278 -0.713204 -0.672623 -0.551829 -0.797937 -0.242447 -0.111348 0.638146 -0.761821 -0.403351 0.704558 -0.583872 -0.381863 0.241618 -0.892077 -0.382155 0.241033 -0.892110 -0.185987 -0.322022 -0.928284 -0.526112 -0.204080 -0.825565 -0.032241 -0.903319 -0.427755 -0.275033 -0.929819 -0.244527 -0.108501 -0.695356 -0.710428 -0.449951 -0.674901 -0.584852 -0.212712 -0.887264 -0.409287 -0.219257 -0.877814 -0.425874 0.110375 -0.954077 -0.278488 -0.402657 -0.915040 -0.023860 -0.581492 0.386154 -0.716067 -0.059769 0.322988 -0.944514 -0.598504 0.196257 -0.776709 -0.068830 0.151559 -0.986049 -0.081831 -0.996564 0.012793 -0.081053 -0.996579 0.016149 -0.063317 -0.907496 0.415262 0.241626 -0.935838 0.256563 -0.242840 -0.968640 0.052584 -0.031933 -0.986848 -0.158463 -0.454108 -0.871477 -0.185239 0.074575 -0.913950 -0.398917 0.926260 0.370918 0.066796 0.423023 -0.430747 -0.797188 -0.587286 0.319655 -0.743583 -0.058072 0.276794 -0.959173 
						-0.593649 0.128693 -0.794367 -0.060770 0.097833 -0.993346 -0.354711 -0.857516 0.372620 0.145482 -0.964941 -0.218459 -0.054577 0.742652 -0.667450 0.661229 0.607718 -0.439836 -0.164053 -0.000773 -0.986451 0.642776 -0.168103 -0.747382 -0.566205 -0.823991 -0.021248 -0.079493 -0.792213 -0.605045 0.120434 -0.817544 -0.563132 0.154203 -0.970361 0.186067 -0.064057 -0.935315 -0.347969 -0.073840 -0.995633 -0.057118 -0.056343 -0.941067 -0.333495 -0.565778 -0.824304 -0.020475 -0.339916 -0.537158 -0.771957 -0.071999 -0.938512 -0.337657 0.933621 0.356598 0.034480 0.608588 -0.668468 0.427518 0.985455 -0.168444 -0.022464 0.829737 -0.182624 0.527433 0.887298 0.079645 -0.454267 0.796654 -0.370358 0.477678 0.435603 -0.331643 0.836817 0.999454 0.014712 0.029565 0.987624 -0.150096 -0.045492 0.852057 -0.160474 0.498244 0.864460 -0.126184 -0.486607 0.510874 -0.435715 0.741053 0.235514 -0.943840 -0.231733 0.179126 -0.949971 -0.255867 -0.760755 0.518286 0.390681 -0.820001 -0.572359 -0.001658 0.505592 0.351838 0.787773 0.333628 -0.902026 0.273939 -0.977895 0.202669 0.051440 -0.832985 0.204429 -0.514145 -0.999641 0.026599 0.003123 -0.796688 0.397108 -0.455623 -0.083368 -0.927282 -0.364963 -0.249389 -0.964367 -0.088328 -0.289411 0.928295 -0.233470 -0.536314 -0.306187 -0.786522 0.784551 0.618691 0.041246 0.772872 -0.504271 -0.385201 0.186555 -0.967362 0.171485 0.111740 -0.814546 -0.569236 -0.063666 -0.772283 -0.632080 0.110672 -0.825333 -0.553693 -0.238179 -0.945809 -0.220718 -0.223340 -0.811071 -0.540632 -0.103734 -0.929434 -0.354108 -0.415279 -0.813032 -0.408070 -0.414135 -0.814309 -0.406685 -0.099719 -0.930382 -0.352767 0.193569 -0.966547 0.168282 0.490481 -0.714073 -0.499528 -0.360362 -0.932787 -0.006833 -0.232113 -0.482398 -0.844639 -0.693808 -0.438195 -0.571503 -0.778539 -0.556447 -0.290247 -0.598062 0.264264 0.756628 -0.204731 0.310064 0.928410 
						-0.308520 -0.860345 0.405736 0.033689 -0.833549 0.551417 -0.237699 -0.953479 0.185409 0.233883 -0.316386 -0.919347 -0.009831 -0.998729 0.049429 0.456166 -0.625185 -0.633290 0.149590 0.087214 0.984894 -0.649186 -0.680774 0.339270 0.943606 -0.191317 0.270197 0.922800 -0.351926 -0.156808 0.694724 -0.492454 0.524259 0.936328 -0.197483 0.290327 0.784565 0.041659 0.618646 0.986215 0.146368 -0.077177 0.720372 0.682580 -0.123077 0.261152 0.948626 -0.178629 0.140515 -0.498520 -0.855414 -0.366963 -0.154379 -0.917336 -0.192956 0.910037 -0.366880 0.740653 -0.345154 -0.576457 0.507674 -0.054278 0.859838 0.928593 0.173928 -0.327816 -0.621285 -0.748003 -0.233443 -0.345362 -0.858106 -0.379973 -0.325001 -0.867881 -0.375709 -0.552092 -0.614487 -0.563560 0.057443 -0.805068 -0.590395 -0.166643 -0.981697 -0.092198 0.436750 -0.318717 0.841231 0.988132 -0.146810 -0.045182 -0.789359 0.417107 -0.450482 -0.999196 0.034603 0.020251 -0.839643 0.224712 -0.494473 -0.976521 0.209295 0.051020 0.122609 -0.948137 -0.293264 0.365949 -0.930634 -0.000876 0.519282 -0.805859 -0.284495 0.108766 -0.948035 -0.298998 -0.032311 -0.969951 -0.241144 0.150453 -0.879888 -0.450735 -0.123861 -0.767655 -0.628780 -0.282331 -0.952712 -0.112381 -0.088495 -0.770718 -0.631001 -0.067363 -0.932759 -0.354151 0.666620 -0.727082 -0.164225 0.495477 -0.864698 0.082461 -0.795774 0.364371 -0.483712 -0.999872 -0.009006 -0.013214 -0.830582 0.178178 -0.527624 -0.984583 0.173419 0.022847 0.616642 -0.687702 0.383171 0.988285 -0.151149 -0.021132 0.794600 0.481312 -0.370067 0.902594 0.250317 0.350237 0.698639 -0.274687 -0.660644 0.820665 -0.553973 0.140078 0.236691 -0.143298 -0.960959 -0.466911 0.215880 -0.857548 0.141759 0.369658 -0.918290 -0.473950 0.660761 -0.582037 0.588725 0.181634 -0.787662 -0.434574 0.401494 -0.806193 -0.144320 -0.953585 -0.264288 -0.572735 -0.618205 -0.538328 
						0.213138 -0.650186 -0.729267 -0.147666 -0.948092 -0.281631 0.561326 0.100922 0.821418 -0.313439 -0.632873 0.707974 0.405151 -0.408532 0.817896 -0.109423 -0.205199 0.972584 0.807756 -0.305103 0.504423 -0.136276 -0.386413 0.912203 -0.581212 -0.159200 0.798028 0.459229 -0.225104 0.859323 0.430261 -0.406457 0.806020 -0.065722 -0.204967 0.976560 0.720900 -0.511807 0.467287 -0.512113 -0.309792 0.801105 -0.084200 -0.994822 0.056914 -0.094289 -0.995540 -0.003156 0.112402 -0.873997 -0.472753 -0.397700 -0.898535 -0.185659 0.159893 -0.937984 -0.307604 -0.443360 -0.816623 -0.369539 -0.426435 0.418593 -0.801831 0.090451 0.200240 -0.975563 -0.463516 0.245031 -0.851536 0.136159 0.387049 -0.911951 -0.817751 0.269240 -0.508717 0.090813 0.200917 -0.975390 -0.436540 -0.810014 -0.391548 0.169722 -0.928015 -0.331636 -0.388356 -0.896632 -0.212674 0.124287 -0.867100 -0.482379 -0.519495 0.621546 -0.586350 0.139314 0.382681 -0.913316 -0.469263 0.235821 -0.850988 0.153679 0.378739 -0.912655 0.443425 0.042978 -0.895281 -0.819595 0.039825 -0.571558 -0.143336 -0.938617 -0.313771 -0.199456 -0.786143 -0.584975 -0.201114 -0.784752 -0.586274 -0.143789 -0.938273 -0.314592 -0.442885 -0.872814 0.205059 0.347130 -0.931948 0.104753 0.106592 0.075917 -0.991400 -0.533155 0.021365 -0.845748 -0.053153 -0.433539 -0.899566 -0.361657 -0.426574 -0.828999 -0.770887 0.628249 -0.105056 -0.701120 0.636778 0.320851 -0.808740 -0.584176 -0.068392 -0.750283 -0.589202 0.299861 -0.140662 0.319584 -0.937059 -0.151668 0.319580 -0.935342 -0.427315 0.502638 -0.751503 0.245710 0.567000 -0.786217 -0.666928 0.370173 0.646668 -0.846043 -0.364251 -0.389273 0.141528 -0.313321 0.939042 0.399353 -0.601848 0.691589 -0.266989 -0.463308 0.845022 0.150411 -0.318563 0.935892 -0.116991 0.046550 0.992041 0.596605 -0.142712 0.789744 -0.237814 0.715870 -0.656487 -0.144103 0.315587 -0.937891 
						-0.144602 0.310244 -0.939595 0.108952 0.729187 -0.675585 -0.052240 -0.145082 -0.988040 -0.404944 -0.225613 -0.886069 -0.477663 0.081504 0.874754 0.767830 -0.198666 0.609072 0.524751 0.694974 -0.491577 0.539680 0.324076 -0.776994 0.736600 -0.477386 0.479085 0.631636 -0.753558 0.182170 0.236563 -0.511084 -0.826336 0.588039 0.192670 0.785550 -0.578996 -0.146019 0.802148 0.431345 -0.404103 0.806624 0.146699 0.413425 -0.898643 -0.475111 0.266142 -0.838712 0.080350 0.234175 -0.968868 -0.418597 0.431201 -0.799276 -0.092162 -0.993157 -0.071727 -0.199180 -0.936321 0.289189 0.146019 -0.950306 0.274949 -0.093913 -0.991933 -0.085138 -0.688595 0.422641 -0.589247 0.591256 0.430743 -0.681819 0.127091 -0.882242 -0.453317 -0.426972 -0.845594 -0.320414 -0.472890 0.254340 -0.843615 0.590332 0.195333 -0.783169 0.153749 -0.872361 0.464056 -0.175826 -0.877824 0.445544 0.145647 0.348482 -0.925930 -0.464677 0.205270 -0.861359 0.091430 0.172034 -0.980839 -0.416528 0.383061 -0.824481 -0.275192 -0.673707 0.685849 0.413732 -0.389422 0.822907 0.824235 0.565033 0.037082 0.548995 0.400200 0.733788 0.965514 -0.204777 -0.160778 0.669256 -0.426345 0.608544 -0.128072 -0.720082 -0.681967 0.434941 -0.879935 -0.191155 0.351999 -0.935844 -0.017083 -0.418274 -0.908297 0.006582 0.146530 -0.972842 -0.179186 -0.139456 -0.964732 -0.223258 0.913310 0.183432 -0.363618 0.834421 0.550924 0.014983 0.680774 -0.442691 0.583585 0.408780 -0.119152 0.904821 0.636492 -0.655818 -0.405933 0.336175 -0.861664 0.380161 -0.144508 -0.960646 -0.237226 -0.114692 -0.907257 -0.404636 0.129690 -0.970654 -0.202512 0.364529 -0.931189 -0.002353 0.138820 -0.966437 -0.216169 0.435121 -0.880922 -0.186136 -0.113486 -0.969056 -0.219206 -0.082766 -0.917587 -0.388823 -0.058231 -0.992632 -0.106258 0.242857 -0.967912 -0.064545 0.965844 -0.038786 -0.256204 0.403730 0.070580 0.912151 
						-0.247911 0.683293 -0.686768 -0.062194 -0.453381 -0.889144 -0.709236 0.444774 0.546956 -0.492050 -0.849962 0.188284 0.049825 0.314567 -0.947927 0.591666 0.167381 -0.788616 0.058640 0.129369 -0.989861 0.580089 0.355649 -0.732810 0.152531 -0.965519 -0.210968 -0.127839 -0.907170 -0.400875 -0.085675 -0.887797 -0.452192 0.388267 -0.919478 -0.061720 -0.143243 -0.954842 -0.260305 0.435444 -0.870102 -0.230891 -0.405734 -0.913260 0.036567 0.354519 -0.934832 -0.020136 0.453315 -0.876108 -0.164132 0.373871 -0.927438 0.008912 0.063331 -0.932889 -0.354553 0.350078 -0.880708 -0.319059 -0.410194 0.145919 -0.900249 -0.522486 0.296494 -0.799437 -0.878678 -0.420561 0.225951 -0.912453 -0.215892 0.347591 -0.540710 -0.348282 -0.765723 -0.957118 0.259896 0.127981 -0.164297 -0.851100 -0.498633 0.714131 -0.637213 -0.289785 -0.656384 0.534547 -0.532372 -0.760359 -0.648296 -0.039581 -0.628666 0.506857 -0.589809 -0.812710 0.546736 -0.201451 -0.573195 -0.695260 -0.433660 -0.732796 -0.673458 -0.097285 -0.371129 -0.836784 -0.402561 0.819528 -0.542263 0.185267 -0.282883 -0.943450 -0.172859 0.462775 -0.799783 0.382344 -0.945149 0.304497 0.118218 -0.442034 -0.499213 -0.745247 -0.566481 -0.691025 -0.448981 -0.445248 -0.893900 -0.051930 0.439387 -0.879272 0.183902 0.706475 -0.700552 0.100594 -0.199959 -0.714020 -0.670963 0.552380 -0.798503 -0.239309 0.112402 0.641016 -0.759252 0.383616 0.244310 -0.890590 0.384655 0.238822 -0.891630 0.406530 0.702186 -0.584524 0.528040 -0.200698 -0.825163 0.188193 -0.325046 -0.926784 0.030162 -0.903759 -0.426978 0.275822 -0.930198 -0.242185 0.108626 -0.695264 -0.710499 0.219442 -0.877732 -0.425948 0.212776 -0.887332 -0.409107 0.450029 -0.674984 -0.584697 0.402719 -0.915011 -0.023926 -0.110386 -0.954106 -0.278383 0.141199 -0.965888 -0.217077 -0.113754 -0.970267 -0.213639 0.581496 0.386145 -0.716069 0.068840 0.151553 -0.986049 
						0.598511 0.196264 -0.776701 0.059764 0.322997 -0.944511 0.083265 -0.996367 0.017864 -0.240926 -0.934769 0.261079 0.067651 -0.908174 0.413091 0.085521 -0.996239 0.013952 0.031205 -0.986478 -0.160898 0.244940 -0.968145 0.051956 0.454010 -0.872154 -0.182271 -0.073243 -0.913341 -0.400555 0.453560 -0.874849 -0.170067 0.180776 -0.964474 -0.192641 0.926453 -0.370356 -0.067247 0.423214 0.431378 0.796746 0.587281 0.319652 -0.743588 0.060768 0.097836 -0.993345 0.593653 0.128693 -0.794364 0.058079 0.276789 -0.959174 0.357418 -0.856879 0.371497 -0.145291 -0.964144 -0.222074 0.650263 0.660669 -0.375067 0.881839 -0.445653 -0.154120 0.598676 -0.034501 -0.800248 0.929400 0.248961 0.272458 0.468725 -0.854193 -0.225058 -0.280329 -0.959314 0.033656 0.203896 -0.437849 -0.875622 -0.577302 -0.547487 -0.605789 -0.068182 -0.108893 0.991712 0.648474 -0.697783 0.304270 0.679850 -0.003915 0.733341 -0.133705 -0.807557 0.574434 0.577301 0.547481 0.605795 -0.203906 0.437856 0.875616 0.280320 0.959316 -0.033659 -0.468730 0.854190 0.225059 0.929403 0.248957 0.272455 0.598671 -0.034505 -0.800251 0.881839 -0.445655 -0.154115 0.650264 0.660669 -0.375063 -0.648475 0.697784 -0.304267 0.068178 0.108893 -0.991713 0.133706 0.807558 -0.574432 -0.679846 0.003914 -0.733344 0.369025 0.827501 0.423157 -0.686074 0.726695 -0.034876 -0.355862 0.596383 0.719506 0.052402 0.952444 -0.300173 -0.645830 0.087219 0.758483 -0.808375 -0.559021 -0.184461 -0.491751 -0.683957 0.538873 -0.976044 0.217535 0.004116 0.488276 0.669912 -0.559289 0.972533 -0.231471 -0.024529 0.818893 0.539438 0.196011 0.656340 -0.106699 -0.746882 -0.369026 -0.827504 -0.423150 -0.052405 -0.952445 0.300169 0.355859 -0.596387 -0.719505 0.686075 -0.726695 0.034869 -0.039464 0.627065 -0.777967 -0.608151 -0.371504 -0.701524 0.125187 -0.146414 -0.981270 -0.771099 0.401303 -0.494329 
						-0.818899 -0.539428 -0.196012 -0.972531 0.231477 0.024549 -0.488266 -0.669899 0.559313 -0.656339 0.106707 0.746882 0.039462 0.627071 -0.777962 0.608152 -0.371504 -0.701525 -0.125186 -0.146415 -0.981270 0.771100 0.401296 -0.494334 -0.355871 -0.596384 -0.719501 -0.686071 -0.726698 0.034887 0.369027 -0.827502 -0.423155 0.052400 -0.952444 0.300174 0.656347 0.106702 0.746875 0.818899 -0.539425 -0.196023 0.972531 0.231477 0.024529 0.488277 -0.669896 0.559307 0.686071 0.726698 -0.034881 0.355868 0.596389 0.719499 -0.052408 0.952446 -0.300167 -0.369026 0.827502 0.423155 0.771092 0.401311 -0.494334 -0.125196 -0.146408 -0.981270 0.608148 -0.371505 -0.701527 0.039453 0.627060 -0.777971 -0.818896 0.539432 0.196014 -0.656340 -0.106703 -0.746882 -0.488270 0.669898 -0.559311 -0.972530 -0.231481 -0.024545 -0.650261 0.660670 -0.375068 -0.929400 0.248963 0.272458 -0.598677 -0.034498 -0.800247 -0.881839 -0.445653 -0.154124 0.468729 0.854188 0.225068 -0.577297 0.547484 0.605796 0.203907 0.437849 0.875620 -0.280321 0.959316 -0.033662 -0.068177 0.108889 -0.991713 -0.133710 0.807552 -0.574440 0.679846 0.003914 -0.733344 0.648479 0.697777 -0.304272 0.577303 -0.547485 -0.605790 -0.468724 -0.854196 -0.225051 0.280330 -0.959314 0.033655 -0.203898 -0.437854 -0.875619 -0.929402 0.248960 0.272453 -0.650265 0.660667 -0.375066 -0.881838 -0.445657 -0.154115 -0.598669 -0.034504 -0.800253 -0.648470 -0.697788 0.304268 -0.679847 -0.003917 0.733344 0.133706 -0.807562 0.574427 0.068184 -0.108892 0.991712 -0.886891 -0.459620 -0.046628 -0.652360 0.582598 -0.484774 -0.920142 0.299490 0.252278 -0.630130 -0.188167 -0.753346 -0.541803 0.655257 0.526391 0.492976 0.867947 0.060353 0.236213 0.596491 0.767073 -0.274022 0.938366 -0.210668 0.893194 0.448984 0.024839 0.658666 -0.593114 0.463007 0.625075 0.165527 0.762812 0.915079 -0.322029 -0.242750 
						0.274031 -0.938365 0.210662 -0.236210 -0.596492 -0.767074 -0.492979 -0.867945 -0.060359 0.541802 -0.655260 -0.526389 0.920140 -0.299494 -0.252281 0.652359 -0.582600 0.484773 0.886893 0.459615 0.046628 0.630135 0.188160 0.753343 -0.625082 -0.165528 -0.762806 -0.658671 0.593117 -0.462994 -0.893194 -0.448986 -0.024832 -0.915078 0.322029 0.242754 -0.886894 0.459613 0.046628 -0.630128 0.188172 0.753346 -0.920145 -0.299485 -0.252275 -0.652356 -0.582604 0.484771 -0.541801 -0.655260 -0.526391 -0.274024 -0.938365 0.210669 0.236206 -0.596489 -0.767077 0.492977 -0.867946 -0.060363 0.893197 -0.448979 -0.024836 0.915080 0.322031 0.242743 0.625072 -0.165524 -0.762815 0.658664 0.593118 -0.463004 0.274024 0.938365 -0.210670 0.541802 0.655264 0.526384 -0.492977 0.867946 0.060359 -0.236213 0.596489 0.767075 0.920143 0.299490 0.252275 0.630129 -0.188166 -0.753346 0.886895 -0.459611 -0.046627 0.652356 0.582603 -0.484773 -0.625077 0.165538 0.762808 -0.915082 -0.322021 -0.242750 -0.893195 0.448983 0.024840 -0.658665 -0.593120 0.463000 -0.303730 0.218847 -0.927283 -0.308108 0.214047 -0.926959 0.342168 -0.224370 -0.912458 -0.102385 -0.534054 -0.839228 -0.294348 0.211095 -0.932093 -0.599344 -0.457071 -0.657171 -0.629866 -0.244380 -0.737257 -0.263416 -0.377416 -0.887789 0.120373 -0.201914 -0.971978 -0.301540 0.192979 -0.933720 -0.872376 -0.099775 -0.478545 -0.780760 0.028791 -0.624168 -0.930377 0.146697 -0.335975 -0.324539 0.190889 -0.926410 -0.835404 0.183781 -0.518000 -0.258013 0.227720 -0.938921 -0.266044 0.271085 -0.925059 -0.490740 0.799412 -0.346576 -0.238094 0.851838 -0.466565 -0.192702 0.741367 -0.642838 -0.427451 0.742522 -0.515701 -0.284525 0.203992 -0.936714 0.232048 0.720775 -0.653174 0.094914 0.629514 -0.771171 0.472790 0.269630 -0.838910 -0.303190 0.205626 -0.930480 0.287237 0.267348 -0.919793 -0.834575 0.023394 -0.550398 
						-0.728614 0.494200 -0.474224 -0.582415 -0.367170 -0.725244 0.307730 0.943700 0.121380 0.422807 0.900721 -0.099682 0.128499 0.902795 0.410425 0.164940 0.569041 0.805597 0.520657 0.830540 0.197786 -0.006989 0.999974 -0.001599 -0.245124 0.863172 -0.441417 0.710050 0.465227 0.528577 0.341419 0.729660 -0.592477 -0.100166 -0.429661 -0.897418 0.295623 -0.105447 -0.949467 0.190314 -0.251429 -0.948981 0.373281 0.246370 -0.894406 0.133275 0.689666 -0.711758 -0.327032 0.775500 -0.540046 0.308221 0.213889 -0.926958 -0.345096 -0.220221 -0.912366 -0.474058 0.258298 -0.841755 0.303623 0.209142 -0.929555 -0.257713 0.700861 -0.665115 0.290363 0.208214 -0.933989 -0.288309 0.258150 -0.922083 -0.123955 0.607534 -0.784562 -0.124155 -0.196889 -0.972533 0.835149 0.027565 -0.549333 0.582049 -0.367425 -0.725409 0.727979 0.495133 -0.474226 0.764924 -0.239070 -0.598112 0.905752 -0.367447 0.211178 0.965055 0.165007 -0.203570 0.815316 -0.549479 -0.182571 0.633874 -0.679611 0.369232 0.957210 -0.241194 0.159918 0.316644 -0.560583 0.765169 0.901855 -0.280906 0.328253 0.648689 -0.061923 0.758530 -0.371777 0.260197 -0.891111 -0.141593 0.683675 -0.715919 0.569833 -0.289013 -0.769260 0.781573 0.033827 -0.622895 0.828502 0.203233 -0.521805 -0.210089 -0.225277 -0.951374 0.619376 -0.443315 -0.647954 0.871321 -0.104257 -0.479511 0.930821 0.144670 -0.335624 0.300947 0.188560 -0.934813 0.296408 0.212579 -0.931103 0.328685 0.184944 -0.926154 0.133570 -0.540464 -0.830697 0.307652 0.218061 -0.926175 0.194503 -0.364668 -0.910597 0.323384 0.776290 -0.541108 0.268093 0.225822 -0.936553 0.215396 0.854852 -0.472051 0.486877 0.802045 -0.345940 0.271901 0.263319 -0.925599 0.161240 0.744012 -0.648420 0.406495 0.757802 -0.510390 0.090738 -0.427499 -0.899451 -0.309191 -0.085362 -0.947161 -0.947988 -0.017752 0.317811 -0.426600 -0.088251 0.900125 
						-0.492904 -0.537581 0.684143 -0.946913 -0.011293 0.321291 -0.642248 -0.731830 0.227909 -0.944091 -0.015042 0.329341 -0.652817 -0.428462 0.624700 -0.767241 -0.579708 0.274371 -0.599304 0.021252 0.800240 -0.874077 0.457394 -0.163649 -0.722048 0.625017 0.296647 -0.933012 0.014272 -0.359561 -0.789889 -0.128053 -0.599732 -0.307635 0.298046 -0.903620 -0.431227 0.145462 -0.890440 -0.858346 0.407276 -0.312040 0.485157 0.427803 -0.762632 -0.012249 0.552413 -0.833481 0.271798 -0.111845 -0.955833 -0.507870 0.544848 -0.667240 -0.196964 0.149054 -0.969014 -0.573959 -0.446197 0.686643 -0.725259 -0.649159 0.229327 -0.774360 0.553483 0.306632 -0.894585 0.442816 -0.060254 -0.906504 0.344889 -0.243519 -0.525316 0.034453 0.850210 -0.649823 0.709444 0.272800 -0.781854 0.606610 -0.143976 -0.797202 0.456000 -0.395642 -0.938193 0.012526 0.345886 -0.940599 -0.015513 0.339165 -0.946755 0.035554 0.319985 -0.495726 0.482383 0.722193 -0.945462 -0.022617 0.324946 -0.656435 0.382015 0.650505 -0.874972 -0.437654 -0.207083 -0.939806 -0.039576 0.339409 -0.804521 -0.539304 -0.248791 -0.831026 -0.326288 -0.450480 -0.946724 -0.066770 0.315050 -0.872271 -0.486053 -0.053810 -0.904423 -0.326261 -0.274905 -0.575125 0.384920 0.721850 -0.525604 -0.110132 0.843571 0.940243 0.074862 0.332172 0.876758 0.191981 -0.440952 0.759620 0.617104 -0.205330 0.941571 0.072594 0.328898 0.580869 0.770211 0.263374 0.944446 0.077252 0.319459 0.860343 0.504843 -0.070314 0.720560 0.627371 0.295296 0.961461 0.072411 -0.265234 0.637310 -0.460163 0.618131 0.808142 -0.567311 0.158317 0.522075 -0.050166 0.851423 0.143802 0.186891 0.971799 -0.302927 -0.261267 0.916501 -0.261845 -0.190929 0.946036 0.533926 -0.215415 0.817630 -0.890328 -0.329329 0.314417 -0.533038 -0.580473 0.615566 -0.743926 0.115865 0.658141 0.106921 -0.529292 0.841675 -0.362868 -0.199015 0.910341 
						0.823960 0.549058 -0.140091 0.651675 0.689019 0.317132 0.847550 -0.494584 0.192470 0.705026 -0.413204 0.576368 0.600926 -0.341849 0.722514 0.933271 0.086357 -0.348638 0.741292 -0.657339 0.135615 0.582585 -0.592638 0.556216 0.432455 -0.474650 0.766610 0.952091 0.051084 0.301517 0.946081 0.078062 0.314383 0.945073 0.025676 0.325850 0.875128 -0.373823 -0.307258 0.940641 0.077758 0.330374 0.950737 -0.271369 -0.149863 0.525813 0.434391 0.731317 0.944281 0.101505 0.313099 0.436727 0.538369 0.720714 0.349755 0.301413 0.887030 0.933069 0.123936 0.337670 0.612734 0.515215 0.599259 0.507380 0.341504 0.791164 0.929108 -0.266812 -0.256066 0.910072 0.254034 -0.327470 -0.947947 0.024589 -0.317478 -0.948813 0.016966 -0.315381 -0.495272 0.544641 -0.676810 -0.426298 0.101989 -0.898815 -0.646299 0.731627 -0.216839 -0.946809 0.014663 -0.321461 -0.772502 0.579316 -0.260063 -0.655510 0.436557 -0.616218 -0.599786 -0.006228 -0.800136 -0.876928 -0.448442 0.172905 -0.727361 -0.625899 -0.281419 -0.932924 -0.003367 0.360057 -0.520441 0.467251 0.714715 -0.207760 0.046867 0.977056 -0.309682 0.188802 0.931907 -0.870094 0.344655 0.352348 0.258144 -0.222281 0.940188 0.490872 0.323878 0.808794 -0.003042 0.459359 0.888245 -0.778747 -0.206423 0.592404 -0.422085 0.050130 0.905169 -0.568069 0.430387 -0.701473 -0.884185 -0.465833 0.034890 -0.765591 -0.551875 -0.330612 -0.718823 0.649707 -0.247332 -0.523311 -0.074003 -0.848922 -0.894096 -0.379202 0.238323 -0.771946 -0.623702 0.122861 -0.643135 -0.708132 -0.291421 -0.788146 -0.476195 0.389953 -0.937549 -0.014222 -0.347561 -0.939292 0.015675 -0.342762 -0.946640 -0.038184 -0.320024 -0.944619 0.025240 -0.327198 -0.489695 -0.462698 -0.738992 -0.649373 -0.358719 -0.670549 -0.871634 0.448500 0.197743 -0.941948 0.033336 -0.334098 -0.947120 0.058279 -0.315543 -0.834336 0.315964 0.451719 
						-0.807264 0.532061 0.255412 -0.908041 0.315602 0.275421 -0.876328 0.477750 0.061678 -0.578616 -0.395541 -0.713268 -0.526013 0.097565 -0.844862 0.941198 -0.066807 -0.331184 0.944119 -0.067626 -0.322594 0.762476 -0.611055 0.212704 0.878327 -0.181133 0.442417 0.584250 -0.771457 -0.252003 0.946954 -0.078500 -0.311634 0.724733 -0.629113 -0.281033 0.864179 -0.496741 0.080273 0.962063 -0.057829 0.266627 0.642272 0.469832 -0.605595 0.812774 0.564642 -0.143449 0.523894 0.066728 -0.849166 0.704326 0.692206 -0.157403 0.449715 0.547701 -0.705536 -0.024513 0.957856 -0.286202 0.259541 0.958090 -0.121256 0.067321 0.854520 -0.515038 -0.139573 0.990014 0.019786 -0.541338 0.791842 0.282734 -0.252596 0.880104 -0.402009 -0.708655 0.640345 -0.296254 0.821329 -0.554679 0.133229 0.706009 0.415189 -0.573733 0.847158 0.494788 -0.193669 0.647193 -0.686933 -0.330552 0.932029 -0.105198 0.346777 0.601803 0.330953 -0.726844 0.583646 0.594923 -0.552652 0.742677 0.656628 -0.131415 0.432815 0.470371 -0.769040 0.948577 -0.058576 -0.311081 0.942454 -0.076281 -0.325517 0.944266 -0.035988 -0.327212 0.939477 -0.071086 -0.335155 0.873476 0.382923 0.300682 0.948123 0.285650 0.139521 0.522984 -0.418774 -0.742372 0.945186 -0.108310 -0.308046 0.931604 -0.132388 -0.338507 0.347013 -0.311131 -0.884748 0.437835 -0.546374 -0.713986 0.503612 -0.351914 -0.789007 0.613267 -0.524220 -0.590845 0.930154 0.255206 0.263976 0.907292 -0.266196 0.325517 -0.858477 -0.065196 -0.508691 -0.329455 0.117949 -0.936775 -0.266626 -0.011603 -0.963730 -0.598175 -0.521123 -0.608783 -0.373328 -0.105343 -0.921699 0.043634 0.359863 -0.931984 0.154219 0.258073 -0.953737 -0.446028 0.096323 -0.889821 -0.318908 -0.860385 -0.397537 -0.727319 -0.541108 -0.422149 -0.865407 -0.323719 0.382462 -0.944619 0.172064 0.279444 0.093176 0.016407 -0.995514 0.563819 -0.415225 -0.713930 
						0.093963 -0.687273 -0.720296 -0.055941 -0.063313 -0.996425 0.003055 0.370755 -0.928726 -0.018575 -0.192976 -0.981027 0.192269 -0.068017 -0.978982 -0.315830 0.178011 -0.931967 -0.968102 0.212963 -0.132006 -0.937411 0.095547 0.334860 -0.338030 -0.827462 -0.448378 -0.250190 -0.968187 0.004332 0.155944 -0.718570 -0.677746 0.568572 -0.472447 -0.673439 0.277345 0.266913 -0.922950 0.778593 0.326550 -0.535872 0.528882 0.720650 -0.448271 0.158584 0.439555 -0.884106 -0.932257 -0.201225 -0.300674 -0.654303 -0.674885 0.341201 -0.889414 -0.298857 -0.345872 -0.709583 -0.598524 -0.371835 -0.820275 -0.426013 0.381656 -0.646544 -0.713742 0.269359 -0.887066 0.027618 0.460815 -0.343742 -0.865158 -0.365162 -0.148063 0.959804 -0.238440 0.336757 0.933044 -0.126588 -0.894845 0.446315 0.007428 -0.664864 0.644347 0.377853 0.402211 0.854760 0.328043 0.402173 0.685873 0.606495 0.929445 -0.355886 -0.097356 0.857771 -0.471147 0.205546 0.712243 0.304953 0.632230 0.983680 0.121763 -0.132470 0.179798 -0.288492 -0.940449 0.410984 -0.671742 -0.616324 -0.148223 -0.561547 -0.814061 -0.026508 0.062907 -0.997667 0.039350 0.113741 -0.992731 -0.029002 0.420378 -0.906885 0.437756 0.882264 0.173149 -0.800775 0.515319 -0.305295 0.808033 -0.394318 0.437717 0.814863 0.018164 0.579368 0.807871 0.587656 -0.044780 0.505626 0.857484 0.095198 -0.557700 -0.313296 0.768646 -0.916307 -0.262420 0.302518 -0.905844 -0.363907 0.216837 -0.619450 -0.320024 0.716845 0.662274 -0.615957 0.426603 -0.397562 -0.858033 -0.325153 -0.424305 -0.905508 0.004453 0.850055 -0.474074 0.229477 -0.049822 0.987471 -0.149730 -0.563679 0.671927 0.480395 -0.191313 0.790812 0.581392 -0.421190 0.870024 -0.256234 -0.864988 0.071400 -0.496686 -0.710323 -0.286071 -0.643121 -0.073327 0.658407 -0.749082 -0.266705 0.917484 -0.295112 -0.567442 0.560895 -0.602832 -0.151698 0.322497 -0.934336 
						0.348284 0.841776 0.412446 -0.637116 0.642249 -0.426145 0.893785 -0.447816 -0.024675 -0.285462 -0.935695 0.207330 -0.833163 -0.047802 -0.550957 -0.294884 0.125177 -0.947298 -0.227903 0.006428 -0.973663 -0.547626 -0.517248 -0.657694 -0.324489 -0.068048 -0.943439 0.053814 0.363000 -0.930234 0.164385 0.269817 -0.948776 -0.387925 0.118423 -0.914052 -0.252967 0.302181 -0.919073 -0.684683 0.567524 -0.457303 -0.210711 0.881155 -0.423282 -0.127871 0.403789 -0.905871 -0.615293 -0.738173 0.276612 -0.897224 -0.232153 -0.375624 -0.016225 -0.140326 -0.989972 0.185521 -0.043222 -0.981689 0.114161 -0.683717 -0.720763 0.579198 -0.424718 -0.695804 0.260789 0.266949 -0.927754 0.767602 0.301615 -0.565523 0.490801 0.736077 -0.466159 0.155039 0.425830 -0.891421 -0.326257 0.918661 -0.222752 -0.648082 0.540470 0.536546 -0.267721 0.766238 0.584128 -0.702138 0.681044 -0.207801 0.609271 -0.572431 -0.548735 0.318735 -0.927566 0.195011 0.664562 -0.716315 0.212722 0.263797 -0.784773 -0.560841 -0.864284 -0.354433 0.356918 -0.708045 -0.553410 -0.438645 -0.051900 0.496849 -0.866284 -0.404908 0.275345 -0.871915 -0.941710 -0.219319 0.255110 -0.820792 -0.434382 -0.370962 -0.738063 -0.565063 -0.368736 -0.661958 -0.691801 0.288485 0.477336 -0.648627 -0.592818 0.857147 -0.378857 -0.348950 -0.144390 -0.891227 0.429960 0.238558 -0.663577 0.709053 -0.815976 -0.244035 -0.524052 -0.926102 0.324663 -0.192170 -0.619021 0.452706 -0.641772 -0.715714 -0.207998 -0.666701 -0.476502 -0.623921 -0.619410 0.139745 -0.852829 -0.503144 -0.172011 -0.983409 -0.057613 -0.578683 -0.660571 -0.478302 -0.505627 -0.752453 -0.422084 -0.374102 -0.685806 -0.624274 0.002264 -0.998879 -0.047290 0.227584 -0.892829 -0.388667 0.046802 0.810407 -0.583995 -0.107980 0.985329 -0.132161 -0.733475 0.597090 -0.324804 -0.959593 0.191163 -0.206489 -0.374177 -0.561910 -0.737732 -0.596279 -0.167978 -0.785006 
						0.590504 0.600289 -0.539405 0.843692 0.258482 -0.470501 0.155811 -0.008703 -0.987749 0.053687 0.061445 -0.996666 -0.261507 0.939261 0.222268 -0.778406 0.561622 -0.280474 -0.831998 -0.020815 -0.554388 -0.667868 -0.105169 0.736812 -0.869101 -0.456645 0.190101 -0.775839 -0.602521 0.187193 -0.394009 -0.535297 0.747137 -0.772045 -0.589337 0.237967 -0.822391 -0.431946 -0.370264 -0.723025 -0.574287 -0.383967 -0.877728 -0.430701 0.209978 -0.050035 0.689789 -0.722280 0.298358 0.374515 -0.877907 -0.094519 -0.342361 -0.934802 0.226667 -0.651451 -0.724040 -0.639562 -0.746268 -0.184514 -0.006791 -0.958733 -0.284226 -0.058536 -0.971305 0.230521 -0.658931 -0.752067 0.014334 0.880458 0.369644 0.296912 0.632632 0.773945 -0.028014 0.610155 0.768655 0.192042 0.921068 0.378110 -0.093095 -0.635159 -0.145064 -0.758636 -0.882523 -0.264837 -0.388606 0.036102 0.973990 -0.223696 -0.014694 0.962589 0.270567 -0.699705 -0.590542 -0.402087 -0.219144 -0.481340 -0.848698 -0.480585 -0.067169 -0.874372 -0.800991 -0.428456 -0.418137 0.500732 0.045360 -0.864413 -0.311334 -0.023509 -0.950010 0.485300 0.097981 -0.868840 0.259194 0.384929 -0.885804 -0.133367 -0.307588 -0.942127 -0.304342 0.018956 -0.952374 0.130728 -0.659857 -0.739931 -0.083998 0.676228 -0.731888 -0.892276 -0.332489 -0.305440 -0.935119 -0.340143 0.099273 0.311610 0.781716 0.540203 0.157208 0.481125 0.862441 -0.795391 0.204404 0.570589 -0.442962 0.625097 0.642681 0.487177 0.751164 0.445435 0.269995 0.638073 0.721086 0.928317 -0.358593 0.098178 0.744765 -0.606935 0.277407 0.394135 0.208940 0.894987 0.943217 0.092924 0.318916 -0.719851 -0.000487 0.694128 -0.838506 0.462745 0.287704 -0.275091 -0.667731 -0.691708 -0.264910 -0.692787 -0.670723 -0.536808 0.639873 -0.549908 -0.763084 0.587163 -0.270079 -0.427714 -0.821377 -0.377360 -0.280848 -0.685318 -0.671911 0.618683 -0.672094 0.406842 
						0.806975 -0.579441 0.114190 0.703303 -0.250292 -0.665371 0.366028 -0.631463 -0.683577 0.711213 -0.603329 -0.360792 0.690992 -0.199885 -0.694677 -0.000413 -0.638969 -0.769232 0.338862 -0.753955 -0.562783 0.116255 -0.980631 0.157629 0.360465 -0.813162 0.456983 0.622530 -0.682900 0.382236 0.836381 -0.534429 0.121868 -0.391962 -0.133320 -0.910270 -0.475669 0.228257 -0.849493 -0.944207 -0.175011 -0.279004 -0.916105 -0.288407 -0.278521 0.580411 -0.730983 -0.358869 -0.104637 -0.991929 -0.071604 -0.922328 0.351008 -0.161566 -0.930540 -0.022129 -0.365521 -0.423437 -0.091142 -0.901329 -0.279448 -0.612664 -0.739291 0.832030 -0.528043 -0.169990 0.399450 -0.899322 -0.177932 0.021955 -0.991749 0.126304 -0.563958 -0.647777 -0.512187 -0.883970 -0.412875 -0.219388 0.061774 0.117298 -0.991174 0.067153 0.276444 -0.958681 -0.376982 0.173710 -0.909785 -0.218854 0.453835 -0.863792 -0.025945 0.417502 -0.908305 -0.169467 0.476190 -0.862858 -0.126938 0.915942 -0.380706 0.417064 0.730251 -0.541101 -0.461115 0.874475 0.150555 -0.841766 -0.451257 0.296304 -0.822188 -0.036845 0.568022 -0.801308 0.593499 -0.075261 -0.338028 0.040676 -0.940257 -0.170918 0.001369 -0.985284 -0.631927 -0.421227 -0.650566 -0.070720 -0.584670 -0.808183 -0.882336 0.385125 -0.270484 -0.895750 0.286587 -0.339852 -0.468228 0.328349 -0.820335 -0.532486 0.293371 -0.793972 0.274459 -0.780607 -0.561538 -0.836914 -0.513921 0.188311 -0.853815 0.438240 -0.280970 -0.893679 0.336963 -0.296300 -0.830521 -0.050385 0.554704 -0.669770 0.385120 0.634894 -0.676718 0.329716 0.658286 -0.852370 -0.096074 0.514039 -0.928944 -0.353198 -0.110972 -0.399235 0.733553 0.550011 -0.671370 0.359712 0.647973 -0.978508 0.113216 -0.172347 0.161526 -0.986355 0.031822 -0.335651 -0.928000 0.161723 -0.577289 -0.603270 -0.550275 -0.898782 -0.232403 -0.371726 0.843904 0.273371 0.461621 -0.082957 0.988458 -0.126760 
						-0.177145 0.894313 0.410882 0.946447 0.310436 -0.088698 0.308246 -0.858525 -0.409778 0.943104 0.127269 0.307177 0.858675 -0.387924 0.334951 0.731447 -0.540709 -0.415473 -0.265832 0.957900 -0.108450 -0.972987 -0.210251 0.095343 -0.910338 0.255973 0.325210 -0.680576 0.675772 -0.283105 0.315820 -0.936713 0.151082 0.955739 0.136571 -0.260599 0.677829 -0.690969 0.251218 0.887404 -0.307055 -0.343847 -0.654575 -0.736550 0.170369 -0.334513 -0.768167 -0.545913 0.106210 -0.853649 -0.509905 -0.912005 -0.376775 0.162135 0.633928 0.749257 -0.191702 0.281988 0.787892 0.547457 0.583438 0.600385 0.546936 0.342002 0.925049 -0.165287 0.314295 0.783302 0.536336 0.634250 0.751826 -0.180235 0.365301 0.915985 -0.165913 0.582861 0.618106 0.527464 -0.905123 -0.005768 -0.425110 -0.357454 0.827535 0.432911 -0.723148 0.571962 0.387191 -0.837466 0.435904 -0.329603 0.155285 -0.985761 0.064511 -0.330845 -0.928908 0.166350 -0.550753 -0.627243 -0.550670 -0.870220 -0.253418 -0.422488 0.373071 -0.110566 -0.921191 0.451786 0.090179 -0.887557 -0.215234 0.268292 -0.938986 -0.092675 0.401433 -0.911188 0.326768 0.343077 -0.880636 0.153852 0.460521 -0.874214 0.281380 0.901311 -0.329339 0.673510 0.655874 -0.340901 -0.135362 -0.047004 -0.989681 0.063567 -0.120678 -0.990654 -0.132559 -0.729474 -0.671041 -0.545902 -0.521521 -0.655749 -0.194203 -0.079649 -0.977723 0.025804 -0.196733 -0.980117 -0.352132 0.833280 -0.426201 -0.425421 0.892200 0.151645 -0.900329 -0.236092 -0.365605 -0.955707 -0.199824 0.216090 -0.560993 -0.511156 -0.651157 -0.170054 -0.732953 -0.658682 -0.657233 -0.735395 0.165044 -0.308777 -0.776432 -0.549373 0.144792 -0.865240 -0.479995 -0.923450 -0.364106 0.121109 0.630605 0.753414 -0.186291 0.271299 0.799028 0.536610 0.559505 0.623220 0.546398 0.339919 0.924784 -0.170966 0.288976 0.791163 0.539030 0.637308 0.750298 -0.175759 
						0.358058 0.917628 -0.172490 0.568189 0.623575 0.536951 0.187386 0.525964 -0.829607 0.382051 0.367502 -0.847927 0.686982 0.644037 -0.336559 0.316178 0.896987 -0.308943 0.400413 -0.173141 -0.899828 0.896048 -0.231010 -0.379121 0.706921 -0.622374 -0.336025 0.324591 -0.346175 -0.880229 -0.309185 -0.049692 -0.949703 -0.200962 0.140811 -0.969426 0.406092 -0.900852 -0.153475 0.918530 0.278396 0.280711 0.880368 -0.200152 0.429991 0.795099 -0.570349 -0.206202 -0.926759 0.306056 0.217823 -0.729749 0.495399 -0.471218 0.370203 -0.825498 0.426033 0.948650 0.134753 -0.286190 0.726533 -0.517176 0.452413 0.913701 -0.342442 -0.218826 -0.629036 0.506838 -0.589432 -0.823011 0.141114 -0.550219 0.376622 -0.378802 -0.845379 0.456690 -0.174884 -0.872267 -0.249501 -0.057903 -0.966642 -0.144857 0.100733 -0.984312 0.591659 0.696514 -0.405964 0.249002 0.932086 0.263087 0.532245 0.792478 0.297815 0.309712 0.833967 -0.456703 0.247606 0.936430 0.248577 0.571874 0.711294 -0.408683 0.306099 0.842018 -0.444194 0.512627 0.806947 0.293342 -0.789109 0.586310 0.183162 -0.866987 0.235460 -0.439195 -0.875038 0.449918 -0.178555 -0.663166 0.092916 -0.742682 -0.392797 0.504170 -0.769105 -0.781236 0.593337 -0.193961 0.772072 -0.588329 0.240362 0.878288 -0.429373 0.210353 0.724355 -0.573176 -0.383118 0.823624 -0.432000 -0.367449 -0.054466 -0.689569 0.722169 0.225600 0.652325 0.723586 -0.095683 0.330994 0.938769 0.297199 -0.364906 0.882336 0.481294 0.414005 -0.772629 -0.625795 -0.388694 -0.676238 -0.491111 0.056196 -0.869282 0.301901 -0.021185 -0.953104 -0.483252 -0.395404 0.781104 0.646516 0.344034 0.680924 -0.312330 0.006603 0.949951 0.498821 -0.062554 0.864444 0.838995 0.536863 0.088691 0.161149 0.961436 -0.222872 0.148580 0.756489 -0.636906 0.727509 0.433790 0.531561 -0.669305 0.670127 0.320874 -0.878864 0.348404 0.325904 
						0.829172 0.549005 0.105201 0.160413 0.968486 -0.190534 0.191640 0.964714 0.180560 0.783760 0.562026 -0.264286 0.771128 0.563666 -0.296044 0.173056 0.970869 0.165727 -0.177804 -0.652676 -0.736478 0.035344 0.684412 -0.728239 -0.287642 0.379997 -0.879127 0.105329 -0.335859 -0.936005 0.227877 -0.454864 -0.860913 0.506593 -0.048226 -0.860835 0.403877 -0.506839 0.761576 0.687092 -0.085479 0.721524 -0.814256 0.134943 -0.564604 -0.602648 0.514491 -0.610012 0.729146 -0.608041 -0.314057 0.902516 -0.233076 -0.362133 -0.782816 0.358867 -0.508345 -0.524945 0.730680 -0.436508 0.686914 -0.517771 -0.509963 0.888865 -0.126745 -0.440290 0.306383 0.769727 0.560045 0.658336 0.731093 -0.179156 0.571771 0.623514 0.533205 0.354120 0.921409 -0.160011 -0.493599 0.296428 -0.817613 -0.465253 0.385099 -0.797019 0.490953 -0.298684 -0.818384 0.643547 0.267571 -0.717115 -0.865763 -0.398002 0.303394 -0.888424 -0.288004 0.357429 -0.231810 -0.517208 -0.823869 -0.307998 -0.780309 -0.544293 0.577015 -0.613234 0.539441 0.710554 0.636574 0.299810 0.761651 -0.631819 0.143847 0.936361 -0.310383 -0.163984 0.157461 -0.953417 0.257297 0.688728 -0.632099 -0.355114 0.419957 0.758919 -0.497674 0.747874 0.313351 -0.585231 -0.849788 -0.045368 -0.525169 -0.611946 -0.506137 -0.607740 0.443735 0.745485 -0.497344 0.748821 0.314695 -0.583297 -0.881203 -0.093958 -0.463306 -0.669957 -0.513208 -0.536447 -0.438508 -0.236500 -0.867052 -0.426503 -0.360508 -0.829535 0.606555 -0.677698 0.415711 0.297077 -0.922650 -0.245890 -0.524038 -0.051138 -0.850158 -0.237105 -0.472887 -0.848622 -0.668284 -0.085466 0.738980 -0.395528 -0.491532 0.775857 -0.564815 -0.659704 0.495757 -0.275365 -0.907504 -0.317190 -0.529683 -0.594424 -0.605058 -0.116820 -0.711904 0.692492 -0.479079 -0.647616 -0.592517 -0.240313 -0.662553 0.709418 0.143445 -0.890544 0.431688 -0.858171 -0.378135 -0.347212 
						0.207217 -0.836500 0.507276 0.566780 0.487658 0.664041 0.345673 0.129556 0.929368 0.629587 -0.575360 0.522094 0.476731 -0.617548 -0.625589 0.571508 -0.663864 -0.482351 0.161478 -0.984783 -0.064241 -0.140947 -0.846268 -0.513775 -0.099852 -0.545389 0.832214 0.906959 0.197953 0.371805 0.215017 -0.200759 0.955753 0.805873 -0.239595 0.541445 0.195856 -0.955962 0.218580 -0.837530 -0.405474 -0.366242 -0.807446 -0.587773 0.050546 -0.172412 -0.977065 -0.124969 -0.027548 -0.758240 0.651394 -0.446802 -0.636928 -0.628244 -0.825230 -0.538074 0.171673 -0.062654 -0.996647 0.052624 -0.398946 -0.861924 -0.312937 -0.709652 -0.616328 0.341370 0.728292 -0.083492 -0.680161 0.866214 -0.140588 -0.479487 0.862556 0.470496 -0.186095 0.631659 0.569884 -0.525584 -0.669291 0.103812 -0.735713 -0.394723 0.533428 -0.748096 -0.776423 0.601438 -0.188255 -0.869824 0.455746 -0.188948 0.772174 -0.589062 0.238230 0.877907 -0.430470 0.209701 0.723105 -0.574004 -0.384238 0.822617 -0.431731 -0.370013 -0.062746 -0.687234 0.723721 0.214000 0.654126 0.725481 -0.102196 0.338105 0.935543 0.290707 -0.378792 0.878639 0.474488 0.422346 -0.772325 -0.633356 -0.377053 -0.675789 -0.499482 0.060141 -0.864234 0.312611 -0.008670 -0.949842 -0.488852 -0.387975 0.781344 0.640911 0.353760 0.681239 -0.300830 0.018156 0.953505 0.489448 -0.060334 0.869943 0.105985 0.786481 -0.608452 0.683639 0.464722 0.562735 0.824236 0.553540 0.119280 0.156887 0.972138 -0.174167 -0.879728 0.348235 0.323746 -0.662423 0.685812 0.301426 0.784705 0.556322 -0.273393 0.832136 0.542789 0.113710 0.153390 0.967981 -0.198706 0.186255 0.963941 0.190070 0.199998 0.960524 0.193378 0.791221 0.558595 -0.248880 -0.190768 -0.651186 -0.734551 0.024510 0.686714 -0.726514 -0.295318 0.364521 -0.883126 0.097593 -0.328391 -0.939487 -0.461183 0.014037 -0.887194 -0.154096 0.449131 -0.880077 
						-0.674562 0.601076 -0.428571 -0.755876 0.478116 -0.447277 0.529718 -0.682352 0.503780 0.818248 -0.298250 0.491444 0.753964 -0.656411 -0.025734 0.841933 -0.538900 -0.027138 -0.880605 0.374549 -0.290255 -0.913089 0.388564 -0.123639 -0.955954 -0.252548 0.149568 -0.868263 -0.318749 -0.380156 -0.657442 -0.325002 0.679811 0.467592 0.481263 0.741447 0.266568 0.059228 0.961994 -0.557527 0.160231 0.814549 -0.484349 0.871907 -0.072000 -0.450332 0.824313 -0.343088 0.162286 0.984982 0.058935 0.211547 0.928313 -0.305748 -0.693565 0.691350 0.202490 -0.834691 0.499747 0.231394 -0.563065 0.239158 0.791051 -0.347760 0.541385 0.765484 0.876655 0.461188 -0.137044 0.809812 0.522376 0.267073 0.264270 0.915703 -0.302736 0.200997 0.974234 0.102319 -0.125378 0.110101 -0.985981 0.463725 -0.230443 -0.855485 0.299355 -0.428202 -0.852660 -0.196384 0.035911 -0.979869 -0.016959 0.750012 0.661207 -0.162202 -0.536503 0.828164 0.037044 -0.135595 0.990072 -0.294960 0.430794 0.852886 0.352919 0.215110 -0.910591 0.363631 0.094706 -0.926716 -0.203356 0.358518 -0.911104 -0.284938 0.256211 -0.923670 -0.680004 0.252235 -0.688456 -0.630580 0.240859 -0.737804 -0.602513 0.597016 -0.529669 -0.445770 0.592502 -0.670992 -0.320931 0.946431 -0.035656 0.052454 0.924458 -0.377659 -0.575109 0.713879 0.399534 -0.583409 -0.641787 0.497738 -0.516193 -0.280070 0.809385 -0.865270 0.315211 0.389808 -0.313435 0.696316 0.645680 -0.803984 -0.552131 0.220819 0.442785 -0.834677 -0.327500 -0.787018 -0.594268 0.165677 -0.572105 -0.690608 0.442444 0.324487 -0.703964 -0.631778 -0.577548 -0.106710 -0.809353 -0.783818 -0.083379 -0.615367 -0.702155 -0.609608 -0.367908 -0.380597 -0.640332 -0.667174 0.051805 -0.654553 -0.754239 -0.309731 -0.827759 0.467849 -0.079824 -0.986371 0.143874 -0.300383 -0.760304 -0.575941 -0.819678 0.390553 -0.419043 -0.593733 0.274626 -0.756347 
						-0.529455 0.328256 -0.782256 -0.832418 0.220691 -0.508307 0.938578 0.055195 -0.340623 0.867458 -0.312119 -0.387425 0.359651 0.022271 -0.932821 0.831919 -0.330188 -0.445967 0.930717 -0.043194 -0.363182 0.409721 0.118935 -0.904424 -0.943562 -0.303395 0.132827 -0.217405 0.488169 0.845238 -0.423928 0.131848 0.896047 -0.930502 0.062779 0.360867 -0.398591 0.060360 -0.915140 -0.233194 0.448117 -0.863025 -0.351174 -0.837754 0.418144 -0.954763 0.195373 -0.224179 -0.902929 0.238811 0.357336 -0.428015 -0.889507 -0.159942 0.180079 0.881503 -0.436490 -0.871990 0.415952 0.258103 -0.543386 0.786283 0.294094 -0.320821 0.827803 -0.460234 0.198057 0.961620 0.189897 -0.891934 0.369610 -0.260465 -0.846044 0.433968 0.309649 0.206475 0.899794 -0.384368 -0.317904 0.082381 -0.944537 -0.627150 0.573283 -0.527284 -0.240745 0.778698 -0.579371 -0.129136 0.194814 -0.972302 -0.727340 -0.501031 0.468982 -0.924345 -0.311697 -0.220073 -0.040758 -0.498508 -0.865927 0.194138 -0.402436 -0.894626 0.139863 -0.918144 -0.370743 0.518606 -0.746118 -0.417559 -0.593684 0.701401 -0.394432 -0.269302 0.926571 0.262569 0.779654 -0.484255 -0.397034 0.927746 -0.346242 0.139301 -0.208471 -0.953171 -0.219099 -0.206448 -0.910247 0.358928 -0.602543 0.691472 -0.398506 -0.260104 0.926926 0.270470 0.226307 -0.945335 -0.234791 0.490487 -0.818224 -0.299886 0.283970 -0.853322 0.437268 0.550137 -0.720428 0.422295 -0.869899 -0.230510 0.436051 -0.792025 -0.581361 -0.186321 -0.874344 -0.450816 0.179685 -0.780677 -0.594414 0.192913 -0.392118 -0.506059 0.768211 -0.661798 -0.094254 0.743734 -0.771933 -0.588620 0.240097 -0.823394 -0.432216 -0.367711 -0.724267 -0.573472 -0.382841 -0.878107 -0.429600 0.210644 -0.127374 0.672962 -0.728627 0.252596 0.389924 -0.885525 -0.139789 -0.305412 -0.941904 0.151506 -0.666355 -0.730080 0.497777 -0.390404 0.774469 0.299892 0.040720 0.953104 
						-0.492949 -0.036354 0.869299 -0.608537 0.412076 0.678142 0.916834 0.386470 -0.100276 0.873592 0.379109 0.305146 0.630726 0.775525 -0.027302 0.609440 0.768997 0.192939 -0.679609 0.284036 -0.676354 0.471122 -0.462781 -0.750918 -0.015170 -0.753842 -0.656881 -0.188020 0.539908 -0.820456 0.057446 0.971515 -0.229908 0.006076 0.958796 0.284031 -0.513129 -0.059312 -0.856260 -0.807704 -0.421655 -0.412094 -0.701425 -0.581995 -0.411442 -0.233465 -0.484665 -0.842967 0.485738 0.105247 -0.867745 -0.306364 0.027079 -0.951529 -0.155592 0.966394 -0.204632 -0.183190 0.965739 0.183817 -0.781362 0.558426 -0.278628 -0.833858 0.541538 0.106850 -0.149558 0.656790 0.739093 0.122365 0.326282 0.937319 -0.270238 -0.389531 0.880476 0.063785 -0.679514 0.730884 0.612890 0.525136 -0.590422 0.695160 0.377294 -0.611884 0.198869 0.155756 -0.967570 0.288020 0.080742 -0.954215 -0.292245 0.709090 -0.641704 -0.620492 0.497235 0.606422 -0.155716 0.815067 0.558048 -0.728498 0.354393 -0.586256 0.902409 0.326421 -0.281259 0.870907 -0.373023 -0.319960 0.945620 -0.280511 0.164668 0.922944 0.373564 -0.092869 -0.535375 -0.179624 -0.825293 0.243082 -0.060022 -0.968147 0.456675 0.829600 -0.321266 0.515717 0.854678 -0.059672 -0.207864 0.936870 -0.281190 -0.130581 0.987019 0.093502 -0.805655 0.563709 0.182077 -0.311998 0.922485 -0.227330 0.107499 -0.877906 -0.466611 0.520967 -0.544015 -0.657754 0.348593 -0.636346 0.688147 0.793046 -0.337401 0.507187 -0.283385 -0.500736 -0.817898 -0.527249 -0.224390 -0.819547 -0.479498 -0.194907 -0.855624 0.103181 0.216300 -0.970860 0.069042 0.125216 -0.989724 -0.276363 -0.448495 -0.849986 0.086785 -0.737095 -0.670193 0.128978 0.543922 -0.829165 0.809121 -0.533953 -0.245392 0.274322 -0.920488 0.278297 0.597188 0.485512 -0.638470 -0.506198 -0.048556 -0.861050 -0.227752 -0.455371 -0.860678 -0.403694 -0.507336 0.761342 
						-0.686749 -0.085809 0.721812 0.643589 -0.670635 0.368838 0.299746 -0.906713 -0.296690 0.808779 -0.468809 -0.355100 -0.177851 -0.894813 0.409485 -0.881094 0.402611 0.248146 -0.994758 -0.056794 0.085038 -0.141203 0.258673 -0.955589 -0.124692 0.218004 -0.967950 0.833243 0.538649 -0.124755 0.862743 0.374842 0.339363 -0.139157 0.887421 -0.439453 0.069976 0.997528 -0.006424 -0.298239 -0.922070 -0.246658 -0.607747 -0.677100 0.414945 0.524414 -0.050805 -0.849946 0.237218 -0.472400 -0.848861 0.395695 -0.491052 0.776076 0.668624 -0.085125 0.738712 0.726214 -0.227334 -0.648793 0.406490 -0.653065 -0.638962 -0.601894 0.324374 -0.729730 -0.522498 0.453246 -0.722193 0.517584 -0.853245 0.063883 0.337719 -0.941153 0.013278 0.253985 -0.825202 0.504514 0.337742 -0.826497 0.450370 0.066448 -0.507562 0.859049 0.160222 -0.529474 0.833058 -0.174640 -0.073339 0.981897 -0.079290 -0.100937 0.991728 -0.404685 0.361112 0.840136 -0.316620 0.344293 0.883863 -0.562045 0.679380 0.471750 -0.488175 0.686917 0.538359 -0.604550 0.796189 -0.024551 -0.547980 0.835125 0.047799 -0.520818 0.680235 -0.515779 -0.480020 0.749205 -0.456369 -0.333287 0.362595 -0.870313 -0.302500 0.452183 -0.839061 -0.092200 -0.071626 -0.993161 -0.062987 0.023643 -0.997734 0.137842 -0.506081 -0.851400 0.174339 -0.421589 -0.889870 -0.095841 0.099452 0.990416 0.295198 -0.824348 -0.483021 0.345892 -0.764209 -0.544375 0.337700 -0.941160 0.013278 0.281709 -0.944339 -0.169895 -0.317393 0.522742 0.791203 0.453900 -0.805963 -0.379997 0.468786 -0.873233 0.133057 0.151392 -0.350489 0.924250 0.317391 -0.522737 -0.791207 0.358058 -0.706512 0.610439 0.095840 -0.099450 -0.990416 -0.151397 0.350497 -0.924246 -0.358061 0.706517 -0.610431 -0.468787 0.873233 -0.133052 -0.453903 0.805970 0.379979 0.426638 0.903463 0.041653 0.596027 0.802716 -0.019998 0.576369 0.666537 0.472787 
						0.527769 0.737219 0.421863 0.438090 0.332783 0.835064 0.402826 0.423098 0.811615 0.218239 -0.109124 0.969775 0.189040 -0.014508 0.981862 -0.024279 -0.540772 0.840819 -0.056306 -0.458351 0.886986 -0.224475 -0.846502 0.482748 -0.267472 -0.789498 0.552406 -0.328704 -0.944395 -0.008488 -0.387866 -0.919220 0.067781 -0.309044 -0.808221 -0.501269 -0.385235 -0.812763 -0.437047 -0.170763 -0.474462 -0.863554 -0.260287 -0.498643 -0.826805 0.049088 -0.032556 -0.998264 -0.046503 -0.061032 -0.997052 0.291604 0.399089 -0.869307 0.198840 0.382806 -0.902176 0.031614 -0.139350 0.989738 0.491795 0.704818 -0.511243 0.410003 0.713952 -0.567600 0.596023 0.802718 -0.019998 0.618312 0.758700 -0.205096 -0.209875 -0.557492 0.803215 0.395128 0.826253 -0.401473 0.474507 0.873619 0.107859 0.264633 0.316133 0.911059 0.209875 0.557492 -0.803215 0.426740 0.686898 0.588273 -0.031611 0.139356 -0.989738 -0.264627 -0.316118 -0.911066 -0.426743 -0.686906 -0.588261 -0.474506 -0.873621 -0.107840 -0.395132 -0.826258 0.401458 
					</float_array>
					<technique_common>
						<accessor count="4707" offset="0" source="#meshId0-tangents-array" stride="3">
							<param name="X" type="float" />
							<param name="Y" type="float" />
							<param name="Z" type="float" />
						</accessor>
					</technique_common>
				</source>
				<source id="meshId0-bitangents" name="meshId0-bitangents">
					<float_array id="meshId0-bitangents-array" count="14121"> 
						-0.127281 0.031984 0.991351 -0.160703 0.075516 0.984110 -0.349643 0.363838 0.863349 -0.358232 0.350547 0.865325 -0.017998 -0.154844 0.987775 -0.028863 -0.142586 0.989362 0.003314 -0.116975 0.993129 -0.033344 -0.166434 0.985489 -0.020183 -0.159499 0.986992 -0.085799 -0.070250 0.993833 -0.070109 -0.089440 0.993522 0.374883 -0.910558 0.174203 0.427322 -0.879551 0.209251 0.404757 -0.599070 0.690859 0.299877 -0.642360 0.705300 -0.024979 -0.124725 0.991877 -0.045680 -0.124239 0.991200 -0.093158 -0.125556 0.987703 -0.086743 -0.128234 0.987943 0.252806 -0.966996 -0.031735 0.287172 -0.957762 0.014978 0.042116 -0.114987 0.992474 -0.181726 -0.102716 0.977970 0.049765 -0.306125 0.950690 0.155293 -0.300306 0.941117 0.101539 -0.187319 0.977037 0.074973 -0.196255 0.977682 -0.104431 -0.934291 0.340873 -0.059157 -0.989539 0.131581 -0.117058 -0.950227 0.288733 -0.169450 -0.915627 0.364573 -0.440422 0.661013 0.607528 -0.463058 0.732037 0.499699 -0.044650 -0.998986 -0.005739 -0.073288 -0.949766 0.304259 -0.106059 -0.947210 0.302563 -0.041161 -0.996271 0.075825 -0.926799 -0.270072 0.260969 -0.709432 -0.580767 0.399269 -0.928986 -0.247384 0.275294 0.065909 -0.968605 0.239710 -0.063620 -0.956509 0.284680 -0.069761 -0.948576 0.308766 0.019015 -0.957614 0.287427 -0.100882 -0.956866 0.272453 -0.000089 -0.985612 0.169025 -0.611249 -0.653778 0.446037 -0.432362 -0.784697 0.444200 -0.240813 -0.846733 0.474398 -0.317282 -0.866414 0.385563 -0.992788 0.063223 0.101853 -0.992783 0.056455 0.105803 -0.110916 -0.933391 0.341289 -0.160504 -0.921018 0.354916 -0.178774 -0.901298 0.394590 -0.044552 -0.128194 0.990748 -0.058372 -0.121257 0.990903 -0.161838 -0.080182 0.983554 -0.058897 -0.109036 0.992291 -0.093769 -0.085871 0.991884 0.015984 -0.171983 0.984970 -0.393749 0.792822 0.465183 -0.384849 0.859358 0.336741 0.021070 -0.142421 0.989582 
						0.030766 -0.537434 0.842744 -0.087331 -0.225534 0.970313 -0.059680 -0.141216 0.988178 -0.051299 -0.095999 0.994059 -0.034287 -0.017642 0.999256 -0.216126 0.454880 0.863929 -0.232322 0.527465 0.817195 -0.055682 -0.169829 0.983899 -0.053362 -0.126978 0.990469 0.081720 -0.432020 0.898154 0.098886 -0.775284 0.623825 0.115634 -0.746803 0.654915 -0.125873 0.234068 0.964037 0.245795 -0.427665 0.869878 -0.902198 -0.115630 0.415534 -0.746488 0.275036 0.605897 -0.825195 0.012145 0.564717 -0.843688 -0.096786 0.528037 -0.249424 -0.899049 0.359861 -0.237296 -0.910791 0.337861 -0.406396 -0.819074 0.404921 -0.357596 -0.850345 0.386054 -0.563812 -0.702868 0.433697 -0.613504 -0.656015 0.439610 -0.754471 -0.510298 0.412758 -0.713416 -0.557269 0.424839 -0.085686 -0.935256 0.343443 -0.073887 -0.994160 0.078661 -0.514634 -0.747922 0.419243 -0.414860 -0.837079 0.356637 -0.878022 -0.287209 0.382870 -0.896936 0.049580 0.439373 -0.965259 0.109229 0.237368 -0.505121 -0.758213 0.412269 -0.541788 -0.731426 0.414104 -0.120637 -0.944129 0.306703 -0.218769 -0.916265 0.335557 -0.253895 -0.890636 0.377233 -0.931335 -0.265010 0.249769 -0.997339 0.062883 0.036895 -0.307379 -0.846187 0.435300 -0.567413 -0.693003 0.444736 -0.038907 -0.996250 0.077279 -0.035805 -0.975493 0.217099 -0.068812 -0.957331 0.280681 -0.045417 -0.998846 0.015620 -0.918146 -0.237425 0.317235 -0.984660 0.080058 0.155035 -0.056402 -0.993916 0.094604 -0.133197 -0.821054 0.555094 -0.251333 -0.830296 0.497433 -0.066600 -0.974621 0.213725 -0.360954 -0.849077 0.385720 -0.259847 -0.901956 0.344897 -0.345014 -0.868640 0.355568 -0.467130 -0.792272 0.392549 -0.417380 -0.748337 0.515543 -0.514770 -0.705376 0.487296 -0.380617 -0.837800 0.391436 -0.210956 -0.922884 0.322153 -0.446030 -0.812990 0.374306 -0.554703 -0.755428 0.348760 -0.249669 -0.905222 0.343860 -0.074246 -0.995205 0.063673 
						-0.068671 -0.780063 0.621921 -0.581798 -0.712072 0.393019 -0.736029 -0.512749 0.441985 -0.170022 -0.936615 0.306341 -0.425508 -0.843233 0.328483 -0.476472 -0.838944 0.262959 -0.426719 -0.899709 0.091836 -0.336159 -0.917898 0.210855 -0.250468 -0.763016 0.595879 -0.276574 -0.797310 0.536474 0.011917 -0.759142 0.650816 -0.035944 -0.782876 0.621138 -0.480581 -0.833717 0.271951 -0.303375 -0.921976 0.240675 -0.276350 -0.946066 0.169085 -0.283100 -0.945182 0.162742 -0.274750 -0.950877 0.142636 -0.342862 -0.931366 0.122488 -0.482984 -0.870013 0.099017 -0.348727 -0.924951 0.151177 0.523186 0.029841 -0.851696 0.399276 0.446498 -0.800761 0.126247 0.120625 -0.984638 0.173967 0.053421 -0.983301 -0.267340 -0.943779 0.194449 -0.155407 -0.975870 0.153382 -0.000636 -0.016982 -0.999856 -0.071582 0.009586 -0.997389 -0.646755 -0.659614 0.382907 -0.924368 0.015887 0.381172 -0.736655 -0.020540 0.675957 -0.621684 -0.513862 0.591147 -0.572749 -0.818533 0.044305 -0.611471 -0.791238 0.006773 -0.759148 -0.646209 -0.078155 -0.723007 -0.690169 -0.030454 -0.405817 -0.908444 0.100211 -0.466246 -0.881021 0.080101 -0.678974 -0.733008 -0.041144 -0.710616 -0.701006 -0.060130 -0.770902 -0.625686 -0.119276 -0.751624 -0.652184 -0.098575 -0.596675 -0.800618 0.054682 -0.666625 -0.744995 0.024342 -0.789336 -0.608085 -0.084743 -0.744071 -0.665590 -0.057868 -0.539712 -0.836839 0.091712 -0.531812 -0.843872 0.071106 -0.651506 -0.758251 -0.024381 -0.764474 -0.637348 -0.096782 -0.771579 -0.624027 -0.123519 -0.824272 -0.535371 -0.184266 -0.733900 -0.678099 -0.039649 -0.759609 -0.643351 -0.095359 -0.769397 -0.632678 -0.088015 -0.851187 -0.486032 -0.198123 -0.784251 -0.606982 -0.128542 -0.736469 -0.669766 -0.095012 0.758122 0.177027 -0.627625 0.572922 0.681331 -0.455575 -0.864049 -0.462211 -0.199451 -0.798514 -0.586379 -0.136142 -0.754635 -0.648609 -0.099159 -0.783937 -0.610537 -0.112635 
						-0.773111 -0.626982 -0.095878 -0.801005 -0.582072 -0.139937 -0.867812 -0.450432 -0.209791 -0.782823 -0.476528 0.400137 -0.782035 -0.427589 0.453420 -0.046524 -0.109958 0.992847 -0.104236 -0.106508 0.988833 0.111343 -0.142488 0.983514 -0.181532 -0.096467 0.978642 0.129586 -0.151542 0.979920 -0.045402 -0.129227 0.990575 -0.050061 -0.120335 0.991470 -0.043990 -0.143770 0.988633 -0.219680 -0.050858 0.974245 -0.906088 -0.303349 -0.294930 -0.906591 -0.259325 -0.332932 -0.863679 -0.460113 -0.205803 0.387011 0.635544 0.668062 0.888421 0.081025 0.451821 0.909201 0.343107 0.235863 0.634248 0.681252 0.365548 0.265251 0.919091 0.291399 0.281176 0.864341 0.416959 0.087264 0.954801 0.284146 -0.085115 0.957635 0.275118 0.836662 0.541844 -0.080010 0.852498 0.496979 -0.162046 -0.770329 -0.629689 -0.100424 -0.814857 -0.542279 -0.204795 -0.853688 -0.432573 -0.289994 -0.884705 -0.240147 -0.399533 -0.907376 -0.165545 -0.386347 -0.902687 -0.281411 -0.325521 -0.920969 -0.139071 -0.363972 -0.918334 -0.233915 -0.319292 -0.923596 -0.137536 -0.357846 -0.921239 -0.225190 -0.317189 -0.915692 -0.122450 -0.382772 -0.917033 -0.181451 -0.355143 -0.897277 -0.024477 -0.440789 -0.901155 -0.342552 -0.265665 -0.891729 -0.368155 -0.263211 -0.866202 -0.428158 -0.257632 -0.837064 -0.413517 -0.358227 -0.800655 -0.572279 -0.177333 0.100986 -0.409621 0.906649 0.232833 -0.328794 0.915250 0.470834 0.417461 0.777201 0.566190 0.350259 0.746155 -0.820230 -0.315832 0.476941 0.308050 -0.061555 0.949377 0.174858 0.225567 0.958407 0.477487 -0.003663 0.878631 0.365574 0.272141 0.890109 -0.804283 -0.504074 -0.314703 -0.792698 -0.521748 -0.315293 -0.863180 -0.280695 -0.419679 -0.760908 -0.601199 -0.244089 -0.380779 -0.902548 0.201034 -0.365091 -0.918363 0.152704 -0.683419 -0.728868 -0.041110 -0.659857 -0.750528 -0.036018 -0.712485 -0.693619 -0.106101 -0.629495 -0.777002 0.001958 
						-0.415888 -0.900680 0.125744 -0.519855 -0.850410 0.080963 -0.344112 -0.068428 -0.936432 -0.244734 -0.306493 -0.919873 -0.287250 -0.715090 -0.637286 -0.558769 0.080597 -0.825398 -0.875652 -0.079166 -0.476410 0.423766 0.454304 0.783601 0.746035 -0.097280 0.658762 -0.764759 -0.638182 -0.088696 0.157244 -0.342244 0.926360 -0.113174 0.288663 0.950718 -0.185121 -0.978954 0.085901 -0.742063 0.334767 -0.580752 -0.860336 -0.010960 -0.509609 0.715276 -0.297609 0.632305 0.414486 0.248195 0.875557 -0.764668 -0.636330 -0.101817 -0.756719 -0.646285 -0.098450 0.261073 0.944037 0.201579 0.527666 0.841432 0.116450 0.952712 0.238398 -0.188432 0.942942 0.288772 -0.165745 -0.058309 -0.052099 -0.996938 -0.067447 -0.039503 -0.996940 -0.470368 -0.084593 -0.878406 -0.465440 -0.137170 -0.874385 0.911492 -0.113407 -0.395376 0.907475 -0.115573 -0.403896 0.664948 -0.142203 -0.733228 0.663081 -0.150214 -0.733321 -0.661559 -0.721158 0.205598 -0.620669 -0.709334 0.334088 0.469085 0.775003 0.423474 0.383972 0.760037 0.524318 0.195171 -0.029141 -0.980336 0.218392 -0.051097 -0.974522 -0.476505 0.267198 0.837584 -0.195334 -0.407930 0.891873 -0.623527 -0.762488 -0.172701 -0.587443 -0.807297 -0.056417 -0.882335 0.148158 -0.446693 -0.942857 -0.061494 -0.327473 -0.284877 0.391421 0.875005 0.061473 0.249563 0.966405 0.918676 -0.095490 0.383296 0.948127 0.195165 0.250928 -0.825765 0.079055 0.558446 -0.577626 0.261720 0.773208 0.539677 -0.131716 0.831505 0.703532 -0.263261 0.660103 0.905152 0.421517 0.054992 0.032953 -0.407554 -0.912587 0.018900 -0.716962 -0.696856 0.767673 0.606035 -0.208326 0.227495 -0.065085 -0.971602 0.357532 0.466175 -0.809229 0.217677 0.075528 -0.973094 0.465117 0.693717 -0.549931 -0.960857 0.142831 0.237388 -0.820603 -0.311923 0.478868 -0.692311 -0.692967 0.201249 -0.380010 -0.921732 -0.077481 0.077619 -0.995947 -0.045445 
						0.136946 -0.981836 0.131316 0.047576 -0.963462 0.263585 -0.318970 -0.904094 0.284381 -0.644339 -0.759190 0.091964 -0.727269 -0.685710 -0.029672 -0.855769 -0.484517 -0.181393 -0.712754 -0.701233 -0.015939 -0.721270 -0.692650 -0.002288 -0.725590 0.127652 0.676184 -0.901713 -0.272406 -0.335720 -0.297121 0.688055 -0.662042 -0.808205 0.111112 -0.578324 -0.386792 0.468690 0.794180 -0.717941 -0.647602 -0.255288 -0.760485 -0.565143 -0.319806 -0.313004 -0.926878 0.207185 -0.248164 -0.957961 0.143965 -0.321636 -0.852098 0.412891 -0.209299 -0.920078 0.331135 -0.270041 -0.854860 0.443050 -0.629372 -0.774985 -0.057346 -0.519339 -0.854232 0.023970 -0.563090 -0.826296 0.012832 -0.505540 -0.862715 0.012311 -0.769350 -0.559801 -0.307770 -0.449095 -0.844249 0.292503 -0.350421 -0.872540 0.340411 -0.363950 -0.927306 0.087431 -0.279592 -0.952810 0.118245 -0.825250 -0.350442 -0.442891 0.083013 -0.981669 0.171563 -0.020864 -0.970195 0.241427 -0.277146 -0.920172 0.276538 -0.400592 -0.879759 0.256029 0.102669 -0.990594 0.090461 -0.501607 -0.840528 0.204702 -0.652826 -0.752393 0.087886 -0.074384 -0.964416 0.253711 -0.080893 -0.969691 0.230554 -0.060513 -0.983012 0.173276 -0.033326 -0.991556 0.125326 -0.013270 -0.992602 0.120688 -0.769805 -0.638205 -0.009713 -0.787364 -0.609719 -0.091104 -0.034163 -0.985115 0.168470 -0.738492 -0.674241 0.005345 -0.130497 -0.961761 0.240805 -0.165672 -0.890080 0.424631 -0.132621 -0.883367 0.449527 -0.086881 -0.818868 0.567368 -0.051041 -0.746403 0.663534 0.034938 -0.999292 0.013951 0.072812 -0.996312 0.045399 -0.024104 -0.999709 0.000000 0.004974 -0.999987 0.000811 -0.795327 -0.451733 -0.404218 -0.299589 -0.253042 -0.919900 -0.276876 -0.242558 -0.929788 -0.790283 -0.450367 -0.415479 -0.497552 -0.349293 -0.794000 0.162633 -0.036277 -0.986020 0.123447 -0.056597 -0.990736 -0.524046 -0.360115 -0.771812 -0.321474 -0.941969 0.096687 
						-0.492553 -0.870278 0.002841 -0.958396 0.117879 0.259964 -0.937553 0.320387 0.135448 0.025029 -0.354072 -0.934883 0.327911 -0.823391 -0.463143 0.326206 -0.821416 -0.467831 0.019309 -0.343677 -0.938889 -0.965073 0.240705 -0.103422 -0.361165 -0.867784 0.341337 -0.984179 -0.133816 -0.116122 -0.682149 -0.620721 0.386495 0.373265 0.086703 -0.923664 0.804775 0.346642 -0.481847 0.808568 0.349422 -0.473415 0.391798 0.096946 -0.914929 -0.803859 -0.414536 -0.426580 -0.816325 -0.417644 -0.398982 -0.713203 -0.268126 0.647649 -0.729958 -0.278166 0.624327 -0.544146 0.797708 0.259937 -0.277716 0.868259 -0.411096 -0.439491 0.773471 -0.456717 -0.376890 0.877875 0.295448 -0.306306 0.336244 -0.890571 -0.451862 0.769838 -0.450743 -0.451500 0.767990 -0.454245 -0.302701 0.327473 -0.895061 0.624645 -0.606633 0.491746 0.427006 -0.558315 0.711302 0.361897 -0.661015 -0.657335 0.315778 -0.847046 -0.427548 -0.329843 0.692464 0.641637 -0.558383 0.532099 0.636458 -0.215798 0.696990 -0.683840 -0.452708 0.551309 -0.700795 -0.964975 -0.247248 -0.087698 -0.876050 0.477861 -0.064693 -0.869582 0.489636 -0.063905 -0.972746 -0.214582 -0.087865 -0.519676 0.367513 -0.771279 -0.316462 0.044648 -0.947554 0.504779 -0.019601 -0.863026 0.661910 -0.344415 -0.665773 -0.544886 -0.836535 -0.057526 -0.517712 -0.853771 -0.055229 0.077788 -0.996970 0.000603 0.091136 -0.995837 0.001865 0.201427 -0.716433 0.667946 0.225459 -0.866780 0.444816 0.714860 -0.586896 -0.380169 0.596841 -0.517445 -0.613214 0.475950 0.262269 -0.839456 -0.279847 -0.230680 -0.931919 0.470061 0.265456 -0.841769 0.470769 0.265941 -0.841220 -0.285384 -0.227097 -0.931119 -0.286203 -0.227611 -0.930742 0.323355 -0.620842 -0.714141 0.149659 -0.461526 -0.874412 0.032667 0.500034 -0.865389 -0.171450 0.654159 -0.736669 -0.243587 -0.138857 0.959888 -0.714963 -0.502272 0.486365 -0.703029 -0.492678 0.512854 
						-0.233055 -0.131046 0.963593 -0.287622 0.704691 0.648602 -0.412700 0.613933 0.672879 -0.450936 0.548072 -0.704467 -0.573149 0.452323 -0.683304 -0.447120 0.508178 -0.736097 -0.245321 0.359658 -0.900257 -0.022286 -0.611128 -0.791218 0.225207 -0.713784 -0.663170 0.575663 0.794111 -0.194936 -0.135009 0.984582 -0.111223 -0.146298 0.983193 -0.109220 0.552629 0.810622 -0.193630 0.337150 -0.636114 -0.694038 -0.560375 0.431788 -0.706781 0.432932 -0.603129 -0.669929 -0.288137 0.635726 -0.716121 -0.157526 -0.980039 -0.121280 0.269107 -0.963102 0.003949 0.234847 -0.969654 0.067954 -0.455167 -0.884391 0.103323 -0.760164 -0.559207 -0.330815 -0.433749 -0.329674 -0.838556 -0.441563 -0.335197 -0.832265 -0.767388 -0.563811 -0.305340 -0.905724 0.412413 0.097878 -0.900933 0.423299 0.095591 0.817541 -0.536542 0.209164 0.851083 -0.520343 -0.070002 0.139036 -0.722921 -0.676797 -0.132402 -0.516191 -0.846177 -0.144791 0.242563 -0.959270 -0.362750 0.509918 -0.779997 0.474624 -0.764528 -0.436152 0.843408 -0.177449 -0.507124 0.874648 -0.008089 -0.484690 0.602972 -0.636283 -0.481216 0.807728 -0.453956 -0.376163 0.828624 -0.400859 0.390762 0.815086 -0.390736 0.427739 0.836817 -0.463525 -0.291344 0.386618 -0.258476 -0.885278 0.452334 -0.291243 -0.842954 0.811806 -0.406439 -0.419259 0.962832 0.046160 -0.266126 0.821082 0.535126 -0.198658 0.857822 0.427112 -0.285861 -0.022501 -0.983474 -0.179644 -0.089510 -0.986008 -0.140629 0.375172 -0.879592 -0.292514 0.652399 -0.656221 -0.379143 -0.977570 -0.000261 -0.210611 -0.028241 0.781858 -0.622817 -0.043104 0.780092 -0.624179 -0.820633 0.349237 -0.452321 0.787661 0.537157 -0.301750 0.971314 0.235337 -0.034152 0.610263 0.551903 0.568315 0.081148 0.736624 -0.671416 -0.020693 0.776264 -0.630068 0.696716 0.457411 0.552595 0.048291 0.990453 -0.129116 0.164363 0.951471 0.260168 0.106963 0.977734 0.180539 
						0.753086 0.525295 -0.396139 0.514145 0.686690 -0.513918 0.324808 0.884347 0.335307 0.847446 -0.036908 -0.529597 0.830522 -0.121142 -0.543652 0.793201 0.505916 -0.338942 0.780717 0.535010 -0.322871 0.440000 0.553550 -0.707094 0.651860 0.613252 -0.446094 0.314757 0.864010 0.392957 0.360931 0.663814 0.655042 0.307879 0.715474 0.627142 0.461700 0.551720 -0.694578 0.202471 0.710010 -0.674456 0.555635 0.535306 0.636173 -0.974065 0.182691 0.133498 -0.962817 0.234982 0.133295 -0.857562 -0.504162 0.102020 -0.847154 -0.521762 0.100473 0.410499 0.507779 -0.757397 -0.524407 -0.514211 -0.678664 -0.489617 -0.225232 -0.842345 0.304722 0.192503 -0.932784 0.382650 0.582168 -0.717397 0.427775 0.460680 -0.777678 -0.544907 -0.475418 -0.690691 -0.474221 -0.574057 -0.667512 0.304159 0.188043 -0.933878 -0.489318 -0.228516 -0.841634 0.732358 0.595858 0.329551 0.231690 0.882479 -0.409330 0.195141 0.728082 -0.657128 0.618793 0.511116 0.596537 -0.126549 -0.991822 0.016573 -0.105393 -0.994331 0.014048 0.123102 0.992388 -0.003589 0.856189 0.508800 -0.089800 0.850839 0.517830 -0.089022 0.112211 0.993682 -0.002362 0.987324 -0.104605 -0.119373 0.989781 -0.078502 -0.119045 0.292863 0.616900 -0.730524 -0.389891 -0.599556 -0.698940 0.609279 0.381949 -0.694906 0.501630 0.476807 -0.721819 -0.290675 -0.678417 -0.674729 -0.391380 -0.579297 -0.715008 0.644707 0.409748 -0.645336 0.782135 0.495143 -0.378284 0.265868 0.900749 0.343461 0.230796 0.754214 0.614731 0.403267 0.613549 -0.678921 0.495592 0.581025 0.645599 -0.934371 0.282091 -0.217661 -0.947903 0.236643 -0.213261 -0.885648 -0.454064 -0.097225 -0.893568 -0.437416 -0.101010 -0.281822 -0.326820 -0.902089 0.560017 0.091075 -0.823460 0.552973 0.459147 -0.695273 0.630301 0.327677 -0.703809 -0.410229 -0.519695 -0.749420 -0.355506 -0.649584 -0.672053 0.291595 -0.694633 -0.657615 
						-0.503317 0.500209 -0.704601 0.517883 0.008294 -0.855411 -0.222670 -0.238808 -0.945192 0.698325 0.624117 0.350458 0.394753 0.830324 -0.393360 0.197217 0.803330 0.561930 0.688738 0.400608 -0.604279 0.435414 0.565760 -0.700236 0.425552 0.609033 0.669316 -0.158787 -0.982548 0.096876 -0.177890 -0.979633 0.093141 0.229209 0.970476 -0.075093 0.848377 0.521754 0.089610 0.858919 0.503392 0.094104 0.250787 0.965466 -0.070578 0.976418 -0.074862 0.202492 0.968780 -0.132450 0.209577 0.292174 -0.672043 -0.680436 0.348352 -0.651842 -0.673612 -0.522741 -0.642303 -0.560525 -0.881444 -0.386476 -0.271465 -0.297430 0.291523 -0.909148 -0.298612 0.291758 -0.908685 -0.835786 0.337766 -0.432870 -0.835096 0.337857 -0.434129 0.953441 0.300424 -0.026363 0.951093 -0.022266 -0.308102 0.400818 -0.719855 -0.566704 0.633945 0.644022 -0.428194 0.618665 0.448675 -0.644937 0.624338 -0.555852 -0.548845 0.320087 -0.703179 -0.634889 0.411166 -0.716567 -0.563448 0.615713 0.640253 -0.459319 0.675885 0.648558 -0.350075 0.622661 -0.553047 -0.553563 0.609539 0.425116 -0.669132 0.360903 0.890798 -0.276095 0.443428 0.697920 0.562387 -0.083194 0.635163 0.767884 0.689101 0.639636 -0.340597 -0.254648 0.628239 0.735167 0.760380 0.606823 -0.231491 -0.939970 0.208405 0.270228 -0.939833 0.208221 0.270846 -0.343233 -0.112088 0.932538 -0.343818 -0.111869 0.932349 -0.002378 0.954915 -0.296870 0.615151 0.698738 0.365177 0.980234 0.196523 0.022806 0.332438 -0.716575 -0.613193 0.333983 -0.716041 -0.612977 0.938169 -0.197822 -0.284086 0.311754 -0.690671 -0.652520 0.709874 0.624237 -0.326201 0.393982 0.786125 -0.476220 0.641077 0.619668 0.452805 0.291106 0.928185 0.231797 0.795642 0.530382 -0.292659 0.223721 0.898879 -0.376784 0.714700 0.597641 0.363359 0.300195 0.882399 0.362292 0.628267 0.616802 -0.474169 -0.086596 0.841302 -0.533584 
						-0.565254 -0.677187 -0.471068 -0.869363 -0.432850 -0.238430 0.723086 0.284889 -0.629273 0.712081 0.277543 -0.644911 -0.748681 0.509266 0.424412 0.078999 0.837486 -0.540718 -0.708237 0.587641 0.391252 -0.222441 0.873164 -0.433710 -0.615867 0.607882 -0.501186 -0.310531 0.853844 0.417757 -0.621078 0.617874 0.482177 -0.402357 0.757251 -0.514471 0.772731 -0.355418 0.525895 0.884077 0.464811 0.048569 0.831915 0.356306 0.425398 0.798433 0.321103 0.509311 0.913477 0.379431 0.146938 -0.084133 -0.011160 -0.996392 -0.052044 0.057627 -0.996981 -0.030022 0.013341 -0.999460 -0.071745 -0.007899 -0.997392 0.855880 0.515318 0.043780 0.887229 0.379092 -0.262896 0.100411 0.129544 -0.986477 0.087534 0.064101 -0.994097 -0.174200 0.016021 0.984580 -0.413030 -0.104862 0.904660 -0.501462 -0.224715 0.835487 -0.378675 -0.176779 0.908490 0.260660 0.201633 -0.944140 0.487230 0.226729 -0.843327 0.511873 0.236928 -0.825743 0.278392 0.142929 -0.949773 0.684219 0.320565 -0.655044 0.730563 0.322210 -0.602045 -0.537766 -0.222606 0.813176 -0.552649 -0.324445 0.767668 -0.498416 -0.226448 0.836841 -0.538473 -0.239631 0.807852 0.702930 0.202992 0.681677 0.521617 0.119311 0.844796 0.325147 0.111312 0.939090 0.583185 0.223193 0.781076 0.296234 0.129291 0.946324 0.065862 0.059393 0.996060 -0.194827 -0.103952 0.975313 0.054372 -0.002260 0.998518 0.898544 0.383619 -0.213203 0.899868 0.380447 -0.213302 0.902334 0.374459 -0.213480 0.894359 0.393452 -0.212881 0.893574 0.395264 -0.212818 0.899522 0.381279 -0.213275 0.898628 0.383417 -0.213209 0.899964 0.380215 -0.213309 0.898901 0.382767 -0.213230 0.898745 0.383140 -0.213215 0.897254 0.386680 -0.213105 0.896449 0.388574 -0.213048 0.895948 0.389752 -0.213005 0.895833 0.390022 -0.212994 0.897059 0.387144 -0.213086 0.896467 0.388535 -0.213044 0.894462 0.393212 -0.212892 
						0.126769 0.032970 0.991384 0.357658 0.351425 0.865206 0.349172 0.364684 0.863183 0.160426 0.076525 0.984077 0.016882 -0.154739 0.987811 -0.004379 -0.116991 0.993123 0.027777 -0.142444 0.989413 0.032759 -0.165508 0.985664 0.069565 -0.088483 0.993646 0.085539 -0.069205 0.993928 0.019928 -0.158476 0.987162 -0.375810 -0.910123 0.174480 -0.300500 -0.641678 0.705655 -0.405247 -0.598254 0.691279 -0.428277 -0.879028 0.209495 0.023948 -0.124728 0.991902 0.085710 -0.128245 0.988032 0.092086 -0.125588 0.987800 0.044609 -0.124263 0.991246 -0.253789 -0.966739 -0.031727 -0.288213 -0.957449 0.014973 -0.043126 -0.114982 0.992431 0.180717 -0.102735 0.978155 -0.050428 -0.305286 0.950924 -0.155553 -0.299330 0.941385 -0.102506 -0.187301 0.976940 -0.076012 -0.196208 0.977612 0.102015 -0.934358 0.341419 0.167430 -0.915331 0.366246 0.115033 -0.949997 0.290299 0.056699 -0.989614 0.132092 0.462120 0.732680 0.499625 0.439548 0.661611 0.607510 0.042122 -0.999096 -0.005740 0.038718 -0.996319 0.076481 0.103685 -0.947269 0.303200 0.070824 -0.949935 0.304313 0.926698 -0.268490 0.262953 0.928719 -0.246066 0.277368 0.709318 -0.579435 0.401401 -0.066695 -0.967977 0.242017 -0.019538 -0.956894 0.289780 0.069168 -0.947855 0.311107 0.062705 -0.955887 0.286962 -0.001707 -0.985268 0.171012 0.098912 -0.956523 0.274371 0.611646 -0.652154 0.447868 0.432234 -0.783489 0.446451 0.241072 -0.845428 0.476588 0.317063 -0.865441 0.387921 0.992492 0.064503 0.103915 0.992492 0.057579 0.107905 0.110752 -0.932538 0.343667 0.178810 -0.900270 0.396915 0.160153 -0.920153 0.357310 0.043452 -0.128047 0.990816 0.057263 -0.121112 0.990986 0.160776 -0.080157 0.983731 0.057775 -0.108900 0.992372 0.092679 -0.085752 0.991996 -0.017064 -0.171829 0.984979 0.383835 0.859751 0.336895 0.392718 0.793202 0.465406 -0.022145 -0.142443 0.989555 
						0.058548 -0.141131 0.988258 0.086176 -0.225282 0.970475 -0.031710 -0.537052 0.842953 0.050111 -0.095515 0.994166 0.033112 -0.017067 0.999306 0.215183 0.455205 0.863993 0.231422 0.527582 0.817375 0.054583 -0.169462 0.984024 0.052184 -0.126555 0.990586 -0.082363 -0.431208 0.898485 -0.099572 -0.775230 0.623782 -0.116454 -0.746629 0.654968 0.124875 0.234607 0.964036 -0.246094 -0.426755 0.870240 0.900935 -0.115654 0.418258 0.842431 -0.097141 0.529976 0.823872 0.012186 0.566644 0.745088 0.274357 0.607925 0.248174 -0.898542 0.361983 0.356339 -0.849890 0.388214 0.404986 -0.818751 0.406981 0.235810 -0.910460 0.339790 0.563408 -0.701775 0.435985 0.713156 -0.555988 0.426950 0.753988 -0.509238 0.414944 0.613031 -0.654940 0.441868 0.083242 -0.935451 0.343515 0.071383 -0.994341 0.078675 0.414092 -0.836461 0.358971 0.513591 -0.747353 0.421529 0.877589 -0.285890 0.384843 0.964667 0.110140 0.239347 0.895893 0.049815 0.441469 0.504535 -0.757313 0.414635 0.541156 -0.730559 0.416454 0.119980 -0.943469 0.308983 0.218528 -0.915465 0.337891 0.253808 -0.889679 0.379542 0.931553 -0.262911 0.251172 0.997150 0.065069 0.038180 0.307471 -0.844997 0.437541 0.567844 -0.691420 0.446645 0.036497 -0.996284 0.078019 0.034192 -0.975103 0.219101 0.067898 -0.956755 0.282860 0.042926 -0.998956 0.015622 0.917765 -0.236132 0.319296 0.984258 0.081094 0.157036 0.053940 -0.994008 0.095071 0.064429 -0.974468 0.215085 0.249509 -0.829972 0.498890 0.131136 -0.820881 0.555839 0.360041 -0.848415 0.388023 0.466529 -0.791483 0.394849 0.344353 -0.867978 0.357820 0.258993 -0.901342 0.347139 0.416084 -0.747799 0.517369 0.209721 -0.922421 0.324278 0.379759 -0.837216 0.393514 0.513703 -0.704797 0.489254 0.554049 -0.754929 0.350873 0.445291 -0.812395 0.376471 0.248287 -0.904816 0.345922 0.071727 -0.995389 0.063685 
						0.066631 -0.780171 0.622008 0.734600 -0.512885 0.444198 0.581151 -0.711349 0.395281 0.168368 -0.936306 0.308194 0.424862 -0.842680 0.330729 0.424716 -0.900522 0.093150 0.475185 -0.838983 0.265154 0.335451 -0.917618 0.213191 -0.259486 0.759522 -0.596484 -0.027365 0.787621 -0.615552 0.022488 0.763583 -0.645318 -0.284042 0.793926 -0.537589 0.480040 -0.833339 0.274058 0.302804 -0.921565 0.242958 0.282745 -0.944859 0.165217 0.275944 -0.945751 0.171492 0.274530 -0.950573 0.145068 0.348642 -0.924582 0.153614 0.483228 -0.869603 0.101396 0.342864 -0.931042 0.124917 0.514591 -0.019116 0.857223 0.167575 -0.046456 0.984764 0.109827 -0.122228 0.986407 0.380592 -0.440312 0.813188 0.155132 -0.975525 0.155834 0.267527 -0.943213 0.196924 -0.073926 -0.007021 0.997239 -0.012005 0.009529 0.999883 -0.660580 0.657544 -0.362312 -0.638836 0.511654 -0.574542 -0.745300 0.041279 -0.665450 -0.931474 0.000681 -0.363807 0.573181 -0.818098 0.046676 0.723564 -0.689685 -0.028113 0.759814 -0.645706 -0.075802 0.612153 -0.790687 0.009097 0.406165 -0.908020 0.102610 0.466962 -0.880427 0.082436 0.680010 -0.732166 -0.038994 0.752355 -0.651689 -0.096249 0.771785 -0.625018 -0.117047 0.711824 -0.699944 -0.058183 0.597993 -0.799504 0.056546 0.668042 -0.743672 0.025914 0.540452 -0.836115 0.093934 0.745029 -0.664691 -0.055836 0.789937 -0.607617 -0.082471 0.652387 -0.757563 -0.022132 0.532896 -0.843008 0.073210 0.765152 -0.636889 -0.094413 0.825238 -0.534623 -0.182100 0.772822 -0.622851 -0.121667 0.735336 -0.676621 -0.038277 0.770089 -0.632151 -0.085728 0.760264 -0.642925 -0.092988 0.785018 -0.606474 -0.126241 0.852053 -0.485423 -0.195882 0.737110 -0.669393 -0.092637 0.748295 -0.161611 0.643379 0.554014 -0.685327 0.472647 0.799251 -0.585906 -0.133836 0.864882 -0.461617 -0.197202 0.755334 -0.648143 -0.096855 0.773717 -0.626582 -0.093586 
						0.784561 -0.610154 -0.110343 0.801696 -0.581667 -0.137648 0.868636 -0.449884 -0.207547 0.782717 -0.475112 0.402023 0.781518 -0.426386 0.455439 0.045400 -0.109918 0.992903 0.103140 -0.106536 0.988945 -0.112392 -0.142471 0.983397 0.180455 -0.096471 0.978841 -0.130564 -0.151523 0.979793 0.044275 -0.129170 0.990634 0.048925 -0.120276 0.991534 0.042906 -0.143748 0.988684 0.218706 -0.050869 0.974464 0.864744 -0.458959 -0.203900 0.907655 -0.258009 -0.331049 0.907016 -0.302716 -0.292718 0.407559 -0.641952 -0.649456 0.663333 -0.677621 -0.317519 0.911534 -0.365997 -0.187489 0.897890 -0.111496 -0.425866 0.267470 -0.918480 -0.291298 -0.061417 -0.960647 -0.270896 0.117021 -0.953981 -0.276092 0.284558 -0.863484 -0.416441 0.854835 -0.475600 0.207511 0.818183 -0.564782 0.107692 0.771775 -0.628123 -0.099124 0.816105 -0.541105 -0.202924 0.854910 -0.431447 -0.288065 0.903716 -0.280626 -0.323338 0.908454 -0.164626 -0.384199 0.885895 -0.238982 -0.397589 0.919293 -0.233157 -0.317079 0.921961 -0.138232 -0.361774 0.922176 -0.224429 -0.314997 0.924560 -0.136701 -0.355670 0.917997 -0.180815 -0.352970 0.916693 -0.121752 -0.380593 0.898310 -0.023500 -0.438733 0.902076 -0.341851 -0.263434 0.892666 -0.367476 -0.260975 0.867215 -0.427407 -0.255464 0.838514 -0.411838 -0.356768 0.802050 -0.570760 -0.175923 0.109905 0.423261 -0.899317 0.569044 -0.346675 -0.745657 0.472845 -0.415450 -0.777058 0.245564 0.341677 -0.907169 0.818891 -0.316123 0.479044 0.327162 0.061350 -0.942975 0.368450 -0.271980 -0.888972 0.451357 -0.006719 -0.892318 0.189161 -0.207188 -0.959839 0.805671 -0.503216 -0.312519 0.794127 -0.520948 -0.313011 0.864485 -0.279451 -0.417818 0.762213 -0.600454 -0.241837 0.380354 -0.902211 0.203340 0.364783 -0.918087 0.155080 0.684088 -0.728368 -0.038779 0.660910 -0.749701 -0.033862 0.713645 -0.692748 -0.103971 0.629879 -0.776682 0.004259 
						0.415741 -0.900409 0.128150 0.519976 -0.850103 0.083367 -0.343777 0.068031 0.936584 -0.560284 -0.079037 0.824521 -0.307999 0.709100 0.634283 -0.241013 0.295456 0.924456 0.876833 -0.078812 -0.474291 0.427438 -0.454903 -0.781256 0.751176 0.075278 -0.655795 0.765754 -0.637271 -0.086645 0.168824 0.341085 -0.924748 -0.088161 -0.251625 -0.963801 0.183927 -0.978971 0.088238 0.743485 0.335242 -0.578656 0.861605 -0.010913 -0.507462 0.406802 -0.247797 -0.879266 0.702316 0.296784 -0.647048 0.765729 -0.635377 -0.099772 0.757726 -0.645420 -0.096358 0.343610 -0.922805 -0.174250 0.954348 -0.235952 0.183159 0.960372 -0.187797 0.205955 0.589335 -0.802960 -0.089106 -0.058229 0.052698 0.996911 -0.465676 0.135554 0.874512 -0.470297 0.083008 0.878596 -0.067495 0.040410 0.996901 0.907183 0.135072 0.398465 0.661481 0.161517 0.732363 0.662761 0.153754 0.732876 0.902950 0.136209 0.407588 -0.678975 0.705481 -0.203197 -0.639186 0.695251 -0.328736 0.462924 -0.778747 -0.423384 0.378027 -0.762771 -0.524668 0.219111 0.058893 0.973921 0.194440 0.037307 0.980205 -0.202292 0.408306 -0.890148 -0.475754 -0.245628 -0.844585 -0.639681 0.747437 0.179295 -0.604470 0.793729 0.067899 -0.942858 0.061426 0.327484 -0.882490 -0.147497 0.446605 0.076703 -0.241714 -0.967311 -0.289335 -0.374031 -0.881127 0.953202 -0.232700 -0.193017 0.925189 0.066678 -0.373603 -0.591664 -0.247403 -0.767285 -0.824660 -0.060475 -0.562387 0.711762 0.236777 -0.661310 0.540568 0.130093 -0.831181 0.897286 -0.437633 -0.057927 0.026396 0.707821 0.705899 0.048561 0.390292 0.919410 0.745404 -0.628899 0.221040 0.244897 0.037982 0.968805 0.230396 -0.083177 0.969536 0.349292 -0.474230 0.808147 0.450839 -0.704214 0.548477 -0.959336 -0.116734 -0.256999 0.819350 -0.313843 0.479758 0.690788 -0.694421 0.201474 0.377838 -0.922693 -0.076662 -0.078870 -0.995950 -0.043162 
						-0.137057 -0.981493 0.133744 -0.046994 -0.962842 0.265944 0.320419 -0.903060 0.286031 0.645948 -0.757702 0.092948 0.728930 -0.683980 -0.028854 0.857017 -0.482518 -0.180828 0.714403 -0.699573 -0.015047 0.722863 -0.690990 -0.001419 0.725019 0.125474 0.677203 0.902625 -0.270171 -0.335075 0.808779 0.113234 -0.577109 0.298020 0.689208 -0.660437 0.385994 0.466938 0.795598 0.762160 -0.564115 -0.317627 0.719551 -0.646671 -0.253108 0.247877 -0.957683 0.146290 0.312603 -0.926507 0.209437 0.208390 -0.919535 0.333209 0.320595 -0.851595 0.414736 0.268798 -0.854399 0.444691 0.630818 -0.773952 -0.055387 0.564440 -0.825342 0.014774 0.520426 -0.853509 0.026070 0.506178 -0.862307 0.014478 0.771060 -0.558574 -0.305715 0.448573 -0.843790 0.294619 0.349713 -0.872013 0.342483 0.364220 -0.926975 0.089784 0.279494 -0.952544 0.120595 0.826818 -0.349019 -0.441088 0.019850 -0.969685 0.243552 -0.084385 -0.981198 0.173581 0.402325 -0.878575 0.257373 0.278611 -0.919206 0.278275 -0.104409 -0.990246 0.092254 0.654524 -0.750823 0.088673 0.503379 -0.839204 0.205783 0.073681 -0.963881 0.255938 0.060193 -0.982622 0.175589 0.080447 -0.969188 0.232816 0.013250 -0.992301 0.123142 0.033088 -0.991260 0.127708 0.788842 -0.607849 -0.090821 0.771306 -0.636397 -0.009256 0.034657 -0.984678 0.170905 0.740035 -0.672543 0.005893 0.131561 -0.961064 0.242999 0.164049 -0.889706 0.426040 0.130643 -0.883119 0.450592 0.084842 -0.818707 0.567909 0.049101 -0.746475 0.663599 -0.074870 -0.996092 0.046861 -0.037251 -0.999195 0.014874 -0.007451 -0.999972 0.001216 0.021605 -0.999767 0.000000 -0.170458 -0.978151 0.119012 -0.871522 -0.374852 -0.316125 -0.902985 -0.238291 -0.357542 0.100392 -0.966032 0.238126 -0.114690 0.171933 0.978409 -0.480648 0.214442 0.850290 0.169525 -0.322666 0.931208 -0.002749 -0.372261 0.928124 -0.246263 -0.419839 0.873550 
						0.134881 -0.865118 0.483092 -0.464378 -0.836461 0.291008 0.256251 -0.966141 -0.030097 0.971746 0.230749 0.049646 0.994713 -0.008736 -0.102323 0.502945 -0.855913 0.120243 0.108853 0.325725 0.939177 0.972431 0.223194 0.067546 0.248087 -0.968576 -0.017701 0.265029 -0.932484 -0.245425 0.950692 0.126776 0.283041 0.328198 0.747723 0.577231 -0.223409 0.696421 0.681972 -0.213819 0.938637 0.270631 0.938643 0.337890 -0.069134 0.776982 0.621039 -0.103000 0.020050 0.923308 0.383536 -0.242846 0.959351 0.143775 0.972296 0.230189 0.040663 0.801209 -0.371472 -0.469119 0.711618 -0.535682 0.454582 0.711600 -0.535671 0.454622 0.801227 -0.371507 -0.469061 -0.819923 0.384977 0.423696 -0.735925 0.533049 -0.417461 -0.738899 0.533444 -0.411662 -0.818081 0.382542 0.429425 0.947217 0.143298 0.286785 0.303507 -0.913357 -0.271407 0.564242 -0.771116 -0.294977 0.938335 -0.178037 0.296363 0.733085 -0.050711 -0.678244 0.777531 -0.082743 -0.623377 0.273179 0.183383 -0.944322 0.115480 0.248395 -0.961751 -0.435868 0.881218 0.182959 -0.901726 -0.432167 -0.011032 -0.934389 -0.328421 -0.138043 -0.406213 0.851109 0.332573 -0.993758 0.037866 -0.104932 -0.546793 0.715379 0.435030 -0.152321 -0.328627 -0.932096 -0.041806 0.028861 -0.998709 -0.211403 -0.669545 -0.712052 -0.232005 -0.772994 -0.590469 -0.023297 0.079606 -0.996554 0.122593 0.453742 -0.882660 -0.151380 0.344013 -0.926682 -0.323657 0.394178 -0.860157 -0.889990 -0.442869 0.108558 -0.515435 0.854113 0.069412 -0.761434 0.648033 0.016439 -0.923667 -0.308168 0.227752 -0.245270 0.789664 0.562382 0.742987 0.593067 -0.310227 0.470383 0.846287 -0.250078 0.115208 0.815793 0.566753 -0.932320 -0.341594 -0.118712 -0.904108 -0.384664 -0.186073 0.380481 -0.797833 -0.467650 0.298904 -0.808449 -0.507017 0.732693 -0.108828 -0.671801 0.914380 -0.349994 0.203504 0.907126 -0.352428 0.230037 
						0.749819 -0.118830 -0.650885 0.375923 0.679406 0.630150 0.198974 0.934661 -0.294650 0.882137 0.003366 0.470980 0.406802 -0.860207 -0.307500 0.355459 -0.904426 -0.235929 0.858129 -0.452245 0.243083 -0.473124 0.429520 -0.769198 -0.596709 0.449222 -0.664934 -0.836320 -0.426390 -0.344615 -0.129825 -0.987139 0.093287 -0.885880 -0.356306 -0.297091 -0.917600 -0.222914 -0.329118 0.115608 -0.975282 0.188306 -0.962692 -0.226185 -0.148544 0.120296 -0.987715 0.099735 0.229282 -0.957207 -0.176590 -0.963393 -0.268088 -0.001720 0.256292 -0.932531 -0.254362 0.864749 0.037766 0.500782 0.879557 -0.310683 0.360355 0.327376 -0.921321 -0.209743 0.996158 0.039155 -0.078330 0.505916 -0.853894 0.122128 -0.190026 0.981314 0.030201 -0.297902 0.935597 -0.189506 -0.662787 0.679046 -0.315611 -0.961202 -0.233098 -0.147499 -0.198658 0.932983 0.300128 0.952312 0.301508 -0.046842 0.835822 0.541493 -0.090474 0.025386 0.915889 0.400629 -0.237124 0.953558 0.185742 0.973327 0.222802 0.054720 0.777796 -0.364604 -0.511954 0.708087 -0.545927 0.447859 0.708107 -0.545925 0.447828 0.777783 -0.364605 -0.511974 -0.794257 0.370385 0.481634 -0.724461 0.540038 -0.428387 -0.728775 0.540732 -0.420114 -0.791129 0.366632 0.489587 0.472659 -0.830836 -0.293778 0.939110 -0.185300 0.289373 -0.093521 0.938595 -0.332104 0.828575 0.524162 0.196765 0.928822 0.350266 0.120844 -0.284601 0.928507 -0.238489 0.542944 -0.322863 -0.775223 0.447307 -0.027050 -0.893971 -0.050407 -0.281537 -0.958225 -0.102734 -0.015465 -0.994589 -0.095217 -0.321507 0.942108 -0.075142 -0.045866 0.996117 0.044219 -0.643638 0.764052 -0.303109 -0.771915 0.558813 0.065809 -0.318038 -0.945791 -0.271055 -0.832193 -0.483719 -0.291770 -0.852815 -0.433101 0.246062 0.357340 0.900978 0.351684 0.580950 0.734040 0.533467 0.569363 0.625491 0.229148 0.400857 0.887020 0.457967 0.820352 0.342474 
						0.508739 0.817582 0.269713 -0.243139 0.969106 0.041445 0.916617 0.364521 -0.164127 0.709322 0.643121 -0.288542 0.114303 0.983850 0.137749 0.801997 -0.423340 -0.421407 0.723146 -0.284827 0.629232 0.712018 -0.278022 0.644775 0.810269 -0.425521 -0.402984 0.507464 0.751173 -0.422160 0.248072 0.881231 -0.402358 -0.916603 -0.240447 -0.319411 -0.498977 0.787401 0.361968 -0.809734 0.561758 0.169585 -0.974084 -0.051336 -0.220284 0.370917 0.351065 -0.859752 0.621490 0.607093 -0.495164 0.313912 0.849510 0.424018 0.359217 0.663042 0.656764 0.424032 0.559888 -0.711844 0.323614 0.697266 0.639605 0.445645 0.554750 -0.702605 0.209925 0.701583 -0.680965 0.551822 0.535618 0.639223 -0.968239 0.222813 0.113438 -0.964661 0.237845 0.113394 -0.872124 -0.481618 0.086277 -0.869158 -0.487027 0.085842 0.386812 0.536740 -0.749858 -0.540902 -0.497534 -0.678147 -0.504041 -0.223049 -0.834381 0.323515 0.275275 -0.905297 -0.456906 -0.581071 -0.673494 0.377254 0.583427 -0.719230 0.426113 0.473723 -0.770723 -0.531387 -0.498056 -0.685250 0.323432 0.218781 -0.920612 -0.500027 -0.278367 -0.820051 0.199022 0.718453 -0.666495 0.594064 0.518892 0.614685 0.712464 0.587190 0.384191 0.224365 0.869071 -0.440880 -0.088610 -0.996047 -0.006130 -0.082188 -0.996593 -0.006833 0.086875 0.996105 0.015088 0.085534 0.996219 0.015231 0.871202 0.484730 -0.077743 0.871831 0.483583 -0.077832 0.984672 -0.140472 -0.103390 0.984225 -0.143553 -0.103408 0.275077 0.623880 -0.731510 -0.430486 -0.588803 -0.684100 -0.401445 -0.891250 -0.210987 0.897072 -0.437301 -0.063476 0.790413 -0.569000 -0.226907 -0.227040 -0.969800 -0.089113 -0.896223 0.438885 0.064533 -0.855608 0.495017 -0.151306 0.364172 0.839561 0.403133 0.397996 0.898190 0.186693 -0.403155 -0.816191 -0.413882 -0.575176 -0.649488 -0.497330 -0.980258 0.192422 0.045481 -0.911349 0.411179 0.019329 
						0.441127 0.872089 0.211821 0.641708 0.756897 0.123767 0.915485 -0.274663 0.294020 0.880338 -0.452624 0.141904 -0.875561 0.449711 -0.176500 -0.440479 -0.869781 -0.222394 -0.912391 0.263489 -0.313236 -0.614478 -0.774932 -0.147978 0.729799 -0.661008 0.174536 0.854600 -0.496820 0.151091 -0.351804 -0.834137 -0.424794 -0.145866 -0.863440 -0.482901 -0.886892 -0.380452 0.262066 -0.699008 -0.120041 -0.704967 -0.700032 -0.120640 -0.703847 -0.886392 -0.380566 0.263589 -0.887641 -0.360881 0.286110 -0.710789 -0.101148 -0.696095 -0.694191 -0.091867 -0.713905 -0.896042 -0.358755 0.261540 0.918869 -0.391703 -0.047422 0.983260 -0.173225 -0.056508 0.556611 0.679923 0.477378 0.406688 0.819323 0.404122 -0.358701 -0.005596 -0.933436 -0.349909 0.000659 -0.936783 -0.800461 -0.393363 -0.452247 -0.801165 -0.394273 -0.450204 -0.498446 -0.089222 -0.862317 0.205449 0.360300 -0.909931 0.221753 0.368718 -0.902703 -0.478701 -0.073885 -0.874864 -0.241540 0.472641 -0.847507 -0.490714 0.834902 -0.249277 -0.489529 0.833532 -0.256097 -0.233798 0.460700 -0.856209 0.104994 -0.121900 -0.986973 0.423835 -0.665829 -0.614032 0.421417 -0.661575 -0.620264 0.093633 -0.103236 -0.990240 0.206009 -0.250761 -0.945875 0.197666 -0.236699 -0.951263 0.448310 -0.673498 -0.587723 0.446376 -0.669845 -0.593343 0.752156 0.552078 -0.359822 0.357088 0.417352 -0.835647 0.356220 0.416944 -0.836220 0.751948 0.552067 -0.360272 -0.738976 -0.554973 0.381993 -0.799681 -0.398091 -0.449482 -0.797962 -0.395840 -0.454496 -0.739868 -0.555081 0.380106 -0.452302 0.663872 0.595565 -0.456208 0.670814 0.584707 -0.512778 0.823034 -0.244282 -0.514744 0.825415 -0.231793 -0.339938 0.571631 -0.746779 -0.326360 0.551016 -0.768030 -0.329545 0.571486 -0.751535 -0.322274 0.560292 -0.763029 -0.192006 -0.981187 -0.020153 0.926928 -0.247095 -0.282400 0.752902 -0.503752 -0.423524 0.128207 -0.989724 0.063313 
						-0.922180 0.256303 0.289641 -0.952755 0.303325 -0.015866 0.220173 0.938100 0.267382 0.155961 0.987176 -0.034057 -0.301196 -0.905834 -0.297901 -0.631142 -0.705732 -0.321874 -0.955531 -0.122254 0.268354 -0.956850 0.195678 0.214823 0.107684 -0.143563 -0.983765 0.419661 -0.672166 -0.609981 0.421948 -0.676158 -0.603962 0.117454 -0.159982 -0.980107 -0.978601 0.195029 -0.065606 -0.273325 -0.961522 -0.027727 -0.969774 -0.151214 -0.191503 -0.526686 -0.844081 0.100638 0.804446 -0.589783 0.070875 0.948744 -0.315415 0.019955 -0.196264 -0.924697 -0.326215 0.107738 -0.895184 -0.432479 -0.735769 -0.544415 0.402810 -0.816859 -0.399971 -0.415649 -0.815583 -0.398198 -0.419837 -0.737868 -0.544692 0.398575 -0.389412 0.708582 0.588446 -0.381226 0.693646 0.611164 -0.470112 0.852584 -0.228244 -0.466455 0.847125 -0.254556 -0.268524 0.535687 -0.800584 -0.296487 0.581955 -0.757248 -0.303812 0.538704 -0.785809 -0.311156 0.550606 -0.774606 -0.023161 0.725558 -0.687771 0.803459 -0.378619 -0.459459 0.647295 -0.461782 -0.606437 0.145949 0.815281 -0.560371 0.043000 -0.749842 0.660219 0.645513 -0.518119 -0.561128 0.515389 -0.737374 -0.436640 0.282262 -0.752145 0.595488 -0.055517 -0.816287 0.574973 0.751009 -0.435364 -0.496431 -0.786560 -0.165750 -0.594853 -0.767257 0.522969 -0.371241 -0.769064 0.518417 -0.373877 -0.782743 -0.178605 -0.596166 0.093680 0.527478 -0.844388 0.841304 -0.112933 -0.528634 -0.403096 -0.757737 -0.513174 -0.412456 -0.749918 -0.517206 0.117920 -0.968203 -0.220632 0.113412 -0.968042 -0.223680 -0.833691 0.544079 -0.094539 -0.908430 0.347913 0.231755 0.152632 0.912122 -0.380443 -0.062389 0.993661 -0.093512 0.832928 0.506880 0.222045 0.481740 0.356623 0.800466 0.478566 0.355016 0.803080 0.831916 0.506692 0.226228 -0.828737 0.536369 -0.159698 -0.710290 0.569524 -0.413679 -0.026569 0.982936 0.182018 -0.042087 0.985055 -0.167022 
						-0.095635 0.973504 0.207710 -0.753871 0.541588 -0.371970 0.565603 -0.277599 -0.776551 0.376208 0.698437 -0.608813 -0.831740 -0.501756 0.237590 -0.823832 -0.495095 0.276010 -0.449403 -0.229650 0.863307 -0.461739 -0.237776 0.854552 -0.314615 0.710210 0.629777 -0.562775 0.531549 0.633040 -0.208819 0.705011 -0.677756 -0.469437 0.548105 -0.692250 -0.973440 -0.193595 -0.122210 -0.850374 0.518214 -0.091207 -0.856706 0.507491 -0.092233 -0.966632 -0.225082 -0.122317 0.570500 0.819519 0.054018 -0.124845 0.992117 -0.010802 -0.108108 0.994098 -0.009065 0.606009 0.793394 0.057262 -0.471421 -0.877723 -0.085813 -0.497813 -0.862774 -0.088334 0.126658 -0.991649 -0.024308 0.114368 -0.993105 -0.025740 -0.275508 -0.196836 -0.940931 -0.712247 -0.458228 -0.531725 -0.693925 -0.447997 -0.563708 -0.261705 -0.188388 -0.946583 -0.857267 0.505359 -0.098521 -0.848221 0.520605 -0.097425 -0.257994 -0.209947 -0.943059 0.445104 0.248492 -0.860311 0.445776 0.248977 -0.859822 -0.257223 -0.209431 -0.943385 0.299357 -0.621352 -0.724090 0.114227 -0.427194 -0.896915 0.058242 0.472732 -0.879280 -0.156703 0.652664 -0.741265 -0.283808 0.640786 -0.713335 0.420104 -0.615305 -0.667017 -0.374766 -0.343373 0.861188 -0.310098 -0.331212 0.891144 0.366681 -0.137886 0.920072 0.337599 -0.149113 0.929404 0.345489 0.257070 -0.902526 0.863791 0.295565 -0.408053 0.826639 0.299135 -0.476641 0.273444 0.243433 -0.930574 -0.270697 -0.647228 -0.712614 -0.375949 -0.410440 -0.830783 -0.882325 0.316969 -0.347898 -0.776877 0.569524 -0.268524 0.410660 0.721173 0.557914 0.638809 0.546298 0.541740 0.625714 -0.458911 0.630779 0.642035 -0.642883 0.417723 -0.629368 0.639548 -0.441445 -0.428149 -0.717861 -0.548966 -0.621697 0.443086 -0.645885 -0.646628 -0.536786 -0.541971 0.930966 0.241099 0.274177 0.835207 0.373201 -0.403919 0.866787 0.367409 -0.337179 0.923575 0.231793 0.305420 
						-0.866571 -0.364421 0.340958 -0.836866 -0.370927 0.402577 0.941528 0.197947 0.272659 0.342012 -0.122995 0.931611 0.350469 -0.120014 0.928853 0.943413 0.200375 0.264239 0.330097 -0.080362 0.940520 0.361108 -0.068431 0.930010 0.793753 -0.550081 0.259552 0.887988 -0.295681 0.352207 0.381713 0.399818 0.833331 0.267700 0.633093 0.726312 -0.720347 0.597103 0.352942 -0.226302 0.893677 -0.387464 -0.304878 0.876746 0.371976 -0.635917 0.615824 -0.465155 -0.926374 0.310973 0.212429 0.141042 0.884517 -0.444677 0.798310 0.424674 -0.427030 0.798977 0.425223 -0.425231 -0.790424 0.606452 -0.086291 -0.066276 0.909684 0.409979 -0.769528 0.492597 0.406417 -0.173999 0.981398 -0.081133 0.731812 0.563032 -0.383986 0.736567 0.563555 -0.373999 -0.818057 -0.394042 -0.418944 -0.814666 -0.389238 -0.429900 -0.711816 0.678483 -0.181600 0.151254 0.865226 0.478024 -0.803167 0.558816 0.206510 0.223743 0.971151 0.082497 0.843179 0.326449 -0.427177 0.833648 0.327678 -0.444587 -0.329042 0.079205 -0.940988 -0.361098 0.068505 -0.930008 0.542187 -0.318893 0.777394 0.493534 -0.308066 0.813339 -0.559639 -0.668187 -0.490235 0.109035 0.414004 -0.903721 0.224071 0.682007 -0.696174 -0.776895 -0.610588 0.153676 0.097234 -0.945783 -0.309903 -0.289480 -0.940695 0.176905 0.706973 -0.550565 0.443923 -0.739855 0.549696 0.387879 0.271539 -0.512424 0.814671 0.622267 -0.601609 0.500849 -0.145002 0.883985 -0.444460 0.702583 0.588212 0.400478 0.219823 0.878424 -0.424322 0.306078 0.859506 0.409348 0.608447 0.608836 -0.509030 0.876462 -0.477998 -0.057729 0.913004 -0.379157 -0.150541 0.797685 -0.320749 -0.510704 0.834603 -0.354823 -0.421353 -0.095396 0.002957 0.995435 -0.076730 0.009987 0.997002 -0.035278 -0.011132 0.999315 -0.063584 -0.066775 0.995740 0.844215 -0.534911 -0.034226 0.888598 -0.379584 0.257506 0.083961 -0.062594 0.994501 
						0.092146 -0.142828 0.985449 -0.181478 -0.044015 -0.982410 -0.373811 0.174725 -0.910899 -0.495704 0.222337 -0.839550 -0.412518 0.092533 -0.906237 0.254071 -0.218890 0.942091 0.277962 -0.142749 0.949926 0.513848 -0.237750 0.824278 0.489019 -0.242135 0.837992 0.688450 -0.330437 0.645638 0.733330 -0.323330 0.598068 -0.527604 0.225273 -0.819076 -0.531578 0.236839 -0.813223 -0.492718 0.224158 -0.840822 -0.531029 0.339703 -0.776280 0.706613 -0.202185 -0.678100 0.583880 -0.223507 -0.780467 0.327472 -0.112346 -0.938158 0.524538 -0.121116 -0.842728 0.296812 -0.139211 -0.944734 0.058510 0.000449 -0.998287 -0.189301 0.101575 -0.976651 0.064850 -0.080975 -0.994604 0.898429 -0.383579 0.213760 0.902216 -0.374427 0.214034 0.899752 -0.380408 0.213858 0.894242 -0.393417 0.213435 0.893458 -0.395227 0.213373 0.899406 -0.381242 0.213830 0.898512 -0.383382 0.213763 0.899848 -0.380177 0.213866 0.898784 -0.382730 0.213786 0.898630 -0.383102 0.213770 0.897138 -0.386644 0.213658 0.896334 -0.388534 0.213603 0.895832 -0.389716 0.213558 0.895717 -0.389985 0.213549 0.896943 -0.387104 0.213641 0.896350 -0.388501 0.213597 0.894346 -0.393175 0.213446 -0.950463 -0.310523 -0.013980 -0.475153 -0.879622 -0.022226 -0.461304 -0.882104 -0.095343 -0.948338 -0.315741 -0.031035 -0.946075 -0.313208 -0.082726 -0.897403 -0.412962 -0.155340 -0.752291 -0.628815 -0.196596 -0.675172 -0.657910 -0.333612 -0.999999 0.000110 -0.001324 -0.984418 -0.175189 -0.015143 -0.982978 -0.181480 -0.028606 -0.999999 0.000221 -0.001589 -0.981951 -0.184044 -0.043580 -0.999999 0.000360 -0.001534 -1.000000 -0.000070 -0.000729 -0.985129 -0.171813 0.000572 -0.985189 -0.171382 -0.005498 -1.000000 -0.000002 -0.000997 -0.943854 -0.326098 -0.052917 -0.366900 -0.912775 -0.179517 -0.360989 -0.902845 -0.233578 -0.941620 -0.328134 -0.075370 -0.943794 -0.315409 -0.098841 -0.983153 -0.173560 -0.057330 
						-0.999999 0.000585 -0.001333 -0.944677 -0.312912 -0.098342 -0.901545 -0.413140 -0.128576 -0.892629 -0.420646 -0.162083 -0.381343 -0.862226 -0.333383 -0.449056 -0.790751 -0.416006 -0.987192 -0.153456 -0.043630 -0.995728 -0.089194 0.023896 -0.999922 0.010719 -0.006397 -0.999988 -0.002774 0.004092 -0.974909 -0.220964 -0.026954 -0.928831 0.163425 0.332513 -0.970701 0.116320 0.210258 -1.000000 -0.000382 -0.000602 -0.983669 -0.179981 0.001568 -0.984477 -0.175375 0.006952 -1.000000 -0.000083 -0.000585 -0.943302 -0.331871 0.006530 -0.884451 -0.466067 0.022979 -0.399828 -0.913147 0.079372 -0.948723 -0.316050 -0.006136 -0.872457 -0.487185 0.038334 -0.261489 -0.936379 0.234134 -0.274617 -0.945141 0.176900 -0.935278 -0.353769 0.010121 -0.913648 -0.406075 0.018735 0.452298 0.171019 -0.875316 0.451305 0.172555 -0.875527 0.521811 0.164716 -0.837007 0.522975 0.162482 -0.836718 -0.380306 -0.140210 0.914171 -0.856163 0.220468 0.467310 -0.897671 0.195365 0.394993 -0.419109 -0.070804 0.905171 -0.928737 0.202178 0.310759 -0.483887 -0.010036 0.875073 0.843862 -0.366552 -0.391838 0.056433 0.742770 -0.667164 0.173305 0.762545 -0.623290 0.887885 -0.277218 -0.367166 0.390741 0.195382 -0.899526 0.407518 0.183809 -0.894507 0.398435 0.180550 -0.899250 0.395066 0.180133 -0.900819 -0.521469 -0.240098 0.818794 -0.855058 0.356627 0.376421 -0.842659 0.282025 0.458680 -0.423188 -0.209342 0.881526 0.542922 0.298048 -0.785114 0.600822 0.226531 -0.766613 0.489799 0.197320 -0.849213 0.458739 0.250457 -0.852543 -0.607474 -0.234679 0.758882 -0.830855 0.380470 0.406107 -0.106400 -0.704536 0.701646 -0.324808 -0.577479 0.749011 -0.338298 -0.543554 0.768182 -0.193054 -0.611510 0.767323 0.570798 0.181403 -0.800801 0.570579 0.186952 -0.799680 0.572630 0.266232 -0.775381 0.571298 0.255888 -0.779834 -0.944329 0.201167 0.260335 -0.529374 0.028734 0.847902 
						-0.953191 0.163735 0.254200 -0.540764 0.039662 0.840239 0.388117 0.334895 -0.858609 0.380611 0.155001 -0.911652 0.113621 0.066652 -0.991286 0.291053 0.213004 -0.932694 -0.453149 0.067176 0.888900 -0.938582 0.093123 0.332252 -0.903181 0.193314 0.383268 -0.357946 0.007013 0.933716 -0.716291 0.508964 0.477371 -0.346742 -0.269474 0.898417 0.383922 0.105641 -0.917302 0.388413 -0.112384 -0.914607 0.757116 -0.627695 -0.181039 0.955249 -0.204912 -0.213330 -0.307139 0.555085 0.773011 0.267043 0.450030 0.852151 0.229452 0.342324 0.911134 -0.361110 0.370178 0.855902 0.163690 0.339598 0.926217 0.074020 -0.091917 0.993012 0.429231 0.369737 -0.824049 0.442606 0.328395 -0.834420 0.509979 0.342969 -0.788856 0.514725 0.350446 -0.782461 -0.952731 0.108795 0.283668 -0.512735 0.040787 0.857577 0.343452 0.567860 -0.748048 0.356191 0.507476 -0.784600 -0.107047 0.454942 -0.884064 -0.111884 0.472284 -0.874317 0.131935 0.738182 -0.661574 0.035841 0.812464 -0.581908 -0.252561 0.777947 0.575336 -0.808263 0.032134 0.587944 0.220339 0.739097 0.636543 -0.462998 0.718305 0.519298 0.255002 0.767715 -0.587867 0.291376 0.718484 -0.631570 0.325331 0.578414 0.748062 -0.249638 0.717068 0.650765 0.087624 -0.955540 -0.281540 0.109808 -0.990976 -0.076872 -0.100461 -0.861312 0.498045 -0.173854 -0.921208 0.348068 0.372070 -0.096641 0.923160 0.600704 -0.796730 0.066152 0.558470 -0.814370 0.157840 0.637811 -0.259727 0.725079 0.232885 -0.313135 0.920712 0.482550 -0.761760 0.432282 0.205484 -0.634303 0.745276 0.159354 -0.916142 0.367819 0.195808 -0.968253 0.155389 0.285108 -0.904376 0.317517 0.117929 -0.934432 -0.336049 0.118055 -0.962740 -0.243300 0.193381 -0.963563 0.184797 0.195608 -0.980241 0.029432 -0.107050 0.841816 0.529042 -0.013078 0.950329 0.310972 0.010038 0.908980 0.416719 -0.006331 0.759693 0.650251 
						0.166591 -0.982563 0.082564 0.176493 -0.983408 -0.041940 0.133217 -0.985064 -0.109098 0.091026 -0.995845 0.002706 0.094685 -0.988199 -0.120407 0.102732 -0.972016 -0.211260 -0.151583 -0.880911 -0.448351 -0.165788 -0.905949 -0.389578 -0.160215 -0.895094 -0.416100 -0.147348 -0.855940 -0.495636 0.110470 -0.947527 -0.299982 0.082900 -0.955907 -0.281727 -0.163672 -0.911531 -0.377257 -0.186322 -0.937498 -0.293907 0.206265 -0.133806 -0.969304 0.198667 -0.063958 -0.977978 -0.115253 -0.873291 -0.473371 -0.085716 -0.835136 -0.543324 -0.145110 -0.842242 -0.519202 -0.152945 -0.876859 -0.455770 0.354954 -0.074886 -0.931880 -0.003530 -0.155945 -0.987759 -0.144565 -0.758636 -0.635273 0.063682 0.920257 -0.386099 0.099616 0.859424 -0.501465 -0.166085 -0.919021 -0.357513 -0.203309 -0.950527 -0.234868 0.334310 0.922150 0.194620 0.265941 0.862121 0.431303 0.310754 0.858014 0.408954 0.427869 0.898174 0.101051 0.335648 0.898883 -0.281692 0.394920 0.747264 -0.534448 0.376859 0.541677 -0.751374 0.314867 0.841715 -0.438605 0.292281 0.917239 -0.270639 0.292216 0.794453 -0.532405 0.234815 0.965475 -0.112779 0.249344 0.919298 -0.304498 0.824681 -0.472345 -0.311112 0.186220 0.982506 -0.001801 0.197819 0.965145 -0.171358 0.169955 0.983532 0.061481 0.177317 0.979279 -0.097833 0.182676 0.974972 0.126722 0.188888 0.981453 -0.032730 0.215082 0.947343 0.237237 0.228776 0.971684 0.059090 0.030332 -0.978840 -0.202366 0.068256 -0.943048 -0.325578 0.086402 -0.907958 -0.410057 0.058576 -0.966633 -0.249377 0.042365 -0.878680 -0.475527 0.024770 -0.943803 -0.329579 0.241488 0.903259 0.354691 0.277771 0.948619 0.151541 0.214573 -0.134764 -0.967366 0.144647 -0.166579 -0.975361 -0.044941 -0.845377 -0.532276 -0.078008 -0.781612 -0.618868 0.013201 -0.861784 -0.507103 -0.006533 -0.923703 -0.383054 0.750623 -0.599588 -0.277597 0.095828 -0.892064 -0.441632 
						-0.004194 -0.949880 -0.312586 -0.044293 -0.956333 -0.288903 -0.961850 0.169809 -0.214500 0.343788 0.265034 -0.900870 0.259191 -0.108582 -0.959703 -0.842204 0.538703 0.022180 -0.784927 0.548314 -0.288514 0.412760 -0.231907 -0.880822 0.462939 -0.078367 -0.882919 -0.848264 0.405402 -0.340730 0.229025 -0.237532 -0.943995 -0.658364 0.682857 -0.316644 -0.561076 0.703765 -0.435785 0.075987 -0.127760 -0.988890 0.412922 0.093280 -0.905977 -0.880223 0.295264 -0.371519 0.368841 0.208097 -0.905898 -0.911629 0.210050 -0.353287 0.341479 0.278892 -0.897558 -0.926704 0.143306 -0.347394 -0.717235 -0.529253 -0.453282 -0.257044 0.962391 0.087927 -0.954196 0.151829 -0.257795 0.365252 0.672135 -0.644069 -0.911819 0.316083 -0.262065 0.319107 0.499378 -0.805477 -0.914231 0.277060 -0.295667 0.282372 0.536159 -0.795487 0.326954 0.346407 -0.879263 -0.930236 0.072039 -0.359821 0.342248 0.372151 -0.862769 -0.947394 0.056506 -0.315042 -0.924749 0.214890 -0.314105 0.258163 0.596685 -0.759815 -0.975954 0.093194 -0.197048 0.080752 0.631951 -0.770789 -0.344931 -0.324456 0.880767 -0.269462 -0.193595 0.943351 0.929324 -0.173694 0.325862 0.928796 -0.031670 0.369236 -0.975510 -0.219910 -0.004418 -0.975701 -0.213396 -0.049701 -0.965132 -0.261761 -0.000776 0.431949 0.899910 -0.059840 0.788066 0.593459 -0.163578 0.881264 0.382300 -0.277885 -0.447599 0.706731 -0.547892 0.080025 0.967742 -0.238896 -0.174121 0.310669 -0.934434 -0.230742 0.281179 -0.931502 -0.310617 0.237388 -0.920415 0.912958 0.145731 -0.381144 0.888697 -0.183121 -0.420339 -0.416572 0.306570 -0.855852 -0.200902 0.369421 -0.907285 -0.166575 0.331626 -0.928589 -0.165860 0.647891 -0.743456 -0.266657 0.538293 -0.799459 -0.287805 0.477931 -0.829910 -0.254480 0.422308 -0.869998 -0.994442 -0.103717 -0.018094 -0.987137 -0.073491 -0.141987 -0.989311 -0.143710 -0.024738 -0.999830 -0.011434 0.014442 
						-0.074860 0.172484 0.982164 -0.047423 0.090603 0.994757 -0.023954 -0.015724 0.999589 -0.034326 0.019186 0.999227 -0.008152 -0.113617 0.993491 0.004172 -0.137372 0.990511 0.081137 -0.552876 0.829304 0.017491 -0.396522 0.917858 -0.220949 0.006160 0.975266 0.085135 -0.540247 0.837189 0.000564 -0.083051 0.996545 0.000622 -0.138125 0.990415 -0.004150 -0.148873 0.988848 -0.005530 -0.092169 0.995728 0.000625 -0.210003 0.977700 -0.001421 -0.217893 0.975972 0.000632 0.094227 0.995551 0.000587 0.002228 0.999997 -0.015556 -0.003536 0.999873 -0.028141 0.091786 0.995381 -0.008602 -0.175128 0.984508 -0.006659 -0.239200 0.970948 0.001486 -0.271373 0.962473 -0.001899 -0.193946 0.981010 0.058471 -0.484313 0.872939 0.000615 -0.326149 0.945318 0.012717 -0.326885 0.944978 0.000537 -0.469290 0.883044 0.036511 -0.460738 0.886785 0.013923 -0.335135 0.942067 0.052369 -0.450916 0.891029 0.046612 -0.464142 0.884533 0.008369 -0.348523 0.937263 0.102724 -0.525910 0.844314 0.304260 -0.774340 0.554819 0.000842 -0.560741 0.827991 -0.005718 0.077994 0.996937 0.044339 -0.601951 0.797301 0.051088 -0.531505 0.845513 0.003515 -0.024932 0.999683 0.003092 -0.271432 0.962453 0.075070 -0.569350 0.818660 0.001038 0.113485 0.993539 0.000731 0.140802 0.990037 -0.033618 0.140787 0.989469 -0.028201 0.124162 0.991861 -0.059005 0.149577 0.986988 -0.064752 0.178922 0.981730 -0.081134 0.223544 0.971311 -0.150041 0.328339 0.932567 -0.262311 0.477034 0.838828 -0.074946 0.204800 0.975930 -0.058655 0.157748 0.985736 -0.554598 -0.336105 0.761219 -0.548416 -0.339781 0.764060 -0.497416 -0.361131 0.788772 -0.506469 -0.361951 0.782612 0.485065 0.403751 -0.775691 0.509747 0.433335 -0.743222 -0.250991 0.561871 -0.788229 -0.262804 0.619919 -0.739348 0.554588 0.434489 -0.709684 -0.198088 0.522010 -0.829619 -0.387852 -0.741094 0.548043 
						-0.965393 0.222880 0.135431 -0.966699 0.171792 0.189687 -0.667972 -0.451675 0.591441 -0.727068 -0.376486 0.574135 -0.169735 -0.827327 0.535463 -0.478788 -0.380845 0.791024 -0.476943 -0.379753 0.792662 -0.511508 -0.367006 0.776960 -0.501901 -0.399265 0.767256 0.591749 0.343225 -0.729404 0.515161 0.374031 -0.771175 -0.188381 0.686172 -0.702624 -0.026011 0.744239 -0.667407 -0.581822 -0.452371 0.675902 -0.616196 -0.382346 0.688559 0.048075 0.717753 -0.694636 0.669068 0.292297 -0.683308 0.660779 0.635108 0.400011 0.512797 0.853520 0.092434 -0.567099 -0.385751 0.727733 -0.568896 -0.392495 0.722707 -0.582652 -0.343070 0.736763 -0.584963 -0.337312 0.737590 0.581778 0.435386 -0.687003 -0.161772 0.496950 -0.852567 0.560980 0.468755 -0.682327 -0.178919 0.479158 -0.859299 -0.444671 -0.350513 0.824262 -0.333470 -0.278426 0.900709 -0.396817 -0.383716 0.833846 -0.374932 -0.458345 0.805820 0.403536 0.537322 -0.740570 0.400029 0.465006 -0.789776 -0.285059 0.506372 -0.813836 -0.316450 0.437549 -0.841671 0.363374 0.302292 -0.881237 -0.057105 0.709853 -0.702031 -0.310994 0.592706 0.742955 -0.363089 0.270739 0.891553 0.183393 0.922366 -0.340011 0.119032 0.958398 -0.259433 0.603620 0.797271 -0.001509 0.648881 0.757526 -0.071469 0.562131 0.644018 0.518892 0.348060 0.901234 0.258131 -0.396539 -0.502634 0.768190 -0.419273 -0.468867 0.777415 -0.496622 -0.472357 0.728179 -0.489406 -0.462897 0.739059 0.486800 0.519070 -0.702561 -0.245483 0.458019 -0.854375 -0.370869 -0.426879 0.824761 -0.389445 -0.242597 0.888526 -0.094867 -0.400888 0.911202 -0.097714 -0.371532 0.923263 0.167051 0.376874 -0.911076 0.392147 0.753612 -0.527531 0.167169 0.650268 -0.741084 0.630929 0.674997 -0.382502 0.236867 0.829249 -0.506201 0.691063 0.693319 -0.204307 -0.077677 -0.952857 -0.293309 -0.279205 -0.893704 0.351194 -0.222801 -0.892558 0.392046 
						-0.191473 -0.955747 -0.223353 -0.711500 -0.702655 -0.006671 -0.593742 -0.739115 -0.318088 -0.671329 -0.280226 0.686141 -0.483569 -0.272668 0.831753 -0.382610 -0.889684 0.249141 -0.266145 -0.957927 0.107439 -0.237927 -0.965215 0.108398 -0.387037 -0.832040 0.397381 -0.439981 -0.879314 0.182272 -0.602009 -0.598241 0.528859 -0.269011 -0.918464 0.289927 -0.061055 -0.919794 -0.387622 -0.062407 -0.934109 -0.351490 -0.478207 -0.779007 0.405544 0.137008 0.953608 -0.268069 0.026899 0.973405 -0.227506 -0.163966 -0.986460 0.003467 -0.113442 -0.991809 -0.058702 -0.113260 -0.990295 0.080543 -0.135076 -0.990822 0.005212 -0.138278 -0.974718 0.175510 -0.113106 -0.985877 -0.123505 -0.109688 -0.966783 -0.230865 -0.095368 -0.978048 -0.185275 -0.143425 -0.988947 -0.037588 -0.065872 0.907489 0.414880 -0.084464 0.879309 0.468702 -0.073124 0.928618 0.363760 -0.039307 0.942839 0.330922 -0.085453 -0.938046 -0.335809 -0.088219 -0.957395 -0.274976 -0.034460 0.941549 0.335110 -0.014980 0.941388 0.336993 -0.373224 0.074783 0.924722 -0.199584 0.015191 0.979763 -0.094311 0.863321 0.495764 -0.076151 0.926247 0.369145 -0.162933 0.985525 0.046837 0.531264 -0.828504 0.177032 -0.073681 0.993312 0.088895 -0.151389 0.975692 -0.158448 -0.285749 0.947340 0.144550 -0.152924 0.933614 0.324006 -0.107820 0.617499 -0.779147 -0.134895 0.860658 -0.490990 -0.085926 0.689583 -0.719092 -0.112689 0.862167 -0.493932 -0.143693 0.941000 -0.306384 -0.251060 0.853653 -0.456339 -0.104165 0.938610 -0.328877 -0.134497 0.979504 -0.149942 -0.129247 0.971884 -0.196816 -0.149285 0.988446 -0.026244 -0.131329 0.984459 -0.116593 -0.144847 0.988477 0.043970 -0.106505 0.992850 -0.053902 -0.122059 0.986448 0.109648 -0.079301 0.996542 0.024798 -0.105522 0.971867 0.210569 -0.169225 -0.955892 -0.240068 -0.229995 -0.927783 -0.293804 -0.208358 -0.866191 -0.454203 -0.150175 -0.914539 -0.375586 
						-0.263358 -0.896410 -0.356500 -0.245447 -0.831162 -0.498924 -0.060742 0.993747 0.093690 -0.107451 0.947617 0.300793 0.205384 -0.289772 -0.934799 0.273197 -0.065764 -0.959707 0.097559 -0.832341 -0.545611 0.101720 -0.841193 -0.531081 -0.249545 -0.877131 -0.410327 -0.224839 -0.823907 -0.520216 -0.114836 -0.915308 -0.386036 0.575592 -0.810076 -0.111671 -0.064670 -0.959037 -0.275800 -0.064321 -0.940334 -0.334119 0.003877 0.072368 0.997370 0.789185 -0.544227 0.284613 -0.234540 0.108924 0.965985 -0.343008 0.019601 0.939128 0.791213 -0.397237 0.464958 0.693610 -0.522236 0.496159 0.649554 -0.621124 0.438503 0.013240 0.102039 0.994692 -0.152326 0.220401 0.963442 0.662135 -0.632170 0.402415 -0.406480 -0.082702 0.909909 0.887035 -0.275963 0.370154 -0.385819 -0.175850 0.905660 0.926945 -0.170247 0.334348 -0.368544 -0.245413 0.896631 0.940049 -0.096861 0.326994 0.538355 0.199470 0.818771 0.237151 -0.849956 0.470461 0.889529 -0.073751 0.450887 -0.199960 -0.635234 0.745985 0.928302 -0.266416 0.259381 -0.302126 -0.495217 0.814543 0.941179 -0.228539 0.248902 -0.319728 -0.512014 0.797256 -0.372117 -0.317711 0.872117 0.939900 -0.028762 0.340237 0.943235 -0.159885 0.291110 -0.333562 -0.500819 0.798697 0.855453 -0.300448 0.421819 -0.298309 -0.316993 0.900293 0.737772 -0.583187 -0.339978 -0.892100 0.324063 0.314865 0.200681 -0.379525 0.903155 0.188985 -0.572555 0.797788 -0.036811 0.121224 0.991942 0.425112 -0.377251 0.822777 0.422616 -0.395260 0.815577 0.417390 -0.325961 0.848254 -0.819453 0.045068 0.571372 -0.189022 0.309636 0.931878 -0.986011 -0.125381 0.109824 -0.954406 -0.269196 0.129009 -0.904278 -0.378920 0.196727 0.391522 -0.144568 0.908741 -0.095354 0.962704 0.253195 -0.890628 -0.325308 0.317736 -0.976112 0.022642 0.216084 -0.988364 -0.025794 0.149901 -0.937532 0.073968 0.339945 -0.914931 0.104615 0.389816 
						-0.927197 0.095023 0.362321 -0.954275 0.055578 0.293717 -0.006328 0.039052 0.999217 0.052295 -0.743670 0.666499 -0.004533 -0.628336 0.777929 0.096587 -0.703883 0.703718 -0.454760 -0.265192 -0.850216 -0.001255 0.394204 -0.919022 -0.988510 -0.019167 -0.149937 -0.990626 -0.136077 -0.011948 -0.959943 -0.234417 -0.153487 0.941588 -0.333424 -0.047338 0.907798 -0.347242 0.235215 0.723151 -0.565245 0.396926 0.890759 -0.451044 -0.055746 0.935172 -0.352833 -0.031021 0.916527 -0.398424 -0.035162 0.896780 -0.441255 -0.032851 0.943363 -0.257622 -0.209040 0.960438 -0.253235 -0.115893 -0.804784 0.386147 0.450792 0.128885 0.624461 -0.770349 0.237311 -0.421023 0.875456 0.435969 -0.534128 0.724319 -0.019782 0.425678 0.904658 0.398597 -0.218315 0.890763 0.331237 -0.024270 0.943235 0.432564 -0.438644 0.787705 -0.610457 -0.252568 0.750701 -0.999990 0.001622 0.004139 0.181336 0.907211 0.379587 0.016023 0.927040 0.374621 0.196969 0.901495 0.385370 -0.194657 0.069499 0.978406 -0.209842 0.760695 0.614255 0.355654 0.905475 0.231573 0.652170 0.758031 -0.007931 -0.164427 0.903289 0.396274 -0.710618 -0.304431 -0.634306 0.337664 0.103903 -0.935514 0.363812 0.222126 -0.904600 0.181033 -0.229646 -0.956290 0.444181 -0.122994 -0.887455 0.379147 -0.280301 -0.881861 0.397419 0.020824 -0.917401 -0.922024 0.093302 -0.375721 -0.926459 0.015502 -0.376075 -0.901766 0.192835 -0.386823 -0.880184 0.322926 -0.347844 -0.779833 0.555705 -0.288187 -0.597683 0.737741 -0.313867 -0.481024 0.772142 -0.415226 0.361220 0.103785 -0.926687 0.344140 0.156732 -0.925744 -0.920155 -0.034591 -0.390024 -0.945619 0.031607 -0.323738 -0.155297 -0.651056 -0.742973 -0.735693 -0.494221 -0.463143 0.332130 0.927964 -0.169033 0.480383 0.340509 -0.808261 -0.632136 0.773082 0.052414 -0.875010 -0.284840 -0.391437 -0.853504 -0.284744 -0.436408 0.337082 0.057954 -0.939690 
						0.335546 0.033753 -0.941419 0.342859 0.212927 -0.914937 -0.941137 0.291334 -0.171422 -0.855886 -0.239395 -0.458420 0.383404 0.029516 -0.923109 0.078222 -0.401135 -0.912673 -0.106781 -0.389500 -0.914816 -0.999839 0.004787 0.017287 -0.950455 0.310583 0.013165 -0.948311 0.316175 0.027195 -0.424059 0.899204 0.107728 -0.436275 0.899598 0.019656 -0.945711 0.315022 0.079945 -0.674882 0.658479 0.333075 -0.751915 0.629360 0.196290 -0.897445 0.412736 0.155695 -0.982978 0.181962 0.025374 -0.984412 0.175446 0.012322 -0.981943 0.184788 0.040507 -0.985198 0.171385 0.003555 -0.985149 0.171690 -0.001871 -0.943832 0.326937 0.047885 -0.941573 0.329183 0.071260 -0.391929 0.892607 0.222811 -0.401913 0.900927 0.163693 -0.943777 0.315538 0.098590 -0.983097 0.174765 0.054559 -0.944636 0.313356 0.097313 -0.892674 0.420268 0.162814 -0.901516 0.413541 0.127488 -0.381689 0.862982 0.331023 -0.448582 0.790350 0.417277 -0.994625 0.097661 -0.034410 -0.987305 0.151844 0.046604 -0.970290 -0.114365 -0.213210 -0.928834 -0.164515 -0.331968 -0.974872 0.221165 0.026661 -0.984497 0.175217 -0.008029 -0.983634 0.180151 -0.003117 -0.943380 0.331612 -0.008171 -0.948723 0.316051 0.006036 -0.407278 0.910031 -0.077252 -0.884603 0.465666 -0.025167 -0.872680 0.486571 -0.040981 -0.274557 0.944810 -0.178755 -0.261231 0.936025 -0.235829 -0.913665 0.406023 -0.018993 -0.935352 0.353527 -0.011603 -0.532568 0.205937 -0.820951 -0.530284 0.209310 -0.821577 -0.462530 0.212296 -0.860812 -0.465857 0.212955 -0.858852 -0.379473 0.138407 -0.914792 -0.418451 0.068886 -0.905623 -0.897164 -0.196681 -0.395490 -0.855537 -0.221675 -0.467885 -0.483315 0.008087 -0.875409 -0.928290 -0.203537 -0.311210 -0.862876 -0.344812 -0.369527 -0.048276 0.729671 -0.682092 -0.551740 0.310288 -0.774148 -0.610685 0.238600 -0.755072 -0.411797 0.216822 -0.885105 -0.414823 0.218450 -0.883290 
						-0.427295 0.216124 -0.877901 -0.412663 0.232808 -0.880630 -0.520431 0.238646 -0.819878 -0.422204 0.207727 -0.882379 -0.841926 -0.283091 -0.459369 -0.854304 -0.357548 -0.377260 -0.482058 0.285659 -0.828263 -0.517952 0.235238 -0.822429 -0.830029 -0.381331 -0.406987 -0.606484 0.233417 -0.760061 0.248214 -0.507375 0.825203 0.292604 -0.435662 0.851223 0.369786 -0.360972 0.856129 0.365276 -0.405346 0.838015 -0.571135 0.298978 -0.764472 -0.572564 0.307205 -0.760129 -0.575920 0.234808 -0.783059 -0.576711 0.228375 -0.784378 -0.528856 -0.030674 -0.848157 -0.943918 -0.202523 -0.260774 -0.540371 -0.041578 -0.840399 -0.952852 -0.165087 -0.254595 -0.375990 0.297447 -0.877586 -0.248003 0.183155 -0.951288 -0.389210 0.249763 -0.886642 -0.382653 0.424261 -0.820719 -0.453034 -0.068892 -0.888827 -0.357686 -0.008538 -0.933803 -0.902832 -0.194409 -0.383535 -0.938372 -0.094365 -0.332495 -0.345785 0.268644 -0.899035 -0.715468 -0.509586 -0.477942 -0.901472 0.199465 -0.384138 -0.726659 -0.597460 -0.339130 -0.391509 -0.020217 -0.919952 -0.383700 0.117123 -0.916000 -0.307368 -0.554297 -0.773485 -0.361253 -0.369284 -0.856228 0.229781 -0.341534 -0.911348 0.267370 -0.449218 -0.852477 0.074463 0.092285 -0.992944 0.164066 -0.338935 -0.926394 -0.412832 0.443692 -0.795429 -0.432215 0.400419 -0.807994 -0.507705 0.406448 -0.759629 -0.502149 0.395022 -0.769287 -0.512520 -0.042645 -0.857615 -0.952484 -0.110120 -0.283984 -0.335515 0.599555 -0.726611 -0.347359 0.549517 -0.759851 -0.127945 0.710610 -0.691855 -0.213288 0.618440 -0.756333 -0.106482 0.402857 -0.909048 -0.037404 0.415545 -0.908803 -0.807636 -0.031423 -0.588844 -0.251853 -0.777636 -0.576065 -0.463221 -0.717594 -0.520082 0.220748 -0.738348 -0.637270 -0.318300 0.636948 -0.702127 -0.294470 0.674098 -0.677407 -0.249934 -0.716355 -0.651435 0.325642 -0.577571 -0.748578 -0.934220 -0.088270 0.345603 -0.942957 -0.008370 0.332811 
						-0.197601 0.398642 0.895566 -0.379666 -0.210627 0.900827 -0.841954 -0.333335 -0.424265 -0.999150 -0.027439 -0.030760 -0.875817 0.287425 0.387726 -0.495959 0.613380 0.614646 -0.996352 0.010597 0.084679 -0.994937 0.040771 0.091857 -0.614119 0.130354 0.778373 -0.523735 0.248593 0.814802 -0.952497 -0.008684 0.304424 -0.483133 -0.304341 0.820950 -0.999825 -0.003015 0.018453 -0.441474 0.435745 0.784364 0.931879 0.146931 -0.331681 0.532660 0.533119 -0.657311 0.583930 0.302301 -0.753419 0.949920 0.144702 -0.276973 -0.994187 0.081127 0.070783 -0.994296 0.087729 0.060657 -0.674561 0.019721 0.737956 -0.657739 0.071780 0.749818 -0.995192 0.070948 0.067517 -0.991599 0.062888 0.113033 -0.651051 -0.144068 0.745236 -0.678152 -0.051204 0.733136 -0.950065 -0.306458 0.058819 -0.870086 -0.479483 -0.114221 -0.765003 0.251346 -0.592955 -0.771599 0.288546 -0.566900 -0.976877 0.045179 0.208972 -0.578200 -0.242983 0.778874 -0.957550 -0.226941 0.177754 -0.813081 0.206631 -0.544245 -0.985747 -0.126507 0.110897 -0.934497 -0.271002 0.230810 -0.848766 0.328065 -0.414692 -0.578282 0.812174 0.077223 -0.620575 -0.712199 -0.328115 -0.560964 -0.518398 -0.645432 -0.371027 -0.067648 -0.926155 -0.756940 0.129273 -0.640571 -0.690711 0.060456 -0.720600 -0.940576 -0.239146 0.241093 -0.836607 0.239192 -0.492825 -0.881507 0.219248 -0.418183 -0.908041 0.111364 -0.403805 -0.745094 -0.378517 -0.549145 -0.565784 -0.442568 -0.695717 -0.665546 -0.251003 -0.702884 -0.767858 -0.079083 -0.635720 -0.767282 0.038801 -0.640135 -0.749743 0.096114 -0.654711 -0.754343 0.126849 -0.644109 -0.782268 0.181384 -0.595950 -0.521436 -0.376043 0.765961 -0.560390 -0.499997 0.660278 -0.542880 -0.683601 0.487823 -0.830220 0.227248 -0.509012 -0.300304 -0.925377 0.231289 -0.349293 -0.550830 0.758011 -0.425894 -0.875988 0.226403 -0.381857 -0.923955 0.022173 -0.446108 -0.358480 0.820049 
						-0.326777 0.211992 0.921019 -0.445713 0.131370 0.885484 0.319932 0.069850 0.944862 0.377661 0.013490 0.925845 -0.562546 -0.233512 0.793104 0.165485 0.251221 0.953679 -0.288483 0.050771 0.956138 -0.333705 0.037960 0.941913 0.430377 0.310543 0.847548 0.427278 0.504863 0.750031 -0.387830 0.081047 0.918161 0.350597 0.168878 0.921174 0.055039 0.420035 0.905838 -0.306302 0.072409 0.949176 -0.397847 0.139601 0.906768 0.329481 0.106218 0.938168 -0.380079 0.180314 0.907208 0.332216 0.068897 0.940684 -0.059497 -0.357389 0.932059 -0.141309 0.650420 0.746315 -0.054629 0.510816 0.857952 -0.568146 0.667488 0.481321 -0.232296 0.642477 0.730248 -0.676656 0.619638 0.397725 -0.183599 0.620367 0.762520 -0.636570 0.624392 0.452673 -0.329293 0.215149 0.919390 0.352421 0.029724 0.935369 -0.122303 0.535886 0.835385 -0.613222 0.609553 0.502399 -0.622940 0.173931 0.762689 -0.577970 0.608508 0.543755 -0.211391 0.763820 -0.609830 -0.165194 0.779080 -0.604768 0.436455 0.773838 -0.459001 0.382515 0.797852 -0.465955 -0.763377 -0.531023 -0.367790 -0.807159 -0.356298 -0.470687 -0.067580 -0.823673 -0.563024 0.112501 -0.592950 -0.797342 0.403579 0.183168 -0.896422 0.404989 0.179790 -0.896470 0.411777 0.153724 -0.898225 0.409022 0.153295 -0.899557 -0.374969 -0.034700 -0.926388 -0.461537 -0.286970 -0.839424 0.926663 0.029711 -0.374716 0.922293 -0.016172 -0.386154 0.414879 0.247022 -0.875703 0.413724 0.226696 -0.881726 0.345637 0.815866 -0.463571 0.355318 0.794829 -0.491931 0.467997 0.716112 -0.517845 0.464766 0.773597 -0.430744 0.943934 0.015255 -0.329782 -0.229609 0.869771 -0.436781 -0.265771 0.748186 -0.607934 0.375858 0.799700 -0.468200 0.772635 0.429953 -0.467093 0.716296 0.438752 -0.542602 0.556045 0.245100 -0.794191 0.551318 0.252225 -0.795255 0.868646 0.495142 0.017005 0.344432 0.930147 0.127249 
						0.392521 0.148356 -0.907699 0.396815 0.147659 -0.905944 0.354746 0.138397 -0.924663 0.367802 0.141776 -0.919033 0.907583 0.170915 -0.383512 0.921181 0.090126 -0.378554 0.408915 0.153765 -0.899525 0.280408 0.110800 -0.953465 0.190744 0.113704 -0.975032 0.460962 0.238961 -0.854641 0.157377 0.101218 -0.982338 0.499784 0.377932 -0.779348 -0.415666 -0.375174 0.828533 -0.455180 -0.536866 0.710343 -0.434549 -0.542774 0.718723 -0.425430 -0.554680 0.715080 0.824905 0.565140 -0.012205 0.651352 0.702501 -0.286765 0.917207 0.297388 -0.265126 0.447289 0.300159 -0.842518 0.451845 0.254341 -0.855071 0.961255 0.175001 -0.212986 -0.203485 -0.272276 -0.940457 -0.975512 0.219902 0.004422 -0.965217 0.261444 -0.001853 -0.975698 0.213405 0.049717 -0.613801 0.778320 -0.132160 -0.837685 0.500049 -0.219624 -0.873151 0.410183 -0.263358 0.416442 0.753876 -0.508180 -0.184499 0.959157 -0.214425 0.175184 0.342846 -0.922912 0.237078 0.316361 -0.918537 0.324848 0.289615 -0.900331 -0.907542 0.238704 -0.345526 -0.906081 -0.109111 -0.408794 0.426780 0.370597 -0.824934 0.195251 0.400244 -0.895367 0.163682 0.363550 -0.917082 0.156625 0.665049 -0.730191 0.252094 0.568140 -0.783368 0.277156 0.504982 -0.817421 0.245781 0.453142 -0.856886 -0.994332 0.105148 0.015718 -0.990838 0.038971 0.129314 -0.989555 0.142411 0.022360 0.032787 0.000795 0.999462 0.023331 -0.015547 0.999607 0.047071 0.090698 0.994765 0.073222 0.151965 0.985670 0.007734 -0.121715 0.992535 0.006748 -0.113208 0.993548 -0.081365 -0.552804 0.829330 -0.083800 -0.540852 0.836933 0.222711 0.007226 0.974858 -0.016104 -0.396328 0.917968 0.006632 -0.092360 0.995704 0.005330 -0.149087 0.988810 0.002672 -0.218130 0.975916 0.029115 0.091606 0.995370 0.016585 -0.003716 0.999856 0.007020 -0.174665 0.984603 0.010677 -0.184181 0.982834 0.005538 -0.265928 0.963977 
						0.005301 -0.238743 0.971068 -0.057292 -0.484705 0.872799 -0.011484 -0.327123 0.944912 -0.035368 -0.460954 0.886719 -0.015175 -0.334700 0.942202 -0.004644 -0.350229 0.936653 -0.045160 -0.464828 0.884249 -0.050730 -0.451462 0.890847 -0.099675 -0.525562 0.844896 -0.302384 -0.774166 0.556085 -0.049907 -0.531606 0.845520 -0.043485 -0.601856 0.797420 -0.074088 -0.569554 0.818608 -0.003223 -0.271311 0.962486 -0.004034 -0.023260 0.999721 0.028944 0.123798 0.991885 0.034568 0.140596 0.989463 0.059253 0.149489 0.986986 0.065698 0.178422 0.981758 0.082244 0.222924 0.971360 0.263089 0.477031 0.838585 0.149550 0.328261 0.932673 0.059143 0.157562 0.985736 0.076516 0.204100 0.975955 0.496670 -0.321583 0.806166 0.489510 -0.322373 0.810220 0.543532 -0.295922 0.785495 0.548623 -0.293895 0.782712 0.485603 -0.405385 0.774501 -0.262282 -0.621092 0.738548 -0.250619 -0.563114 0.787460 0.509999 -0.435042 0.742051 -0.197784 -0.523276 0.828893 0.554661 -0.436219 0.708565 0.708385 -0.347612 0.614294 0.660424 -0.438870 0.609290 0.973570 0.156091 0.166722 0.975055 0.201932 0.092149 0.375869 -0.737485 0.561104 0.158925 -0.819056 0.551263 0.484917 -0.365510 0.794517 0.498630 -0.342688 0.796199 0.463250 -0.341246 0.817894 0.465154 -0.344764 0.815334 0.592617 -0.344573 0.728062 -0.025262 -0.745143 0.666426 -0.187713 -0.687219 0.701780 0.515932 -0.375523 0.769933 0.592563 -0.344489 0.728146 0.562910 -0.418029 0.713011 0.669971 -0.293492 0.681910 0.048843 -0.718551 0.693757 -0.384920 0.901688 -0.196966 -0.640843 0.638308 0.426477 0.582476 -0.291528 0.758771 0.580755 -0.296412 0.758198 0.571286 -0.352263 0.741312 0.569758 -0.343758 0.746462 -0.161555 -0.498221 0.851866 0.581713 -0.437123 0.685954 -0.178828 -0.480409 0.858619 0.560739 -0.470447 0.681360 0.377146 -0.401959 0.834380 0.393083 -0.331256 0.857762 
						0.327507 -0.273665 0.904349 0.424248 -0.332657 0.842231 0.403156 -0.538794 0.739707 -0.316438 -0.438699 0.841077 -0.284835 -0.507357 0.813300 0.400051 -0.466353 0.788970 -0.056390 -0.710358 0.701578 0.364338 -0.303062 0.880574 0.383792 -0.115566 0.916160 0.375819 0.264039 0.888281 0.183725 -0.921999 0.340827 0.649513 -0.756944 0.071894 0.604248 -0.796794 0.001934 0.119364 -0.958147 0.260204 0.348910 -0.901046 -0.257637 0.562886 -0.644000 -0.518097 0.415280 -0.430232 0.801526 0.431527 -0.402618 0.807269 0.499592 -0.411320 0.762380 0.506669 -0.413125 0.756713 -0.245472 -0.459237 0.853724 0.486419 -0.520663 0.701646 0.387801 -0.281937 0.877566 0.392309 -0.186961 0.900633 0.199472 -0.337137 0.920081 0.205647 -0.362991 0.908816 0.393089 -0.753234 0.527371 0.168235 -0.376457 0.911031 0.631716 -0.674146 0.382704 0.167730 -0.649460 0.741666 0.691712 -0.692566 0.204662 0.237184 -0.828672 0.506997 0.448221 0.328504 -0.831374 0.922472 -0.035774 0.384403 0.906931 0.337961 0.251512 0.891449 0.155149 -0.425732 0.892131 0.334268 0.303921 0.591795 -0.513716 -0.621188 0.671958 -0.513086 -0.534055 0.985283 0.117902 0.123756 0.655661 -0.139156 -0.742121 0.852308 0.278781 0.442552 0.777199 0.154143 0.610084 0.631536 -0.032277 -0.774674 0.473832 0.389385 -0.789850 0.877579 -0.180306 0.444235 0.657102 -0.321777 -0.681672 0.898150 0.330153 0.290390 0.077716 0.981222 -0.176529 0.227074 0.861825 -0.453536 0.643497 0.023983 -0.765073 0.747047 0.041954 0.663446 0.744110 -0.002223 0.668054 0.656837 0.067153 -0.751037 0.648320 0.127796 -0.750566 0.736170 -0.040317 0.675595 0.752177 -0.128850 0.646241 0.613307 0.217970 -0.759173 0.964003 0.250894 -0.088040 0.652672 0.358369 -0.667526 0.607856 0.456453 -0.649740 0.890023 0.446387 0.092721 0.551324 0.319028 -0.770884 0.813864 -0.196595 0.546787 
						0.966114 0.153997 -0.207145 0.554387 0.333939 -0.762325 0.929455 0.083570 -0.359345 0.722721 0.668362 -0.175973 0.625341 0.709211 0.325529 0.557558 0.636378 -0.533060 0.547240 0.612261 -0.570671 0.568777 -0.205569 -0.796388 0.851025 -0.097129 0.516064 0.812745 -0.089701 0.575673 0.740774 0.037405 0.670712 0.872207 -0.469039 -0.138775 0.930198 -0.219528 0.294176 0.582321 0.279497 0.763403 0.442221 0.530220 0.723400 0.890153 -0.081440 0.448325 0.423533 0.540002 -0.727336 0.920283 0.257793 -0.294317 0.895044 0.347713 -0.279272 0.412631 0.504920 -0.758150 0.756375 0.594478 -0.272932 0.458620 0.416187 -0.785147 0.048078 0.328160 -0.943398 0.493218 0.541983 -0.680434 0.664133 0.549982 -0.506407 0.144363 0.417457 -0.897156 0.817969 0.464042 -0.339988 0.264911 0.481010 -0.835734 0.036528 0.236396 -0.970970 0.649579 0.639847 -0.410662 0.881269 0.375674 -0.286766 0.345908 0.504568 -0.791049 0.909807 0.314848 -0.270412 0.390566 0.516059 -0.762326 0.335754 0.858090 -0.388523 0.630445 0.448906 -0.633263 -0.082806 0.837807 -0.539650 0.490979 0.740591 -0.458764 -0.215936 0.793597 -0.568837 0.332609 0.845984 -0.416751 -0.213112 0.803510 -0.555837 0.363193 0.830938 -0.421465 0.926883 0.260021 -0.270696 0.415800 0.534346 -0.735924 -0.193871 0.823943 -0.532476 0.412867 0.803264 -0.429310 -0.149587 0.934625 -0.322644 -0.548078 0.835859 -0.030820 -0.937243 -0.258362 0.234148 -0.945605 -0.178133 0.272214 -0.370870 0.573763 0.730240 -0.895465 0.008937 0.445043 -0.409436 -0.221803 0.884966 -0.407730 -0.220714 0.886026 -0.410404 -0.212139 0.886885 -0.412566 -0.215024 0.885186 -0.890307 -0.409012 0.200156 0.370248 -0.230014 0.900005 0.374694 -0.302814 0.876303 -0.416656 -0.257276 0.871898 -0.417469 -0.271904 0.867057 -0.418976 -0.579142 0.699324 -0.418836 -0.577500 0.700763 -0.476707 -0.570378 0.668895 
						-0.472988 -0.568950 0.672739 0.343385 -0.346658 0.872877 -0.910787 -0.152279 0.383767 -0.916066 -0.324667 0.235402 -0.603698 -0.449782 0.658213 -0.619151 -0.447048 0.645601 -0.535212 -0.313953 0.784208 -0.542928 -0.302000 0.783598 0.069730 -0.043020 0.996638 -0.602990 0.189956 0.774803 -0.390118 -0.234539 0.890393 -0.387305 -0.231841 0.892325 -0.344905 -0.253759 0.903685 -0.331509 -0.254852 0.908379 0.404033 -0.107368 0.908421 0.387341 -0.178790 0.904434 -0.226559 -0.243485 0.943073 -0.358316 -0.284054 0.889338 -0.388956 -0.330062 0.860100 -0.131847 -0.203737 0.970107 -0.465713 -0.476894 0.745442 -0.108928 -0.160723 0.980970 -0.039790 -0.101606 0.994029 0.143309 0.169794 0.975004 0.286357 -0.038459 0.957351 -0.449045 -0.288503 0.845650 -0.446170 -0.325544 0.833639 0.281993 -0.278956 0.917967 0.076728 0.068228 0.994715 -0.547882 -0.681316 0.485422 -0.558742 -0.711575 0.425992 0.036882 0.121206 0.991942 -0.188995 -0.572545 0.797792 -0.200546 -0.379644 0.903134 -0.343815 -0.195580 0.918444 -0.398309 -0.271669 0.876097 -0.398829 -0.219531 0.890360 0.804362 0.066535 0.590403 0.183407 0.307543 0.933691 0.988036 -0.093240 0.122850 0.961560 -0.234253 0.143278 0.918974 -0.328555 0.218031 -0.393131 -0.152538 0.906742 -0.412140 -0.041704 0.910166 0.897944 -0.274012 0.344403 0.971679 0.053230 0.230229 0.986556 0.006141 0.163305 0.929988 0.091313 0.356068 0.902353 0.133612 0.409764 0.918182 0.120791 0.377294 0.947042 0.085757 0.309446 0.417351 0.783345 -0.460640 0.009234 0.043810 0.998997 -0.048672 -0.742934 0.667592 -0.095827 -0.701539 0.706159 -0.000116 -0.394037 0.919095 -0.454354 0.268446 0.849411 -0.159003 0.728315 -0.666540 -0.990900 0.133746 0.015121 -0.981984 0.006981 0.188834 -0.959942 0.234322 0.153635 0.906546 0.348612 -0.237998 0.930495 0.362719 0.051121 0.725192 0.562582 -0.396985 
						0.917816 0.391137 0.068011 0.909360 0.413692 0.043845 0.906029 0.422993 0.013731 0.922005 0.387178 0.001038 0.960811 0.252703 0.113948 0.943989 0.256784 0.207234 0.129959 -0.625093 0.769656 -0.804057 -0.386960 -0.451392 -0.441278 -0.439481 0.782388 -0.290650 -0.340981 0.894010 -0.109966 0.228932 0.967211 -0.360928 -0.123618 0.924364 -0.392819 -0.189899 0.899795 -0.424990 -0.355362 0.832527 0.541838 -0.315850 -0.778878 0.641309 -0.226649 -0.733044 -0.923214 -0.262844 -0.280338 0.496408 -0.254896 -0.829823 0.641128 0.069343 -0.764295 0.654500 0.120482 -0.746401 0.629924 -0.014919 -0.776513 0.653401 -0.122777 -0.746989 -0.720472 0.544721 0.429184 0.644826 0.185306 -0.741526 0.606623 0.300066 -0.736186 -0.607582 0.252946 -0.752902 -0.040492 0.310917 -0.949574 0.542889 0.412411 -0.731566 0.469002 0.453513 -0.757868 0.887076 -0.453755 -0.084867 0.926374 -0.271158 0.261353 0.579926 -0.245199 -0.776893 0.448841 0.318124 -0.835068 0.891109 -0.176285 0.418149 0.853653 -0.212084 0.475706 0.434999 -0.898278 -0.062236 -0.179608 -0.975884 0.124066 0.701719 -0.695025 0.156625 0.793284 -0.474123 0.381979 0.824193 -0.316353 0.469709 -0.710839 0.304996 0.633786 0.549817 0.714229 -0.433103 -0.032340 0.193641 0.980539 -0.622638 0.439308 0.647558 -0.776276 0.469679 0.420472 -0.723660 0.557409 0.406954 -0.675330 0.593650 0.437616 0.688031 0.592421 -0.419106 -0.086778 0.362133 0.928078 -0.041819 -0.312105 0.949127 -0.081041 -0.120156 -0.989442 -0.860396 -0.317561 -0.398590 -0.300709 0.886389 -0.351978 -0.158289 -0.421592 -0.892863 -0.167109 -0.395529 -0.903123 -0.301804 0.883565 -0.358089 0.453138 0.338427 -0.824702 0.912067 -0.062286 0.405283 0.787600 0.271572 -0.553114 0.996389 0.070433 0.047422 0.443046 0.342669 -0.828425 0.996055 0.076721 0.044581 0.444343 0.322756 -0.835696 -0.888453 0.093503 -0.449342 
						-0.889973 0.081618 -0.448651 0.456373 0.333729 -0.824832 -0.193651 -0.408349 -0.892048 0.183952 -0.982097 -0.040588 0.164291 -0.983502 -0.075714 -0.182032 -0.411961 -0.892834 0.078736 -0.939193 -0.334242 -0.019124 -0.780102 -0.625360 0.083264 -0.943337 -0.321220 -0.035324 -0.783983 -0.619777 0.161520 -0.986009 -0.041190 0.151519 -0.984079 -0.092905 0.186427 -0.980372 -0.064151 0.020929 -0.864764 -0.501741 0.159821 -0.986327 -0.040197 0.089833 -0.940200 -0.328565 0.323107 0.148835 -0.934585 -0.864850 0.276021 -0.419341 0.649022 -0.602798 -0.464117 0.782690 -0.427045 -0.452802 -0.615838 -0.786649 -0.043891 -0.570925 -0.817817 -0.072252 -0.205238 0.977395 0.050750 0.012823 -0.764798 -0.644143 0.022791 -0.783762 -0.620643 -0.203057 0.977349 0.059631 0.879841 -0.105176 0.463485 0.818908 0.264170 -0.509514 0.807042 -0.367810 -0.461951 0.634381 -0.600603 -0.486659 -0.620035 -0.781690 -0.067212 -0.588322 -0.803781 -0.088393 0.906199 -0.096566 0.411677 0.788818 0.280439 -0.546919 0.783645 0.281837 -0.553596 0.997119 0.062451 0.043060 0.878429 -0.090434 0.469238 0.855409 -0.106306 0.506927 0.536788 0.314288 -0.782996 0.780774 0.260447 -0.567943 0.877531 -0.082068 0.472445 -0.432799 -0.359805 0.826575 -0.343266 -0.553542 0.758788 0.779702 0.087016 0.620075 0.903794 -0.108954 0.413866 -0.402439 -0.322835 0.856633 0.956606 -0.051876 0.286730 0.752544 0.290317 -0.591096 -0.259981 -0.706886 0.657816 0.696756 0.207720 0.686574 0.777295 -0.407992 -0.478911 0.820281 -0.333898 -0.464382 0.936876 0.210444 -0.279243 0.937256 0.205974 -0.281295 0.929890 0.195682 -0.311469 0.946578 0.177779 -0.269046 0.537866 0.368348 -0.758300 0.992261 0.011391 0.123646 0.715449 0.698467 0.016619 0.691614 0.721379 0.035804 0.295327 -0.863151 0.409576 -0.154341 -0.501509 -0.851274 -0.118654 -0.635729 -0.762739 0.298046 -0.905518 0.302003 
						0.244001 -0.898796 0.364183 -0.033804 -0.655118 -0.754770 -0.537038 0.836668 -0.107596 0.148748 -0.405613 -0.901860 -0.143477 -0.499166 -0.854545 -0.264353 0.947913 -0.177703 -0.417690 -0.546435 -0.725909 0.032980 0.962137 -0.270563 0.180799 -0.982794 0.037795 0.025254 -0.859485 -0.510537 0.554808 0.630304 -0.543051 -0.818081 -0.268671 -0.508487 -0.870093 -0.118732 -0.478373 0.474053 0.508953 -0.718499 -0.985536 -0.162904 -0.046696 0.787990 0.326555 -0.521952 -0.033694 0.762101 0.646581 0.213215 -0.972862 -0.089881 0.217061 -0.973366 -0.073780 -0.039599 0.773342 0.632751 0.932524 -0.211195 0.292909 -0.499532 -0.207930 0.840971 -0.477265 -0.002674 0.878755 0.922321 -0.362834 0.132952 0.369975 0.369769 -0.852285 0.940103 -0.055896 0.336276 0.992280 0.099790 0.073634 -0.820019 -0.300463 0.487125 0.235084 0.004011 -0.971967 -0.832380 0.445525 -0.329621 0.024059 0.779092 0.626447 0.174670 -0.981730 -0.075478 0.184612 -0.981956 -0.041007 0.015172 0.794928 0.606515 -0.152221 -0.379010 -0.912787 0.147068 -0.986196 -0.076087 -0.777296 0.622814 0.088960 -0.614348 -0.710697 -0.342763 -0.624307 -0.702549 -0.341563 -0.772511 0.628355 0.091629 0.773986 -0.624852 -0.102498 0.772775 -0.627983 -0.091955 -0.172541 -0.920779 -0.349850 -0.189135 -0.920784 -0.341153 0.110349 -0.944212 -0.310302 0.416976 -0.881639 -0.221005 -0.582216 0.134130 -0.801894 -0.812206 -0.278734 0.512473 -0.808065 -0.302266 0.505635 -0.573418 0.167110 -0.802039 -0.804362 -0.291277 0.517841 0.148615 -0.277412 0.949187 -0.436851 -0.334681 0.834955 0.605672 -0.146488 0.782114 -0.810890 -0.286975 0.510002 0.156311 -0.268499 0.950513 0.582181 -0.165198 0.796100 -0.478239 -0.322292 0.816955 0.111074 -0.295228 0.948948 -0.463526 -0.329450 0.822561 -0.815482 -0.270358 0.511757 0.515121 -0.203283 0.832662 0.108122 -0.289376 0.951090 -0.809774 -0.293666 0.507963 
						-0.639901 -0.097769 -0.762213 -0.849030 -0.082071 0.521932 0.492065 0.364372 -0.790636 0.174778 -0.325608 0.929210 0.146147 -0.330678 0.932359 0.450127 0.367386 -0.813887 -0.423001 0.875853 0.232276 -0.168476 -0.916162 -0.363681 -0.191397 -0.910632 -0.366220 -0.460392 0.860213 0.219253 0.130024 -0.943257 -0.305550 0.459838 -0.858989 -0.225138 -0.171970 0.352051 -0.920047 -0.485838 -0.370711 0.791539 -0.419008 -0.377372 0.825846 -0.144222 0.356282 -0.923181 0.742944 -0.666953 -0.056637 -0.174542 -0.915315 -0.362951 -0.181960 -0.915245 -0.359467 -0.179076 -0.914098 -0.363809 0.117899 -0.947254 -0.298008 -0.211711 -0.910010 -0.356455 0.379369 -0.897630 -0.224366 -0.179136 -0.922209 -0.342695 0.140170 -0.939744 -0.311822 0.141099 -0.937451 -0.318239 0.179002 -0.772983 -0.608650 0.174454 -0.799715 -0.574475 0.003700 -0.894285 0.447482 -0.002577 -0.879557 0.475786 -0.581349 -0.719327 -0.380265 0.574867 -0.809499 -0.119328 0.214741 -0.316506 -0.923965 0.214771 -0.305124 -0.927778 0.156497 -0.353836 -0.922122 0.158582 -0.272771 -0.948919 0.141179 0.313577 -0.939009 0.141431 0.310293 -0.940061 -0.700109 -0.634649 -0.327212 0.644321 -0.748925 -0.154795 -0.623101 -0.715282 -0.316412 0.570670 -0.795912 -0.202140 0.073142 0.808002 -0.584622 0.067513 0.830748 -0.552539 -0.126553 -0.324038 0.937541 -0.154825 -0.324873 0.932999 0.349487 -0.266871 0.898131 -0.669664 -0.286339 0.685245 0.431076 -0.236239 0.870841 -0.650112 -0.308707 0.694302 -0.672669 0.611404 0.416774 -0.475230 -0.632246 -0.611900 -0.537963 -0.770651 -0.341603 -0.643498 0.750713 0.149467 -0.546877 -0.836174 -0.041690 -0.581654 0.799076 -0.152171 0.590264 -0.145532 0.793983 -0.764350 -0.311139 0.564767 0.256762 -0.421337 -0.869798 0.256760 -0.425098 -0.867967 0.217474 -0.837941 -0.500560 0.217474 -0.837934 -0.500571 0.076005 -0.953754 0.290821 0.015540 -0.852359 0.522726 
						0.186242 0.903767 0.385383 0.419920 -0.872262 -0.250651 0.434570 -0.866537 -0.245483 0.168083 0.908160 0.383398 0.755769 0.116668 -0.644362 0.506491 -0.026019 0.861852 0.464726 0.179470 0.867076 0.686068 -0.077480 -0.723400 -0.255291 -0.904602 -0.341353 0.320885 -0.908688 -0.267057 0.487693 0.342389 -0.803073 0.114061 -0.301147 0.946731 -0.652781 -0.262882 -0.710472 -0.831182 0.110130 0.544985 0.168502 0.930974 0.323875 0.391019 -0.894212 -0.217918 0.467709 -0.862146 -0.194815 0.197043 0.924397 0.326595 0.591807 -0.181870 0.785295 -0.443168 -0.318796 0.837837 -0.373747 -0.493726 -0.785206 -0.370874 -0.517987 -0.770806 -0.098598 0.859182 -0.502080 -0.117842 0.832071 -0.542006 -0.896338 0.213229 -0.388731 0.373218 0.168893 -0.912241 -0.616030 0.249230 -0.747256 -0.002616 0.217379 -0.976084 -0.908861 0.213937 -0.358054 -0.036729 0.223847 -0.973932 -0.126961 -0.976983 -0.171420 -0.135307 -0.972391 -0.190126 -0.348934 -0.503860 -0.790171 -0.349979 -0.509710 -0.785946 -0.422670 -0.139322 0.895511 0.614647 -0.251624 0.747592 0.050844 -0.228628 0.972185 0.911515 -0.191329 0.364051 -0.411396 -0.138514 0.900870 0.628786 -0.244135 0.738259 0.913534 -0.208531 0.349242 0.018594 -0.211574 0.977185 0.605743 -0.259634 0.752107 0.046922 -0.212084 0.976124 -0.399831 -0.122950 0.908305 0.864620 -0.248653 0.436582 0.606387 -0.266772 0.749084 -0.407844 -0.112557 0.906087 0.008000 -0.992344 0.123246 -0.018697 -0.997508 0.068026 -0.359307 -0.599664 -0.715053 -0.389308 -0.402159 -0.828678 0.148270 -0.858049 0.491699 0.129571 -0.876690 0.463278 -0.135200 0.938248 0.318453 -0.436021 -0.895480 -0.089452 -0.431475 -0.897448 -0.091740 -0.181011 0.925656 0.332258 0.408808 0.136970 -0.902283 -0.605865 0.252160 -0.754548 -0.612759 0.310668 -0.726644 -0.003185 -0.255400 0.966830 0.054842 -0.255239 0.965321 -0.595283 0.301060 -0.744984 
						0.386753 0.139084 -0.911635 -0.614608 0.252969 -0.747171 -0.641907 0.256382 -0.722650 -0.040092 0.207615 -0.977389 0.407017 0.125677 -0.904733 0.463922 0.130487 -0.876213 -0.875233 0.220398 -0.430571 -0.644954 0.248827 -0.722578 -0.146995 -0.963636 -0.223156 -0.145072 -0.964982 -0.218551 -0.264987 -0.823313 -0.501935 -0.255956 -0.839821 -0.478736 0.151382 -0.855110 0.495854 0.160824 -0.844144 0.511427 0.247133 0.152840 -0.956852 -0.701124 0.251804 -0.667098 -0.375179 -0.388644 -0.841544 -0.376075 -0.379909 -0.845125 -0.420697 -0.416072 -0.806163 -0.426419 -0.343290 -0.836851 -0.384084 0.239352 -0.891734 -0.383542 0.241997 -0.891254 -0.372947 0.249081 -0.893795 -0.386506 0.250772 -0.887540 -0.844828 0.261534 -0.466760 0.036311 0.187308 -0.981630 -0.196614 0.756593 -0.623627 -0.178749 0.785361 -0.592670 0.396865 -0.254911 0.881770 0.371409 -0.252015 0.893613 0.770502 -0.267692 0.578504 -0.187803 -0.153635 0.970117 0.824617 -0.250329 0.507289 -0.168421 -0.178098 0.969492 -0.262428 0.720495 0.641886 -0.791345 -0.588957 -0.164017 -0.702402 -0.703196 0.110212 -0.377136 0.840650 0.388684 -0.546159 -0.751482 0.370116 -0.492445 0.864568 0.100101 0.917203 -0.196784 0.346430 -0.320290 -0.151196 0.935176 -0.712407 0.552816 -0.432285 -0.361144 -0.461444 0.810336 -0.364667 -0.316523 0.875689 -0.849529 0.386426 -0.359132 0.054133 -0.274013 0.960201 -0.625883 0.294249 -0.722280 0.464467 0.880208 0.097494 0.107427 -0.938629 -0.327773 0.126417 -0.934245 -0.333475 0.449984 0.886854 0.104902 0.273105 -0.034766 -0.961356 0.895007 -0.065643 0.441195 0.885952 0.140442 0.442002 0.151274 -0.224837 -0.962582 -0.934844 0.219204 -0.279314 0.283307 0.143105 -0.948292 -0.031776 0.223622 -0.974158 0.607146 -0.275728 0.745216 0.259509 -0.756218 0.600657 0.234784 -0.797630 0.555573 0.400096 0.913266 0.076601 0.141958 -0.948741 -0.282378 
						0.197626 -0.933584 -0.298938 0.430698 0.900342 0.062324 0.903394 -0.211629 0.372950 0.048576 -0.213575 0.975718 -0.724847 -0.489204 -0.485052 -0.645825 0.759447 0.078419 -0.612879 0.783656 0.101311 -0.703141 -0.516667 -0.488517 0.455844 -0.334502 0.824811 0.996823 -0.066245 -0.044229 0.786976 -0.267149 0.556148 0.911337 0.066937 -0.406182 0.443292 -0.339064 0.829775 0.996468 -0.071363 -0.044261 0.444339 -0.322758 0.835698 0.456374 -0.333731 0.824831 -0.889958 -0.081631 0.448677 -0.888457 -0.093502 0.449334 0.189523 -0.409928 -0.892211 0.179317 -0.408983 -0.894750 -0.169678 -0.982596 -0.075591 -0.188367 -0.981140 -0.043389 -0.085099 -0.939789 -0.330991 0.014797 -0.778102 -0.627963 -0.086653 -0.940786 -0.327740 0.029880 -0.784073 -0.619949 -0.153780 -0.983738 -0.092799 -0.161592 -0.985996 -0.041226 -0.181041 -0.981178 -0.067188 -0.018012 -0.867271 -0.497510 0.323074 -0.148847 0.934595 -0.864859 -0.276019 0.419324 -0.649020 -0.602801 -0.464116 0.570963 -0.817791 -0.072241 0.615836 -0.786650 -0.043906 -0.782712 -0.427009 -0.452797 -0.205235 -0.977396 -0.050749 -0.203055 -0.977350 -0.059627 0.022794 0.783759 0.620646 0.012828 0.764796 0.644144 0.879697 0.103579 -0.464117 0.820305 -0.258846 0.509999 -0.807054 -0.367793 -0.461944 0.588390 -0.803739 -0.088322 0.619994 -0.781722 -0.067212 -0.634407 -0.600581 -0.486653 0.905268 0.101447 -0.412550 0.788257 -0.276156 0.549898 0.997952 -0.053224 -0.035489 0.782289 -0.271285 0.560740 0.535982 -0.317521 0.782242 0.854687 0.103716 -0.508677 0.877529 0.082060 -0.472451 0.779689 -0.087017 -0.620092 -0.343264 0.553534 -0.758795 -0.432799 0.359797 -0.826578 0.903795 0.108945 -0.413867 -0.402444 0.322826 -0.856634 0.750975 -0.294453 0.591045 0.955482 0.049532 -0.290863 0.696745 -0.207716 -0.686586 -0.259988 0.706880 -0.657820 -0.780477 -0.406603 -0.474900 -0.938377 0.207649 -0.276278 
						-0.938528 0.205881 -0.277090 -0.820111 -0.338390 -0.461422 0.945258 -0.183128 0.270094 0.931540 -0.197883 0.305085 0.992232 -0.015874 -0.123386 0.539954 -0.371224 0.755409 -0.690840 0.721843 0.041008 -0.718969 0.694798 0.018439 -0.292621 -0.863700 0.410360 -0.294617 -0.906833 0.301423 0.121691 -0.637891 -0.760452 0.157707 -0.502225 -0.850234 -0.241196 -0.898653 0.366399 0.038044 -0.654491 -0.755112 -0.682410 0.729244 0.050192 -0.939049 0.206803 -0.274625 -0.939062 0.206656 -0.274692 -0.602319 0.790938 0.107839 -0.810304 -0.358646 -0.463445 -0.652305 -0.575023 -0.493809 -0.177779 -0.983135 0.042905 -0.020078 -0.858525 -0.512378 0.554823 -0.630306 0.543034 0.474058 -0.508949 0.718498 -0.870094 0.118742 0.478369 -0.818084 0.268679 0.508478 0.787987 -0.326552 0.521957 -0.985535 0.162908 0.046698 -0.080675 -0.945243 -0.316240 -0.150480 -0.984234 -0.092951 -0.033700 -0.762098 -0.646584 -0.039605 -0.773341 -0.632752 0.217055 0.973368 0.073773 0.213207 0.972864 0.089879 0.932535 0.211182 -0.292882 0.922335 0.362811 -0.132915 -0.477280 0.002676 -0.878747 -0.499486 0.207935 -0.840998 0.940006 0.052494 -0.337095 0.370415 -0.372541 0.850885 0.992280 -0.099799 -0.073624 -0.820002 0.300468 -0.487152 0.996057 -0.072436 -0.051216 0.442802 -0.346035 0.827156 0.235065 -0.004020 0.971971 -0.832383 -0.445527 0.329613 0.024057 -0.779090 -0.626451 0.015176 -0.794927 -0.606515 0.184607 0.981957 0.040999 0.174668 0.981730 0.075477 0.149286 -0.375743 -0.914620 -0.152333 -0.985405 -0.075974 -0.159662 -0.422422 -0.892227 -0.060055 0.878831 -0.473338 -0.052259 0.901307 -0.430017 -0.157714 -0.455222 -0.876299 -0.775150 -0.624153 -0.097852 0.191695 -0.921976 -0.336472 0.171789 -0.922770 -0.344942 -0.770489 -0.631188 -0.089154 -0.115028 -0.945686 -0.304050 -0.414626 -0.883825 -0.216654 -0.582237 -0.134124 0.801879 -0.573459 -0.167104 0.802010 
						-0.808046 0.302276 -0.505660 -0.812196 0.278735 -0.512488 0.619095 -0.709879 -0.335848 0.626565 -0.698054 -0.346608 -0.402789 -0.882869 -0.241460 -0.463832 -0.854858 -0.232546 -0.170290 -0.939938 -0.295834 0.168382 -0.916430 -0.363049 -0.154338 -0.941310 -0.300190 0.201469 -0.915760 -0.347555 -0.407973 -0.884059 -0.228030 -0.437028 -0.873904 -0.212833 -0.458306 -0.857839 -0.232525 0.055494 -0.942676 -0.329062 -0.639912 0.097767 0.762204 -0.849029 0.082068 -0.521934 0.492056 -0.364381 0.790637 0.450115 -0.367395 0.813890 0.146143 0.330673 -0.932361 0.174772 0.325602 -0.929214 -0.422992 -0.875856 -0.232279 -0.460393 -0.860214 -0.219250 -0.191402 0.910630 0.366221 -0.168476 0.916161 0.363681 -0.123647 -0.945387 -0.301588 -0.460322 -0.860056 -0.220018 -0.171976 -0.352053 0.920045 -0.144227 -0.356285 0.923179 -0.419006 0.377368 -0.825849 -0.485833 0.370708 -0.791543 -0.740545 -0.669838 -0.053937 0.173778 -0.917445 -0.357904 0.183786 -0.916499 -0.355321 0.180517 -0.918845 -0.350911 -0.376737 -0.897396 -0.229674 0.206774 -0.909789 -0.359900 0.814531 -0.291965 0.501295 0.821406 -0.459654 0.337654 0.655002 0.337293 -0.676170 0.583911 0.176219 -0.792461 0.788755 -0.270553 0.551966 0.608546 0.138853 -0.781275 -0.574402 -0.809170 -0.123721 0.579373 -0.719256 -0.383403 0.785558 -0.574308 0.230367 0.677084 0.491087 -0.548079 -0.160188 -0.350841 -0.922632 -0.144850 0.313397 -0.938510 -0.145050 0.310781 -0.939349 -0.162218 -0.275630 -0.947477 -0.644840 -0.747760 -0.158227 0.699677 -0.633697 -0.329970 -0.572513 -0.793760 -0.205362 0.624033 -0.713181 -0.319305 -0.070692 0.832520 -0.549467 -0.077252 0.806243 -0.586519 -0.809364 -0.582818 -0.072479 -0.749849 -0.648448 -0.131310 0.407421 -0.848903 -0.336708 0.536967 -0.768529 -0.347893 -0.758652 -0.648817 -0.059022 0.330098 -0.853327 -0.403571 -0.673657 -0.608465 -0.419471 -0.644080 -0.749456 -0.153221 
						-0.538560 0.771925 0.337765 -0.474768 0.635276 0.609114 -0.581868 -0.799669 0.148187 -0.548564 0.835244 0.038029 -0.491236 -0.850270 -0.189018 0.017865 -0.943695 -0.330334 -0.256781 -0.421343 -0.869790 -0.217489 -0.837938 -0.500557 -0.217490 -0.837933 -0.500566 -0.256784 -0.425068 -0.867974 -0.015535 -0.852356 0.522731 -0.076007 -0.953754 0.290822 -0.162453 -0.943445 -0.288999 -0.406827 -0.885137 -0.225885 0.186233 -0.903769 -0.385381 0.168093 -0.908157 -0.383399 0.434576 0.866535 0.245481 0.419932 0.872258 0.250647 0.755765 -0.116670 0.644365 0.686074 0.077479 0.723395 0.464708 -0.179467 -0.867086 0.506478 0.026022 -0.861860 -0.324827 -0.906282 -0.270443 0.258830 -0.902048 -0.345423 0.487681 -0.342389 0.803079 0.114051 0.301148 -0.946732 0.174241 -0.911533 -0.372488 -0.106476 -0.942952 -0.315444 -0.652803 0.262876 0.710454 -0.831168 -0.110138 -0.545003 0.168506 -0.930973 -0.323875 0.197049 -0.924396 -0.326594 0.467711 0.862145 0.194814 0.391012 0.894215 0.217921 0.644280 -0.658731 -0.388557 -0.393969 -0.891463 -0.223788 0.373771 -0.493703 -0.785208 0.117852 0.832085 -0.541983 0.098618 0.859180 -0.502079 0.370895 -0.517984 -0.770797 -0.895916 -0.210918 0.390958 -0.004164 -0.214249 0.976770 -0.617307 -0.245829 0.747328 0.374608 -0.165898 0.912221 -0.910493 -0.203450 0.360015 -0.036225 -0.220340 0.974750 0.127805 -0.976814 -0.171756 0.350442 -0.509399 -0.785941 0.349305 -0.504086 -0.789863 0.135659 -0.972493 -0.189352 -0.424671 0.141356 -0.894245 0.910455 0.194063 -0.365254 0.051380 0.232134 -0.971326 0.615083 0.254999 -0.746089 -0.410713 0.133306 -0.901967 0.627484 0.247504 -0.738245 0.913424 0.209286 -0.349078 0.017033 0.214749 -0.976521 0.047271 0.215115 -0.975444 0.606091 0.263363 -0.750529 -0.399962 0.120720 -0.908547 0.865237 0.246219 -0.436740 -0.007215 -0.992376 0.123036 0.019025 -0.997452 0.068759 
						0.357395 -0.594390 -0.720396 -0.129970 -0.879604 0.457608 -0.153628 -0.854721 0.495833 0.386480 -0.407068 -0.827604 -0.135196 -0.938246 -0.318461 -0.181006 -0.925654 -0.332268 -0.431488 0.897443 0.091729 -0.436021 0.895481 0.089444 0.408168 -0.132866 0.903186 -0.605383 -0.248786 0.756054 -0.612773 -0.310915 0.726526 -0.595164 -0.301325 0.744971 0.054809 0.254961 -0.965397 -0.003015 0.255073 -0.966917 0.388156 -0.135949 0.911511 -0.615864 -0.249651 0.747252 -0.041594 -0.204730 0.977934 -0.643494 -0.252463 0.722619 -0.875084 -0.222711 0.429682 0.464705 -0.132455 0.875502 0.146994 -0.963633 -0.223170 0.255956 -0.839811 -0.478753 0.264984 -0.823307 -0.501945 0.145065 -0.964983 -0.218552 -0.151384 -0.855117 0.495841 -0.160834 -0.844144 0.511423 -0.701648 -0.254469 0.665534 0.249570 -0.155005 0.955870 0.376071 -0.379904 -0.845129 0.375174 -0.388646 -0.841545 0.420770 -0.416128 -0.806095 0.383657 0.241914 -0.891227 0.384167 0.239450 -0.891672 0.426510 -0.343203 -0.836840 -0.387989 -0.254127 0.885937 -0.368866 -0.251782 0.894731 0.035396 -0.190366 0.981075 -0.843293 -0.264204 0.468032 0.178877 0.785327 -0.592676 0.196680 0.756664 -0.623519 0.394000 0.251411 -0.884057 -0.189292 0.150653 -0.970295 0.771919 0.264869 -0.577915 0.374276 0.249182 -0.893211 0.823964 0.248012 -0.509483 -0.166634 0.175515 -0.970272 -0.261995 -0.717938 -0.644922 -0.375648 -0.839703 -0.392158 -0.700878 0.704152 -0.113758 -0.789717 0.591785 0.161669 -0.490384 -0.865359 -0.103333 -0.545412 0.750172 -0.373855 0.917268 0.194745 -0.347410 -0.319602 0.148871 -0.935784 -0.712393 -0.552932 0.432161 -0.849487 -0.386612 0.359030 -0.364623 0.316343 -0.875772 -0.361061 0.461312 -0.810448 -0.625844 -0.294336 0.722278 0.054115 0.273909 -0.960232 0.913060 0.211802 -0.348514 0.046623 0.209585 -0.976678 0.464463 -0.880211 -0.097484 0.449984 -0.886855 -0.104892 
						0.126414 0.934242 0.333485 0.107433 0.938625 0.327782 0.272646 0.040020 0.961282 0.152414 0.229225 0.961367 0.885632 -0.135999 -0.444028 0.894595 0.070616 -0.441263 0.283364 -0.145640 0.947889 -0.934297 -0.221380 0.279426 -0.033165 -0.220970 0.974716 0.607315 0.277733 -0.744333 -0.038841 -0.210046 0.976920 -0.904316 -0.240008 0.352999 -0.258821 -0.756501 0.600598 -0.234451 -0.797287 0.556206 0.400091 -0.913268 -0.076605 0.430695 -0.900343 -0.062329 0.197627 0.933583 0.298941 0.141949 0.948744 0.282374 0.902327 0.214202 -0.374063 0.049124 0.217150 -0.974901 0.285661 0.244835 0.926528 0.285662 0.244835 0.926527 0.201080 -0.960605 0.191845 0.201080 -0.960605 0.191845 0.423245 0.440803 -0.791553 0.908645 -0.253892 0.331515 0.904251 -0.258533 0.339840 0.413723 0.443492 -0.795077 -0.706962 -0.696111 -0.125040 -0.695485 -0.705580 -0.135858 0.630115 -0.508468 -0.586869 0.617222 -0.521349 -0.589264 0.413726 0.443497 -0.795073 0.904248 -0.258528 0.339852 0.908647 -0.253882 0.331519 0.423247 0.440808 -0.791549 -0.201077 0.960606 -0.191842 -0.201078 0.960605 -0.191846 -0.285660 -0.244840 -0.926527 -0.285661 -0.244829 -0.926529 -0.695486 -0.705579 -0.135855 -0.706964 -0.696109 -0.125037 0.617226 -0.521346 -0.589262 0.630121 -0.508464 -0.586867 0.351165 0.297403 -0.887826 0.360786 0.298209 -0.883688 -0.917889 -0.078369 -0.389023 -0.914153 -0.075241 -0.398326 -0.428682 0.780645 -0.454780 -0.430057 0.774796 -0.463403 -0.132940 -0.552642 -0.822748 -0.128436 -0.560797 -0.817931 -0.145202 -0.569583 -0.809007 -0.152762 -0.555192 -0.817573 0.409673 -0.788556 0.458637 0.412410 -0.778222 0.473591 0.351158 0.297399 -0.887830 -0.914151 -0.075238 -0.398330 -0.917889 -0.078363 -0.389024 0.360778 0.298210 -0.883691 -0.774146 0.473080 0.420587 -0.774149 0.473077 0.420584 -0.493786 -0.867046 0.066375 -0.493788 -0.867045 0.066377 
						0.409664 -0.788561 0.458635 -0.152781 -0.555187 -0.817573 -0.145216 -0.569601 -0.808991 0.412406 -0.778221 0.473595 0.774152 0.473072 0.420585 0.774149 0.473076 0.420585 0.493785 -0.867047 0.066377 0.493781 -0.867050 0.066374 0.917884 -0.078371 -0.389033 -0.360797 0.298204 -0.883685 -0.351169 0.297397 -0.887826 0.914151 -0.075245 -0.398329 -0.412403 -0.778222 0.473597 -0.409657 -0.788565 0.458635 0.152765 -0.555193 -0.817572 0.145211 -0.569599 -0.808994 -0.360789 0.298203 -0.883689 0.917884 -0.078366 -0.389033 0.914149 -0.075236 -0.398335 -0.351163 0.297402 -0.887827 -0.493796 0.867041 -0.066369 -0.493788 0.867046 -0.066366 -0.774151 -0.473080 -0.420578 -0.774148 -0.473086 -0.420575 -0.409666 -0.788558 0.458638 -0.412408 -0.778222 0.473593 0.145215 -0.569600 -0.808992 0.152780 -0.555187 -0.817573 0.285662 -0.244836 -0.926527 0.201082 0.960605 -0.191846 0.201079 0.960606 -0.191842 0.285664 -0.244830 -0.926528 -0.423238 0.440813 -0.791551 -0.413727 0.443498 -0.795072 -0.904248 -0.258529 0.339850 -0.908648 -0.253883 0.331515 0.706961 -0.696112 -0.125034 -0.617218 -0.521357 -0.589260 -0.630119 -0.508469 -0.586865 0.695480 -0.705585 -0.135856 -0.413725 0.443491 -0.795077 -0.423255 0.440799 -0.791550 -0.908643 -0.253893 0.331520 -0.904249 -0.258533 0.339845 -0.201079 -0.960605 0.191846 -0.285661 0.244834 0.926528 -0.285660 0.244839 0.926527 -0.201079 -0.960606 0.191845 0.695491 -0.705574 -0.135855 -0.630120 -0.508462 -0.586869 -0.617227 -0.521343 -0.589264 0.706964 -0.696108 -0.125041 0.262671 -0.418664 -0.869324 0.260649 -0.428151 -0.865303 0.191128 0.905784 -0.378188 0.193877 0.901339 -0.387299 -0.447171 0.305566 -0.840635 -0.437758 0.307389 -0.844914 0.894303 0.175287 -0.411699 0.898946 0.172068 -0.402851 0.240373 -0.430047 -0.870218 0.244270 -0.413464 -0.877143 -0.209602 -0.905770 0.368304 -0.214059 -0.898018 0.384373 
						0.898941 0.172077 -0.402857 0.894302 0.175292 -0.411699 -0.437748 0.307392 -0.844918 -0.447168 0.305566 -0.840636 0.191130 0.905783 -0.378189 0.260647 -0.428151 -0.865303 0.262670 -0.418666 -0.869323 0.193876 0.901341 -0.387293 -0.209597 -0.905771 0.368305 0.244261 -0.413455 -0.877150 0.240367 -0.430049 -0.870219 -0.214058 -0.898018 0.384374 -0.262668 -0.418665 -0.869325 -0.193874 0.901338 -0.387302 -0.191125 0.905785 -0.378186 -0.260646 -0.428148 -0.865305 0.447166 0.305571 -0.840636 -0.898947 0.172072 -0.402847 -0.894307 0.175289 -0.411691 0.437748 0.307394 -0.844917 -0.240368 -0.430051 -0.870218 0.214063 -0.898017 0.384373 0.209605 -0.905771 0.368301 -0.244266 -0.413463 -0.877144 -0.898946 0.172070 -0.402850 0.447163 0.305564 -0.840640 0.437747 0.307390 -0.844920 -0.894304 0.175288 -0.411698 -0.191128 0.905783 -0.378189 -0.193875 0.901340 -0.387296 -0.262668 -0.418668 -0.869323 -0.260645 -0.428152 -0.865303 0.209592 -0.905769 0.368311 0.214052 -0.898020 0.384373 -0.240373 -0.430045 -0.870220 -0.244265 -0.413457 -0.877147 -0.945380 -0.190111 0.264790 -0.582835 -0.812567 0.006094 -0.578252 -0.815696 -0.016265 -0.947855 -0.203593 0.245197 -0.756069 0.545122 0.362218 -0.778823 0.522677 0.346763 -0.712736 0.559081 0.423598 -0.926033 -0.158955 0.342339 -0.598264 -0.796082 0.091284 -0.126433 0.962562 0.239770 -0.223644 0.951951 0.209219 -0.153805 0.959345 0.236644 0.209368 0.964911 -0.158469 0.573840 0.818326 -0.032409 0.320484 0.928526 -0.187429 0.958866 0.179398 -0.219984 0.603190 0.795367 0.059603 0.817686 0.559923 0.133701 0.961401 0.138497 -0.237752 0.978358 0.094842 -0.183902 0.786063 0.587024 0.193668 0.759842 -0.547789 -0.350095 0.745555 -0.563082 -0.356491 0.750211 -0.554435 -0.360256 0.108958 -0.962617 -0.247984 0.122477 -0.959934 -0.252043 0.112177 -0.963040 -0.244887 0.138835 -0.957918 -0.251233 
						-0.566838 -0.823735 0.012475 0.771671 -0.530227 -0.351260 -0.901324 0.248259 0.354941 -0.820620 0.333879 -0.463797 -0.836228 0.321115 -0.444530 -0.952616 0.303557 -0.019379 -0.361534 0.004611 0.932348 -0.386801 -0.001229 0.922162 -0.724167 0.139705 0.675326 -0.643634 0.124346 0.755165 -0.934212 0.332748 -0.128554 0.953101 0.217462 -0.210496 0.560711 0.823832 0.083087 0.604624 0.791582 -0.088472 -0.101613 0.969150 0.224551 -0.752822 0.537536 0.379887 -0.939346 -0.204265 0.275510 -0.582761 0.812619 -0.006267 -0.576493 0.816835 0.020892 0.103397 0.965720 0.238107 0.121361 0.959176 0.255447 0.737085 0.587683 0.333668 0.757615 0.546220 0.357300 0.109439 0.965546 0.236099 0.745982 0.578426 0.330052 -0.597513 0.797326 -0.085139 0.135204 0.957810 0.253612 0.771945 0.530060 0.350909 -0.567676 0.823165 -0.011979 0.361450 0.927904 0.091367 0.294445 0.903983 0.310028 0.057864 0.623488 0.779689 0.432977 0.787927 -0.437837 0.000060 0.477435 0.878667 -0.046635 0.416817 0.907793 0.222247 0.828068 0.514694 0.419488 0.751141 -0.509723 0.404637 0.872200 -0.274840 -0.106953 -0.965530 -0.237305 -0.751319 -0.545120 -0.371973 -0.761592 -0.537342 -0.362272 -0.149717 -0.959172 -0.239946 0.337953 -0.924459 0.176530 0.598046 -0.799416 0.057230 -0.762983 -0.534383 -0.363719 -0.227755 -0.951465 -0.206983 0.207414 -0.965214 0.159188 -0.127827 -0.963435 -0.235485 -0.755265 -0.544543 -0.364756 0.571467 -0.819692 0.039125 -0.943957 0.185906 -0.272735 -0.944111 0.191020 -0.268635 -0.942919 0.186319 -0.276022 -0.940604 0.201233 -0.273440 0.956096 -0.181786 0.229855 0.966744 -0.118417 0.226678 0.819999 -0.556141 -0.135315 0.600565 -0.797974 -0.050591 0.984035 -0.071042 0.163180 0.797114 -0.567155 -0.207231 0.954040 -0.221711 0.201622 0.553351 -0.826153 -0.106179 0.002325 -0.998803 -0.048852 0.018630 -0.995874 -0.088809 
						-0.229381 -0.678193 -0.698168 -0.230100 -0.674136 -0.701850 -0.347373 0.012849 -0.937639 -0.329683 0.045396 -0.943000 -0.227763 -0.675490 -0.701311 -0.350833 0.021232 -0.936197 -0.036210 -0.999344 -0.000579 -0.222130 -0.675909 -0.702713 -0.334695 0.059696 -0.940434 0.002637 -0.998915 -0.046491 0.435233 -0.806018 -0.401133 -0.081678 -0.954442 -0.287001 0.668893 -0.610779 -0.423712 -0.365735 -0.912229 -0.184598 0.205397 -0.903502 -0.376159 0.627374 -0.644817 -0.436591 -0.566746 -0.821320 -0.065054 -0.745757 -0.665786 0.023973 -0.772020 -0.632799 0.059585 0.256216 0.698559 0.668109 0.329861 -0.035269 0.943370 0.332796 -0.055903 0.941341 0.274576 0.650997 0.707679 0.320036 0.937527 0.136452 0.040111 0.999072 -0.015703 0.330801 -0.059163 0.941844 0.331082 0.599650 0.728564 0.387019 0.888987 0.244780 0.263409 0.674108 0.690068 0.339519 -0.045222 0.939512 0.048249 0.998328 0.031829 0.220357 -0.734486 0.641851 0.234947 -0.738315 0.632211 0.214081 -0.732517 0.646210 0.220249 -0.740669 0.634744 -0.256625 0.737596 -0.624576 -0.272859 0.707690 -0.651708 -0.307753 0.944336 -0.116265 -0.048866 0.996727 0.064399 -0.339800 0.681553 -0.648091 -0.325871 0.944172 -0.048455 -0.250958 0.756827 -0.603518 -0.036143 0.993581 0.107197 -0.120366 0.985622 0.118577 -0.148086 0.980090 0.132267 -0.291669 0.605427 0.740532 -0.306396 0.590146 0.746893 -0.286865 -0.109103 0.951738 -0.305706 -0.150432 0.940167 -0.291847 0.600993 0.744065 -0.284097 -0.121366 0.951083 -0.047669 0.993988 0.098569 -0.305115 0.585899 0.750751 -0.299732 -0.164738 0.939693 -0.114636 0.985083 0.128333 -0.691795 0.721180 -0.036325 -0.155711 0.962333 0.222866 -0.821201 0.559041 -0.114467 -0.025038 0.962550 0.269946 -0.285505 0.941717 0.177922 -0.765305 0.641029 -0.058217 0.451967 0.812677 0.367807 0.533467 0.744902 0.400668 0.623118 0.674558 0.395848 
						0.280694 -0.610249 -0.740815 0.308656 0.141027 -0.940661 0.305878 0.158862 -0.938723 0.287429 -0.576491 -0.764881 -0.078142 -0.924724 -0.372530 0.056594 -0.993897 -0.094691 0.311368 0.157803 -0.937096 0.244716 -0.524688 -0.815363 -0.071868 -0.865665 -0.495438 0.271949 -0.592398 -0.758359 0.300610 0.149996 -0.941878 0.073385 -0.988127 -0.134979 0.140391 0.803807 -0.578087 0.136900 0.803780 -0.578961 0.138541 0.804409 -0.577696 0.139784 0.803949 -0.578037 -0.109005 -0.801134 0.588475 -0.106379 -0.764627 0.635633 0.264299 -0.940116 0.215239 0.167121 -0.980660 -0.101863 -0.046298 -0.733573 0.678032 0.331338 -0.924852 0.186720 -0.081118 -0.822605 0.562797 0.214399 -0.964757 -0.152571 -0.008816 -0.998658 -0.051026 0.222129 -0.674019 -0.704526 0.224211 -0.672542 -0.705277 -0.024518 -0.994561 -0.101224 0.339778 0.021476 -0.940261 0.321794 0.045522 -0.945715 0.339092 0.030068 -0.940273 0.219890 -0.670289 -0.708774 0.027193 -0.999551 -0.012604 0.210579 -0.681878 -0.700499 0.322989 0.049593 -0.945103 -0.012821 -0.999012 -0.042561 -0.736538 -0.669129 -0.098884 -0.768252 -0.626109 -0.133327 -0.073531 -0.981908 0.174497 -0.336822 -0.937682 0.085458 -0.571950 -0.819467 -0.036702 0.191326 -0.945746 0.262600 0.628551 -0.689972 0.358974 0.455660 -0.835181 0.307972 0.675768 -0.648173 0.351011 -0.269041 0.708407 0.652516 -0.306420 0.634738 0.709376 -0.352496 -0.070044 0.933188 -0.343673 -0.022844 0.938811 -0.060877 0.996923 -0.049377 -0.353228 0.924183 0.145316 -0.353556 0.581866 0.732414 -0.343624 -0.073216 0.936249 -0.405141 0.878336 0.253746 -0.265726 0.674071 0.689215 -0.343119 -0.045166 0.938205 -0.050738 0.998231 0.030980 -0.238309 -0.738231 0.631049 -0.233451 -0.747044 0.622436 -0.234675 -0.744195 0.625381 -0.233085 -0.734156 0.637720 0.248656 0.737904 -0.627429 0.040807 0.997260 0.061704 0.298660 0.947841 -0.111355 
						0.264652 0.713152 -0.649134 0.315656 0.947788 -0.045366 0.329189 0.687403 -0.647389 0.242835 0.751321 -0.613635 0.029508 0.994894 0.096519 0.112680 0.986201 0.121289 0.298456 0.590735 0.749638 0.284081 0.611531 0.738463 0.138379 0.982153 0.127387 0.279918 -0.099906 0.954811 0.297847 -0.149784 0.942789 0.273286 -0.111965 0.955395 0.280288 0.607695 0.743065 0.033569 0.994943 0.094670 0.294498 0.578187 0.760902 0.286927 -0.173680 0.942077 0.105841 0.984101 0.142629 -0.056280 0.275485 0.959657 0.735313 0.221380 0.640551 0.339719 0.277232 0.898740 -0.467231 0.234460 0.852481 0.930205 0.132923 0.342125 0.924509 0.123129 0.360724 0.681656 0.216454 0.698923 -0.481858 0.245872 0.841047 -0.133266 0.290849 0.947442 -0.288305 -0.605144 -0.742079 -0.284998 -0.575067 -0.766860 -0.306970 0.158249 -0.938470 -0.317951 0.150860 -0.936028 -0.074290 -0.992080 -0.101286 0.071074 -0.928680 -0.364008 -0.242165 -0.522101 -0.817782 -0.308049 0.160752 -0.937691 0.069741 -0.867998 -0.491646 -0.283969 -0.591702 -0.754487 -0.311794 0.150913 -0.938088 -0.083240 -0.987806 -0.131572 -0.144693 0.804397 -0.576203 -0.150311 0.799513 -0.581538 -0.155464 0.799440 -0.580281 -0.149932 0.812198 -0.563786 0.100953 -0.800240 0.591122 -0.175157 -0.979555 -0.098952 -0.267907 -0.936945 0.224408 0.101780 -0.758923 0.643177 -0.337037 -0.920941 0.195634 0.038736 -0.727162 0.685372 0.068026 -0.826282 0.559134 -0.225875 -0.961472 -0.156692 0.048105 -0.997750 0.046693 -0.210482 -0.976374 -0.048911 0.936738 -0.238410 -0.256287 0.798803 -0.448448 -0.401009 -0.904802 0.260723 0.336685 -0.962218 0.266096 0.057696 0.223838 0.931062 0.288132 0.182428 0.983105 0.014978 0.226143 -0.476398 0.849649 0.458589 -0.840808 0.287641 0.452842 -0.832022 0.320428 0.188316 -0.413161 0.890974 0.255353 0.966027 0.039821 0.495090 0.861819 -0.110245 
						0.993514 0.018197 0.112241 0.972336 -0.230142 -0.039965 -0.963202 0.250697 0.096912 -0.978619 0.204533 -0.021704 -0.281012 -0.959636 0.011483 -0.230423 -0.967228 -0.106659 0.118998 -0.072844 -0.990219 -0.243547 0.507412 -0.826570 -0.265673 0.540943 -0.797997 0.092143 -0.028265 -0.995345 -0.986581 -0.079706 -0.142498 -0.538334 -0.832696 0.129667 -0.197521 -0.924275 -0.326651 0.082892 -0.899974 -0.427990 0.823597 -0.563309 0.066114 0.950040 -0.311748 0.015417 0.356085 -0.657407 -0.664093 0.367280 -0.677993 -0.636735 -0.454536 0.658316 0.600015 -0.528929 0.801102 -0.280124 -0.534020 0.809424 -0.244246 -0.441655 0.638092 0.630698 -0.375283 0.538176 -0.754672 -0.337731 0.476734 -0.811580 -0.718124 -0.270110 -0.641357 -0.233278 -0.047576 -0.971245 0.013224 0.043140 -0.998981 -0.642822 -0.235926 -0.728779 0.253649 0.240245 -0.936987 0.077981 0.634360 -0.769094 0.123141 0.547945 -0.827401 0.293977 0.121615 -0.948044 -0.174169 0.949309 -0.261684 -0.157271 0.939513 -0.304272 0.552574 0.820564 -0.146073 0.825438 0.561166 -0.061197 0.912850 -0.394346 0.105814 0.894550 -0.443960 -0.051761 0.422689 0.898338 0.119680 0.917813 -0.348186 -0.190750 0.185691 0.099712 -0.977536 0.449422 0.179993 -0.874998 0.383289 -0.212379 -0.898880 0.434963 -0.679837 -0.590448 0.436220 -0.647315 -0.625056 0.359964 -0.109394 -0.926531 0.272402 0.805663 0.526028 -0.057651 0.833962 0.548802 -0.413346 0.871320 -0.264475 -0.714041 0.609151 -0.345081 0.663644 0.217934 -0.715598 0.423804 0.142591 -0.894459 -0.013414 0.001369 -0.999909 0.315595 0.109650 -0.942537 -0.731534 -0.138146 -0.667663 -0.733164 -0.139132 -0.665667 -0.902028 -0.375182 0.213503 -0.902750 -0.374924 0.210888 -0.324022 0.676321 0.661513 -0.154212 0.954736 -0.254357 0.942441 -0.199950 -0.268001 0.959311 0.223268 -0.172842 0.454257 0.823866 0.338963 0.396954 0.885574 0.241217 
						0.513741 0.196620 -0.835111 0.698323 0.246974 -0.671825 -0.031229 -0.007257 -0.999486 -0.314796 -0.112785 -0.942435 0.036431 -0.998837 0.031569 -0.201434 -0.977247 -0.066430 0.948389 -0.224984 -0.223472 0.832781 -0.413146 -0.368490 -0.923222 0.239830 0.300237 -0.966685 0.252404 0.042572 0.209911 0.930260 0.300921 0.185367 0.981472 0.048488 -0.252072 -0.937746 -0.238939 -0.476128 -0.823333 -0.308908 -0.958574 -0.101349 0.266201 -0.959700 0.180086 0.215742 0.427387 -0.607228 -0.669787 0.434059 -0.619952 -0.653646 -0.978452 0.206052 -0.013171 -0.266062 -0.963924 -0.007841 -0.990816 -0.025441 -0.132802 -0.506065 -0.856496 0.101548 -0.192862 -0.927230 -0.321011 0.048582 -0.907193 -0.417900 0.851205 -0.519262 0.076273 0.956043 -0.292002 0.026789 -0.767493 -0.394998 -0.504908 -0.757237 -0.382266 -0.529588 -0.699693 -0.571407 0.428863 -0.685760 -0.568229 0.454807 -0.789644 -0.374750 -0.485824 -0.788739 -0.373655 -0.488131 -0.723735 -0.546201 0.421748 -0.722484 -0.545988 0.424162 -0.467385 0.828142 -0.309405 -0.471566 0.832907 -0.289641 0.961785 -0.208655 -0.177293 0.261287 0.948662 0.178242 0.330719 -0.742569 0.582423 0.081163 -0.731508 0.676985 0.663150 -0.506671 -0.550924 0.545014 -0.708472 -0.448360 -0.855997 -0.495664 -0.146921 -0.479213 -0.338217 -0.809916 -0.454982 -0.326062 -0.828659 -0.850481 -0.495219 -0.177316 -0.120292 -0.815008 0.566825 -0.372194 -0.702925 0.606109 -0.577217 0.291878 0.762645 -0.672384 0.463315 0.577269 -0.028337 0.715070 -0.698478 0.096758 0.517459 -0.850220 0.840025 -0.115880 -0.530029 0.805997 -0.373708 -0.459033 -0.839597 0.316565 0.441434 0.031984 -0.682294 0.730378 -0.825090 -0.028585 0.564277 -0.165005 -0.428728 0.888237 -0.372538 -0.528295 -0.762968 0.259540 -0.100388 -0.960501 0.368228 -0.052608 -0.928246 0.108871 -0.424442 -0.898886 -0.031093 -0.787472 0.615566 0.759686 -0.434140 -0.484148 
						-0.804673 0.489043 -0.336659 -0.153015 0.955881 0.250756 -0.067924 0.997500 -0.019503 -0.844679 0.535126 -0.012509 0.782555 0.341122 -0.520809 0.602398 0.542541 -0.585462 0.296659 0.827733 -0.476289 0.630695 -0.605613 0.485238 0.444141 -0.551279 0.706279 0.358746 -0.665342 -0.654692 0.319466 -0.841972 -0.434769 -0.329709 0.691472 0.642774 -0.563718 0.530849 0.632788 -0.204190 0.708634 -0.675384 -0.441349 0.556081 -0.704262 -0.974728 -0.191375 -0.115244 -0.868796 0.487408 -0.087334 -0.872430 0.480776 -0.087866 -0.970942 -0.209736 -0.115252 -0.394232 0.524454 -0.754671 -0.323706 0.271036 -0.906507 0.503861 -0.228092 -0.833126 0.544458 -0.490008 -0.680777 0.467867 -0.575970 -0.670343 0.551850 -0.475877 -0.684837 -0.401810 0.509121 -0.761146 -0.322850 0.607837 -0.725467 0.727492 -0.442324 -0.524504 0.037154 0.784498 -0.619017 0.498319 -0.211572 -0.840782 -0.316659 0.252188 -0.914400 0.210129 -0.708023 0.674203 0.229052 -0.870912 0.434795 0.725782 -0.590101 -0.353584 0.596822 -0.516535 -0.613999 -0.081051 0.996696 0.005350 -0.088897 0.996031 0.004485 0.118783 -0.991877 -0.045509 0.874467 -0.482896 0.046033 0.860195 -0.508055 0.044103 0.088686 -0.994896 -0.048143 0.990299 0.122359 0.065844 0.978846 0.193508 0.066451 0.449027 -0.582954 -0.677156 -0.301243 0.615656 -0.728162 -0.241681 0.615015 -0.750564 0.493401 0.718230 -0.490613 -0.353420 0.608387 -0.710605 -0.571668 0.355279 -0.739576 0.589372 0.093586 -0.802423 0.441884 0.583264 -0.681572 0.345485 0.734453 -0.584139 0.545985 0.315180 -0.776249 0.012960 0.972454 -0.232733 -0.039787 0.984767 -0.169264 -0.481016 -0.720608 -0.499347 -0.535362 -0.601324 -0.593124 0.587132 0.453044 -0.670841 0.824248 0.198300 -0.530370 0.685120 -0.049784 -0.726727 0.588652 0.458906 -0.665503 -0.291925 -0.269582 0.917663 -0.711214 -0.321473 0.625164 -0.738945 -0.321938 0.591875 
						-0.326104 -0.275978 0.904153 -0.445118 0.574738 -0.686692 -0.619923 0.382390 -0.685181 -0.685872 -0.483016 -0.544312 -0.610547 -0.675870 -0.412835 -0.922083 -0.297443 0.247568 -0.928125 -0.169889 -0.331243 -0.923425 -0.165158 -0.346423 -0.931907 -0.292839 0.213998 0.770447 0.449065 -0.452496 0.391460 0.426725 -0.815270 -0.043318 -0.985672 0.163016 0.544755 -0.681813 -0.488234 0.313333 -0.738306 -0.597266 0.228020 -0.946162 0.229747 -0.425916 0.103108 -0.898868 -0.410826 0.108681 -0.905213 0.384311 0.789797 -0.478043 0.018020 0.994196 -0.106066 0.020681 0.993694 -0.110198 0.331656 0.660982 -0.673132 0.022171 0.337847 -0.940940 0.065280 0.221499 -0.972973 0.698732 -0.075135 -0.711426 0.725467 -0.092319 -0.682038 0.153222 0.187504 -0.970240 -0.894399 -0.434250 -0.107133 0.401217 -0.887221 -0.227733 0.397093 -0.857093 -0.328190 -0.905279 -0.424772 0.006191 -0.403916 0.826761 0.391558 -0.915810 -0.399550 -0.040635 -0.985223 -0.160918 -0.058654 -0.561041 0.675236 0.478842 -0.295247 0.008799 -0.955380 -0.310337 -0.044615 -0.949579 -0.410313 -0.653285 -0.636288 -0.410160 -0.636592 -0.653084 -0.449008 0.871062 0.199104 -0.880087 -0.449811 0.152044 -0.636583 0.760898 0.125679 -0.915386 -0.283867 0.285461 0.455395 0.843696 -0.284242 0.046911 0.821137 0.568799 -0.310859 0.807831 0.500775 0.767664 0.562541 -0.306985 -0.490452 0.388660 -0.780000 -0.415241 0.372027 -0.830163 -0.507718 -0.820238 0.263501 -0.108000 -0.802463 -0.586847 -0.393175 -0.652380 -0.647930 -0.200292 -0.917002 0.344949 0.155384 0.937937 -0.310050 0.341173 0.642798 0.685866 -0.099565 0.527039 -0.843989 -0.078078 0.570512 -0.817570 0.177069 0.926847 -0.331062 0.168590 0.920503 -0.352493 0.353454 0.027715 -0.935041 0.809512 -0.371956 -0.454245 0.814591 -0.378955 -0.439130 0.380306 0.008466 -0.924822 0.499976 -0.088720 -0.861483 0.478546 -0.072061 -0.875100 
						-0.222085 0.370393 -0.901935 -0.203663 0.360887 -0.910100 0.236653 0.486414 -0.841069 0.218623 0.458708 -0.861273 0.479926 0.837936 -0.259873 0.482656 0.840933 -0.244693 -0.100177 -0.139338 -0.985165 -0.075746 -0.099386 -0.992162 -0.410006 -0.664845 -0.624400 -0.415471 -0.674219 -0.610583 -0.202608 -0.222138 -0.953732 -0.220712 -0.252886 -0.941985 -0.454006 -0.662135 -0.596201 -0.458149 -0.670146 -0.583955 -0.736399 0.570224 -0.364091 -0.744093 0.570772 -0.347197 -0.359877 0.445041 -0.820017 -0.327232 0.429990 -0.841444 -0.752188 0.539663 -0.378122 -0.745843 0.538949 -0.391473 -0.810198 0.383510 0.443282 -0.806850 0.379237 0.452960 0.752856 -0.549817 0.361814 0.753975 -0.549925 0.359309 0.810199 -0.400615 -0.427884 0.810962 -0.401652 -0.425459 0.345811 0.571680 -0.744041 0.328808 0.545370 -0.771010 0.516647 0.819988 -0.246363 0.519039 0.823194 -0.230107 0.404981 0.003961 -0.914316 0.827922 -0.370308 -0.421208 0.833504 -0.378463 -0.402538 0.441978 -0.022717 -0.896738 -0.905026 -0.262014 -0.335076 0.178211 -0.983949 -0.009260 0.210079 -0.926289 -0.312818 -0.958300 -0.284406 -0.027832 -0.285212 0.924142 0.254195 -0.950398 -0.173077 -0.258434 -0.938070 0.186074 -0.292234 -0.584207 0.754868 0.298120 0.268582 -0.963215 0.009012 0.973954 0.223994 0.035209 0.990194 -0.067353 -0.122387 0.573404 -0.803208 0.161444 -0.283513 0.958721 -0.021788 -0.978565 -0.205359 0.015458 -0.101411 -0.486655 -0.867688 0.287020 0.291929 -0.912358 0.290364 0.299903 -0.908706 -0.097044 -0.479199 -0.872325 -0.567623 0.810080 -0.146885 -0.984587 0.098659 0.144411 -0.726642 0.560132 -0.397799 -0.735911 0.560949 -0.379171 -0.311656 0.420534 -0.852069 -0.273397 0.402855 -0.873477 -0.749325 0.528537 -0.398949 -0.743773 0.527902 -0.410025 -0.827654 0.385051 0.408318 -0.824239 0.380489 0.419356 0.743910 -0.539973 0.393735 0.744178 -0.540006 0.393182 
						0.821727 -0.397414 -0.408443 0.821883 -0.397629 -0.407921 0.944665 0.135007 0.298967 0.299844 -0.917186 -0.262418 0.575758 -0.764981 -0.288629 0.927359 -0.223536 0.300063 -0.250926 0.923733 -0.289400 0.081277 0.924883 -0.371463 0.702415 0.673453 0.230377 0.904120 0.386941 0.181225 -0.253205 0.966889 0.031842 0.924402 0.354759 -0.140099 0.241627 0.267819 -0.932679 0.222183 0.223800 -0.948972 0.418562 0.754249 -0.505880 0.421100 0.763856 -0.489079 -0.366391 -0.864418 -0.344296 -0.367400 -0.865371 -0.340809 -0.150525 -0.505862 -0.849379 -0.171464 -0.541237 -0.823203 -0.394394 -0.853021 -0.341771 -0.399073 -0.857774 -0.323981 0.746007 0.606792 -0.274366 0.077790 0.987524 0.136912 -0.887408 -0.409396 -0.211902 0.234090 -0.922311 0.307479 0.268385 -0.963242 -0.011573 -0.933852 -0.342701 0.102359 -0.774713 0.351881 -0.525357 -0.778148 0.354266 -0.518635 -0.842520 0.461376 0.278016 -0.844740 0.461816 0.270445 0.788726 -0.343826 0.509602 0.790679 -0.345169 0.505653 0.853929 -0.449109 -0.262883 0.855174 -0.449309 -0.258455 0.447435 0.752950 -0.482564 0.447824 0.754745 -0.479389 -0.431528 -0.557956 0.708851 -0.627392 -0.610106 0.483890 -0.310292 -0.859940 -0.405242 -0.349118 -0.672878 -0.652190 -0.327856 -0.692702 -0.642397 -0.440666 -0.556202 0.704594 -0.203922 -0.708965 0.675118 -0.561720 -0.532054 -0.633553 0.974136 -0.195538 -0.113241 0.971077 -0.210184 -0.113278 0.866119 0.492494 -0.085366 0.863182 0.497701 -0.084914 0.578472 -0.812257 -0.074892 0.583604 -0.808536 -0.075334 -0.096855 -0.995252 -0.009620 -0.099367 -0.995007 -0.009359 0.546702 -0.833152 -0.083518 0.534418 -0.841194 -0.082403 -0.084081 -0.996243 -0.020720 -0.090122 -0.995729 -0.020050 -0.256065 0.245722 0.934907 -0.280448 0.261124 0.923668 -0.714380 0.527457 0.459837 -0.684543 0.511071 0.519815 -0.290596 -0.633574 0.717034 -0.474833 -0.572698 -0.668245 
						0.267938 -0.225169 -0.936754 0.274382 -0.229179 -0.933912 -0.462434 0.251022 -0.850378 -0.468114 0.254931 -0.846097 0.498638 -0.245557 0.831301 0.476441 -0.229789 0.848646 0.982982 -0.152914 -0.101802 0.982002 -0.159066 -0.101834 0.872090 0.483342 -0.076417 0.870854 0.485592 -0.076243 -0.221562 -0.885204 0.409052 -0.709000 -0.591423 -0.384106 -0.306314 -0.859362 -0.409473 -0.609247 -0.608861 0.508042 -0.067105 -0.987967 -0.139351 -0.766196 -0.586730 0.262093 -0.680040 -0.695219 -0.232845 -0.091408 -0.925402 0.367799 -0.118329 -0.887886 -0.444586 -0.826791 -0.559545 0.057664 -0.725589 -0.528078 -0.441196 -0.115590 -0.991925 0.052186 -0.736159 0.564588 -0.373243 -0.730921 0.564026 -0.384226 0.818819 -0.393203 -0.418242 0.815148 -0.387976 -0.430126 -0.789802 -0.546377 0.278719 0.288682 -0.785164 -0.547887 -0.775821 -0.577241 -0.254745 0.260651 -0.957519 -0.123360 -0.003993 -0.600725 -0.799446 0.437989 -0.764895 0.472336 0.366539 0.738072 -0.566479 -0.291314 0.621975 -0.726831 0.599849 -0.130052 -0.789473 0.587665 -0.302535 -0.750415 0.642065 0.705915 -0.299061 0.047534 0.574944 -0.816811 -0.709610 -0.290438 -0.641950 -0.615508 -0.250916 -0.747122 -0.887074 0.459072 -0.048494 -0.043937 0.903015 0.427356 -0.039525 0.998969 -0.022342 -0.787573 0.460370 0.409619 -0.870111 0.491229 -0.040003 -0.047692 0.903388 0.426163 -0.082184 0.995574 -0.045589 -0.740823 0.509228 0.438028 0.188594 0.919059 -0.346067 -0.884557 0.357712 0.299335 -0.775171 -0.387937 0.498614 -0.769756 -0.383787 0.510082 -0.703883 0.587998 0.398505 -0.220483 0.876931 -0.427059 -0.620702 0.611600 -0.490587 -0.305260 0.867073 0.393701 0.822907 -0.405343 0.398147 0.812032 -0.396179 0.428540 0.839010 -0.471883 -0.270902 0.816483 -0.465814 -0.341135 -0.855023 0.496985 0.148128 -0.849986 0.496588 0.175853 -0.455277 0.327921 0.827762 -0.477375 0.339024 0.810664 
						0.798344 -0.155106 -0.581885 0.801938 -0.141821 -0.580329 0.772573 0.522837 -0.360238 0.774476 0.518144 -0.362925 -0.024100 -0.720580 0.692953 0.811099 0.367829 0.454775 0.842108 0.103557 0.529273 0.095004 -0.528122 0.843837 0.361944 -0.799004 -0.480197 0.371491 -0.791969 -0.484540 -0.181078 -0.969869 -0.162987 -0.177047 -0.970139 -0.165784 0.320335 -0.148300 -0.935624 0.480849 -0.228657 -0.846464 -0.147009 0.117493 -0.982132 -0.222027 0.162152 -0.961463 0.824337 -0.385828 -0.414252 0.885929 -0.412718 -0.211643 0.188030 0.024884 0.981848 0.158007 0.042157 0.986538 -0.722232 0.505632 -0.471929 -0.682050 0.479488 -0.552176 0.634242 0.457955 0.622908 0.172914 -0.815972 0.551625 0.474127 -0.623220 0.621933 0.524010 0.185777 0.831204 -0.629191 -0.605845 0.486899 -0.318597 -0.843157 -0.433108 -0.357486 -0.666322 -0.654385 -0.442722 -0.552024 0.706588 -0.329397 -0.691707 -0.642682 -0.440997 -0.556258 0.704343 -0.203897 -0.708862 0.675234 -0.563389 -0.531021 -0.632937 0.973992 -0.200358 -0.105812 0.973812 -0.201231 -0.105813 0.871556 0.483786 -0.079634 0.871390 0.484088 -0.079612 0.582508 -0.808449 -0.084229 0.574010 -0.814582 -0.083477 -0.088472 -0.995913 -0.018173 -0.084246 -0.996271 -0.018633 0.542931 -0.836367 -0.075609 0.542206 -0.836843 -0.075545 -0.099972 -0.994911 -0.012596 -0.100310 -0.994877 -0.012563 -0.722854 0.481124 0.495986 -0.728299 0.484169 0.484935 -0.279933 0.215223 0.935584 -0.275462 0.212425 0.937548 -0.473139 -0.573689 -0.668596 -0.308134 -0.616194 0.724816 -0.477566 0.261402 -0.838809 0.278575 -0.231827 -0.932015 0.285122 -0.235888 -0.929011 -0.471825 0.257443 -0.843270 0.457846 -0.266110 0.848270 0.453695 -0.263311 0.851368 0.980505 -0.162307 -0.110758 0.982139 -0.152154 -0.110685 0.862935 0.498483 -0.082811 0.864988 0.494861 -0.083121 -0.779593 -0.483895 0.397594 -0.263313 -0.877171 -0.401543 
						-0.250910 -0.732667 -0.632648 -0.642039 -0.407523 0.649393 -0.288541 -0.703508 -0.649477 -0.574568 -0.451807 0.682453 -0.452174 -0.546994 0.704511 -0.414084 -0.613048 -0.672834 -0.456177 -0.504364 0.733158 0.215835 0.717816 0.661934 -0.036336 0.607482 0.793502 -0.258020 -0.364349 0.894805 -0.583689 0.790222 -0.186696 -0.547127 0.816382 -0.184858 0.148394 0.983687 -0.101683 0.130495 0.985913 -0.104621 -0.643785 -0.299478 0.704168 0.401321 0.530127 0.746931 -0.506997 0.031995 0.861354 0.221521 0.259146 0.940091 -0.409903 -0.609872 0.678259 -0.518112 -0.570164 -0.637553 -0.715314 -0.620408 -0.321589 -0.403045 -0.823478 0.399297 -0.227882 0.147162 -0.962503 0.509288 -0.399923 -0.762029 0.507964 -0.398983 -0.763404 -0.229521 0.148380 -0.961927 0.279471 0.957497 0.071383 0.261422 0.958181 -0.116399 0.859711 0.508670 0.046378 0.831731 0.535343 -0.147075 -0.982274 0.110974 -0.151072 -0.986584 0.072442 -0.146300 -0.853798 -0.519130 -0.039153 -0.861229 -0.506477 -0.042023 -0.175955 0.971108 0.161211 0.625132 0.712743 0.318132 0.846284 0.532335 0.020584 -0.432399 0.825646 0.362409 -0.349703 0.713711 0.606897 -0.674644 -0.640073 0.367644 -0.786200 -0.558196 0.265154 -0.263530 0.629505 0.730942 -0.887829 -0.287523 0.359290 -0.390846 0.367016 0.844120 -0.647159 -0.098252 -0.755997 -0.645898 -0.004915 -0.763408 -0.506519 -0.662218 -0.552183 -0.490930 -0.690193 -0.531621 -0.567591 0.407746 -0.715251 -0.531427 0.500504 -0.683433 -0.268514 0.225054 -0.936617 -0.371689 0.242407 -0.896151 -0.775565 0.280025 -0.565760 -0.692391 0.278283 -0.665698 -0.599340 -0.617722 0.509128 -0.485654 0.699860 0.523771 -0.695144 0.475064 0.539526 -0.611089 -0.367341 0.701164 -0.920623 0.261374 -0.290062 -0.949974 0.248596 -0.189075 -0.927289 0.126436 0.352349 -0.941285 0.138726 0.307795 -0.556113 -0.717969 0.418640 -0.707288 -0.626329 0.327805 
						0.374270 -0.737130 -0.562638 0.238003 -0.685982 -0.687592 -0.101531 0.987601 -0.119734 0.487053 0.691597 0.533360 -0.623646 -0.737881 -0.258065 -0.533064 -0.698773 -0.477031 -0.001705 -0.993503 0.113790 0.108879 -0.990752 -0.080963 -0.328748 0.809281 -0.486815 -0.375263 0.757592 -0.534071 -0.003283 0.989117 -0.147096 0.020060 0.992458 -0.120930 -0.730681 -0.623959 0.277095 0.365661 -0.781950 -0.504823 0.104672 -0.478914 -0.871599 0.105910 -0.481032 -0.870283 -0.282173 0.297747 -0.911990 -0.283138 0.300037 -0.910939 -0.436881 -0.325900 -0.838406 -0.403017 -0.310719 -0.860832 -0.835378 -0.471856 -0.281950 -0.840581 -0.472773 -0.264403 0.347103 0.112374 -0.931070 0.315207 0.095248 -0.944231 -0.454973 -0.285016 -0.843662 -0.425043 -0.271349 -0.863544 -0.349614 -0.936201 0.036016 -0.645124 -0.761656 -0.060792 -0.944608 -0.050791 0.324246 -0.936157 0.299392 0.184323 0.372154 -0.862123 -0.343869 0.372439 -0.862400 -0.342862 -0.963159 0.250170 -0.098687 -0.349311 -0.880560 0.320306 -0.987191 -0.100275 -0.124090 -0.643770 -0.662136 0.383584 0.774435 0.364852 -0.516849 0.781580 0.369571 -0.502543 -0.566989 -0.276753 -0.775842 0.179871 0.087777 -0.979766 0.301363 0.150517 -0.941554 -0.469833 -0.229553 -0.852386 -0.766279 -0.361685 0.531036 -0.774511 -0.367555 0.514817 -0.795095 -0.318525 0.516106 -0.868061 -0.428431 -0.250832 -0.861540 -0.427240 -0.274253 -0.805952 -0.325675 0.494345 -0.442138 0.756271 -0.482254 -0.442252 0.756777 -0.481355 0.432928 -0.557233 0.708565 0.350372 -0.671927 -0.652498 0.311158 -0.858830 -0.406930 0.628840 -0.609898 0.482269 -0.328177 0.692455 0.642500 -0.562057 0.531879 0.633401 -0.204221 0.708727 -0.675277 -0.441027 0.556025 -0.704508 -0.967306 -0.246710 -0.058764 -0.877275 0.478350 -0.039610 -0.860102 0.508756 -0.037315 -0.985359 -0.160241 -0.058227 -0.564347 -0.823862 -0.052578 0.105274 -0.994399 0.009360 
						0.087050 -0.996174 0.007703 -0.601581 -0.796874 -0.055611 -0.333646 0.603643 -0.724083 0.480338 -0.570949 -0.665803 0.552960 -0.473844 -0.685351 -0.401244 0.509048 -0.761494 0.536126 0.821622 -0.193664 0.514386 0.835716 -0.192318 0.979225 0.121655 -0.162227 0.982155 0.099530 -0.159580 0.503624 -0.227039 -0.833556 -0.323392 0.270657 -0.906732 0.711463 -0.587437 -0.385666 0.587778 -0.521129 -0.618823 0.201041 -0.715380 0.669189 0.223861 -0.870428 0.438454 -0.120976 0.991266 0.052510 -0.084612 0.994864 0.055555 -0.283568 -0.242132 -0.927880 0.472629 0.250473 -0.844917 0.482435 0.257259 -0.837302 -0.272327 -0.235237 -0.933007 -0.987674 -0.134146 -0.080651 -0.868624 0.492078 -0.057896 -0.877634 0.475697 -0.058913 -0.980566 -0.178832 -0.080687 -0.783943 0.310504 -0.537606 -0.057456 0.877631 0.475880 -0.223992 0.968381 0.109849 -0.845889 0.488551 -0.213984 -0.758873 -0.580281 -0.295610 -0.757695 -0.579512 -0.300105 -0.679927 -0.498249 0.538002 -0.677858 -0.496575 0.542146 -0.419355 0.515393 -0.747336 -0.200013 0.325661 -0.924089 -0.036734 -0.595104 -0.802809 0.221470 -0.712653 -0.665640 -0.164972 0.980543 -0.106395 -0.175021 0.978988 -0.104638 0.411611 -0.517179 -0.750401 -0.628754 0.330242 -0.703995 0.221787 -0.234841 -0.946393 -0.518424 0.012412 -0.855034 -0.432818 -0.350290 -0.830642 -0.434134 -0.351257 -0.829546 -0.605327 -0.430106 0.669767 -0.793390 -0.592851 -0.138061 -0.792327 -0.592287 -0.146334 -0.609145 -0.433090 0.664361 -0.902906 0.426731 0.051585 -0.189344 0.971277 -0.144120 0.236424 -0.967663 0.087936 0.285921 -0.941323 -0.179332 0.856173 -0.516658 -0.005640 0.871800 -0.489207 -0.025325 0.975490 0.199420 -0.093009 0.991637 -0.074537 0.105355 -0.490786 -0.384355 -0.781921 -0.488457 -0.382663 -0.784206 0.146091 -0.848521 -0.508596 -0.709281 0.591398 0.383626 -0.221692 0.884944 -0.409545 -0.306543 0.859069 0.409917 
						-0.609627 0.608817 -0.507638 0.732145 0.398997 -0.552056 0.760049 0.414922 -0.500165 -0.524609 -0.302181 -0.795910 -0.481386 -0.283819 -0.829285 -0.338985 -0.903496 0.262267 -0.012684 -0.756637 -0.653712 -0.820263 -0.571013 -0.033364 0.415378 -0.874488 -0.250463 -0.148546 0.000750 -0.988905 0.469061 -0.342661 -0.813981 0.456606 -0.336281 -0.823666 -0.154904 0.004504 -0.987919 -0.769305 0.385179 -0.509712 -0.774237 0.388980 -0.499252 -0.703594 -0.588033 -0.398965 -0.220343 -0.877194 0.426592 -0.305036 -0.867346 -0.393274 -0.620331 -0.611650 0.490992 -0.622722 -0.617361 -0.480711 -0.403276 -0.755782 0.515910 0.039764 0.924829 0.378299 0.852440 0.296058 -0.430925 0.604870 0.417680 0.677994 0.940322 0.337978 0.039551 0.927448 0.355806 0.115070 0.524724 0.562567 0.638892 0.898624 0.404629 0.169562 0.401028 0.806087 0.435202 0.861564 0.471377 0.188445 0.347001 0.929846 0.122382 0.826199 0.538164 0.166655 0.377116 0.900685 -0.215754 0.802007 0.587093 0.110026 0.483312 0.726412 -0.488605 0.795474 0.605048 0.033740 0.637136 0.453727 -0.623049 0.808344 0.587226 -0.041779 0.797358 0.155699 -0.583076 0.837177 0.538389 -0.096291 0.921057 -0.087829 -0.379394 0.874238 0.471639 -0.115174 0.975089 -0.211590 -0.066571 0.909604 0.404847 -0.093380 0.944971 -0.182434 0.271565 -0.468787 0.873233 -0.133049 0.933793 0.355922 -0.036749 0.838778 -0.008161 0.544412 0.940329 0.337960 0.039551 0.744581 0.103476 0.659464 -0.358062 0.706519 -0.610428 0.151399 -0.350500 0.924245 -0.095845 0.099459 0.990415 -0.453902 0.805968 0.379984 0.358064 -0.706522 0.610423 -0.317398 0.522751 0.791195 0.468787 -0.873234 0.133047 0.453901 -0.805965 -0.379993 0.317394 -0.522744 -0.791201 0.095843 -0.099454 -0.990416 -0.151390 0.350484 -0.924252 -0.639626 0.268846 0.720139 -0.798392 0.595103 0.091771 -0.801412 0.574174 0.167519 
						-0.718103 0.122013 0.685158 -0.822671 0.522862 0.223222 -0.864617 -0.115014 0.489090 -0.856467 0.454932 0.243931 -0.956909 -0.227175 0.180879 -0.893747 0.388578 0.224106 -0.970244 -0.184424 -0.156892 -0.924526 0.341574 0.169051 -0.901046 0.001793 -0.433719 -0.940549 0.326524 0.093537 -0.767865 0.281573 -0.575413 -0.937528 0.347454 0.017791 -0.606385 0.579950 -0.544018 -0.916270 0.398764 -0.037906 -0.459865 0.816980 -0.347948 -0.882471 0.466700 -0.058615 -0.367574 0.929145 -0.039731 -0.845188 0.533059 -0.038793 -0.354234 0.886393 0.298035 -0.474507 -0.873621 -0.107845 -0.814411 0.580060 0.016261 -0.423424 0.700179 0.574858 -0.798395 0.595100 0.091771 -0.456982 0.559372 0.691571 -0.426741 -0.686902 -0.588267 0.264632 0.316130 0.911061 0.031607 -0.139363 0.989737 -0.395127 -0.826252 0.401476 0.426741 0.686902 0.588267 -0.209879 -0.557497 0.803211 0.474507 0.873620 0.107851 0.395131 0.826257 -0.401461 0.209872 0.557487 -0.803219 -0.031616 0.139346 -0.989739 -0.264626 -0.316116 -0.911067 
					</float_array>
					<technique_common>
						<accessor count="4707" offset="0" source="#meshId0-bitangents-array" stride="3">
							<param name="X" type="float" />
							<param name="Y" type="float" />
							<param name="Z" type="float" />
						</accessor>
					</technique_common>
				</source>
				<source id="meshId0-tex0" name="meshId0-tex0">
					<float_array id="meshId0-tex0-array" count="9414"> 
						0.946811 0.144833 0.959847 0.146777 0.952967 0.173162 0.941473 0.167409 0.934688 0.066856 0.937470 0.075721 0.917068 0.067793 0.948637 0.090871 0.961732 0.088070 0.961756 0.117131 0.948525 0.117818 0.918104 0.023442 0.926529 0.012992 0.950436 0.032384 0.938904 0.038792 0.890565 0.099319 0.918185 0.098218 0.918971 0.128631 0.892586 0.131900 0.895208 0.016737 0.899468 0.003906 0.889973 0.067080 0.897950 0.175651 0.946778 0.064114 0.959375 0.058843 0.892086 0.034839 0.915819 0.039428 0.036361 0.421011 0.036996 0.406877 0.064775 0.407669 0.062687 0.420956 0.935623 0.191073 0.926561 0.182454 0.010676 0.449042 0.010365 0.440358 0.040822 0.439153 0.039493 0.448058 0.192595 0.539998 0.195775 0.520122 0.214449 0.544449 0.078893 0.455580 0.080350 0.447242 0.096993 0.453828 0.092892 0.461329 0.063514 0.440996 0.064657 0.450212 0.186498 0.522007 0.174864 0.500346 0.167607 0.504645 0.147523 0.481013 0.193082 0.570393 0.211628 0.573189 0.115950 0.472902 0.117975 0.465032 0.142830 0.487460 0.938847 0.096386 0.938769 0.117225 0.923579 0.165903 0.937613 0.135209 0.935198 0.153707 0.932260 0.050518 0.908566 0.203930 0.902977 0.192726 0.935692 0.042087 
						0.936673 0.039590 0.940434 0.055708 0.939074 0.058341 0.945672 0.120967 0.944068 0.145975 0.925491 0.180501 0.902053 0.190511 0.944033 0.067673 0.945805 0.094223 0.942969 0.051366 0.894504 0.018962 0.916487 0.025073 0.939214 0.166754 0.955401 0.045669 0.267660 0.556993 0.291967 0.591943 0.290938 0.602729 0.284131 0.597816 0.077420 0.426903 0.082588 0.407066 0.096342 0.425449 0.092253 0.432790 0.190581 0.490890 0.216502 0.479839 0.249136 0.499233 0.214324 0.515363 0.008238 0.422598 0.006914 0.406607 0.128215 0.444918 0.121681 0.457324 0.249889 0.550990 0.266343 0.587131 0.247225 0.580109 0.153039 0.474093 0.159775 0.460983 0.088753 0.468811 0.113914 0.480809 0.138179 0.493951 0.185434 0.541776 0.184354 0.569614 0.160454 0.509124 0.177400 0.523995 0.038047 0.456952 0.065810 0.459341 0.077396 0.463937 0.010889 0.457867 0.236423 0.545548 0.229491 0.575311 0.038151 0.397494 0.039316 0.388106 0.065036 0.377727 0.064971 0.392752 0.137862 0.411917 0.148595 0.376347 0.184678 0.387456 0.173465 0.424713 0.091824 0.362064 0.107591 0.355259 0.130212 0.349477 0.120440 0.368897 0.171618 0.339098 0.209402 0.336462 0.104516 0.392305 0.006390 0.400152 
						0.006070 0.396584 0.219594 0.438893 0.260708 0.479065 0.090369 0.385206 0.227676 0.399458 0.274621 0.432037 0.276976 0.435825 0.290425 0.402425 0.756280 0.288459 0.761878 0.291815 0.739332 0.311632 0.734416 0.307477 0.250774 0.338974 0.270148 0.370613 0.330541 0.377181 0.342822 0.404067 0.360730 0.380563 0.392360 0.385842 0.393620 0.414875 0.364809 0.407158 0.740225 0.427022 0.754135 0.428116 0.749689 0.447865 0.736632 0.446439 0.363896 0.434989 0.337950 0.429064 0.750743 0.468656 0.737441 0.469185 0.785862 0.232918 0.794552 0.245761 0.781054 0.272370 0.772762 0.265364 0.428414 0.415026 0.463276 0.419840 0.460562 0.448371 0.424383 0.448669 0.429844 0.388794 0.464608 0.397533 0.499207 0.447121 0.512197 0.460208 0.494640 0.472321 0.485669 0.464473 0.509374 0.433911 0.520910 0.452330 0.422023 0.466830 0.402137 0.469808 0.389617 0.446123 0.488341 0.412519 0.482208 0.431798 0.475826 0.456280 0.520998 0.480717 0.502211 0.491278 0.529348 0.475552 0.468386 0.464118 0.450528 0.465941 0.486669 0.499396 0.479438 0.480579 0.476149 0.472778 0.750512 0.411868 0.762690 0.412693 0.468684 0.508498 0.461237 0.489450 0.457796 0.481529 0.435956 0.493223 
						0.432884 0.483191 0.438345 0.504450 0.444423 0.520605 0.234213 0.522149 0.257542 0.527392 0.942579 0.143337 0.938055 0.162857 0.916284 0.028389 0.924734 0.175762 0.893774 0.022642 0.944187 0.094690 0.944064 0.120016 0.942520 0.069554 0.900435 0.185238 0.443685 0.543624 0.415155 0.557126 0.413724 0.534738 0.752475 0.388993 0.763425 0.386258 0.767265 0.392577 0.756732 0.394085 0.737283 0.385325 0.742054 0.381576 0.751574 0.389531 0.746953 0.393138 0.768402 0.398654 0.757746 0.398687 0.538375 0.496195 0.527429 0.503478 0.533786 0.520306 0.539707 0.545391 0.520186 0.554508 0.510157 0.536538 0.493207 0.565846 0.486107 0.547619 0.477687 0.572141 0.468974 0.553416 0.450160 0.583492 0.443536 0.566597 0.416336 0.582034 0.468638 0.530972 0.486188 0.523481 0.508953 0.513531 0.552465 0.538669 0.544448 0.514817 0.715479 0.333156 0.721355 0.335482 0.720017 0.356044 0.713544 0.357262 0.262097 0.519580 0.722579 0.335683 0.738545 0.336102 0.737876 0.354484 0.721295 0.355948 0.557610 0.503923 0.549272 0.485260 0.568108 0.527538 0.540573 0.466726 0.319574 0.349601 0.357189 0.354199 0.490398 0.392800 0.514852 0.423422 0.528126 0.442715 0.466801 0.379413 
						0.391744 0.358600 0.432350 0.364947 0.737432 0.505547 0.751610 0.500141 0.759055 0.517652 0.745307 0.524195 0.413836 0.600929 0.743001 0.381125 0.755040 0.378045 0.407149 0.493738 0.740358 0.312103 0.753002 0.315131 0.297107 0.425231 0.397281 0.600005 0.406520 0.605191 0.747356 0.366849 0.732859 0.368665 0.410671 0.515592 0.409222 0.503448 0.750319 0.396154 0.755767 0.394411 0.756632 0.398718 0.750452 0.398269 0.729474 0.469028 0.736091 0.469197 0.736084 0.505802 0.729522 0.505797 0.743064 0.409861 0.749287 0.411685 0.738904 0.426744 0.732602 0.424925 0.766169 0.261992 0.771898 0.264733 0.725865 0.372445 0.731689 0.368979 0.735315 0.446286 0.728823 0.445781 0.771642 0.296871 0.762781 0.292305 0.779526 0.228490 0.785057 0.231856 0.743879 0.524646 0.737069 0.526136 0.764262 0.318347 0.749066 0.338626 0.768157 0.377622 0.776653 0.388449 0.795094 0.273151 0.784176 0.299698 0.749388 0.354920 0.760258 0.365042 0.779974 0.397107 0.767800 0.495293 0.775404 0.508198 0.779299 0.404808 0.767892 0.466937 0.767997 0.433136 0.766152 0.449154 0.774513 0.419912 0.812062 0.246978 0.265121 0.516046 0.263784 0.476137 0.279985 0.439986 0.298270 0.430266 
						0.337306 0.433870 0.363130 0.439891 0.386527 0.449625 0.398254 0.471428 0.406887 0.517637 0.409670 0.536467 0.405559 0.505507 0.403413 0.495828 0.269968 0.557785 0.411086 0.558301 0.393308 0.597487 0.412019 0.579951 0.294190 0.587842 0.549158 0.464379 0.557758 0.482659 0.316748 0.344393 0.356554 0.348885 0.123387 0.347160 0.151786 0.336764 0.101523 0.354271 0.536571 0.438426 0.494046 0.391018 0.522078 0.419310 0.472084 0.376664 0.565708 0.501031 0.243481 0.334809 0.200043 0.330648 0.435988 0.359872 0.393247 0.352396 0.574390 0.525099 0.126773 0.324492 0.164275 0.313104 0.502498 0.373493 0.532839 0.402531 0.103962 0.333082 0.548083 0.422207 0.565658 0.449713 0.205350 0.308712 0.248555 0.312262 0.320429 0.324603 0.359468 0.329486 0.395940 0.333830 0.586647 0.484170 0.602427 0.503541 0.439719 0.340437 0.579479 0.468586 0.478335 0.355318 0.085754 0.361036 0.059960 0.373797 0.035109 0.383432 0.004435 0.391150 0.060313 0.351111 0.087032 0.338465 0.003906 0.374102 0.034851 0.364190 0.366499 0.492699 0.367830 0.496832 0.356765 0.496991 0.357976 0.492821 0.952880 0.573599 0.952703 0.565320 0.963767 0.565583 0.963197 0.573844 0.949280 0.375083 
						0.945137 0.373785 0.944862 0.364283 0.948923 0.362747 0.913497 0.375246 0.914941 0.371151 0.924447 0.371213 0.925838 0.375327 0.957202 0.362923 0.957535 0.374428 0.961728 0.365756 0.961889 0.371338 0.367576 0.505109 0.364987 0.509778 0.359980 0.509850 0.357257 0.505257 0.051632 0.748520 0.043113 0.748241 0.043424 0.738740 0.051944 0.739019 0.961320 0.633227 0.961278 0.628219 0.966863 0.628172 0.966905 0.633180 0.925368 0.383594 0.922377 0.388017 0.916792 0.387980 0.913859 0.383518 0.933100 0.455966 0.937545 0.454055 0.937547 0.465122 0.933101 0.463212 0.706770 0.490109 0.698503 0.490605 0.698362 0.479539 0.706639 0.479824 0.972306 0.381897 0.974356 0.377514 0.982435 0.377364 0.984645 0.381669 0.854498 0.561493 0.850170 0.559328 0.850234 0.551248 0.854596 0.549152 0.984363 0.389946 0.972894 0.390158 0.982493 0.393946 0.974911 0.394086 0.945819 0.454444 0.949876 0.456186 0.949877 0.462986 0.945820 0.464730 0.842989 0.551191 0.842925 0.559271 0.536082 0.316272 0.529282 0.316280 0.529273 0.308697 0.536073 0.308689 0.529703 0.565488 0.533670 0.567427 0.533680 0.575010 0.529718 0.576959 0.413184 0.308622 0.414877 0.313024 0.403812 0.312836 
						0.405655 0.308495 0.910500 0.577511 0.902224 0.578017 0.902179 0.566951 0.910459 0.567390 0.968847 0.499491 0.973126 0.501472 0.973107 0.509870 0.968818 0.511832 0.016246 0.632525 0.014338 0.636838 0.005941 0.636963 0.003906 0.632709 0.960545 0.511286 0.960571 0.499999 0.521432 0.565063 0.521447 0.577404 0.168461 0.557031 0.164585 0.560719 0.159327 0.560430 0.156812 0.555539 0.414264 0.321293 0.411554 0.325863 0.406699 0.325780 0.404145 0.321121 0.006053 0.644492 0.014450 0.644368 0.165128 0.565491 0.159535 0.565432 0.682616 0.519954 0.687065 0.522859 0.687103 0.528274 0.682695 0.531241 0.298471 0.549503 0.298857 0.557778 0.287477 0.558932 0.286193 0.550749 0.952703 0.524438 0.954122 0.520055 0.961909 0.519668 0.963756 0.523889 0.953518 0.532681 0.963762 0.532173 0.602285 0.236754 0.589896 0.234116 0.593265 0.230941 0.601564 0.232148 0.287580 0.546355 0.296230 0.545478 0.599954 0.244813 0.588587 0.242343 0.380726 0.537224 0.376368 0.526649 0.380648 0.526801 0.383656 0.534100 0.383507 0.520325 0.380510 0.517265 0.047071 0.339402 0.047475 0.329153 0.055759 0.329074 0.055323 0.340132 0.592667 0.223367 0.601698 0.224054 0.035271 0.337347 
						0.035550 0.330274 0.043438 0.330584 0.043160 0.337658 0.807639 0.386898 0.819065 0.386357 0.817479 0.390335 0.809594 0.390709 0.675010 0.473259 0.670417 0.471020 0.670469 0.464360 0.675098 0.462193 0.325628 0.315638 0.325921 0.305626 0.334215 0.305343 0.333892 0.316405 0.109764 0.650231 0.122100 0.649878 0.119772 0.654428 0.112348 0.654640 0.988843 0.348393 0.988400 0.336059 0.992966 0.338354 0.993233 0.345776 0.365096 0.557513 0.373345 0.558427 0.372901 0.569589 0.364606 0.569845 0.377343 0.560835 0.377078 0.567506 0.687570 0.464832 0.687523 0.470819 0.683297 0.472800 0.683376 0.462784 0.119963 0.661085 0.112539 0.661297 0.582340 0.672598 0.582428 0.666611 0.589104 0.666710 0.589016 0.672697 0.580242 0.662487 0.591411 0.662652 0.980549 0.348105 0.980148 0.336941 0.317982 0.576603 0.309717 0.576122 0.309828 0.564584 0.318101 0.564263 0.965047 0.433171 0.960545 0.431141 0.960558 0.424118 0.965068 0.422104 0.973319 0.432827 0.973339 0.422480 0.929179 0.532294 0.941517 0.532607 0.939152 0.536943 0.931322 0.536744 0.322474 0.566559 0.322398 0.574391 0.713544 0.400395 0.721819 0.400652 0.722020 0.412189 0.713758 0.412734 0.674337 0.519485 
						0.674424 0.531826 0.726240 0.403407 0.726343 0.409282 0.977883 0.425028 0.977873 0.430297 0.937622 0.426825 0.937733 0.416478 0.946008 0.416207 0.945889 0.427273 0.938974 0.543964 0.931144 0.543765 0.548111 0.584479 0.547933 0.579213 0.553805 0.579015 0.553983 0.584281 0.544956 0.574938 0.556488 0.574549 0.984068 0.301772 0.988727 0.301225 0.992342 0.307900 0.989339 0.311503 0.308816 0.196291 0.298147 0.196283 0.297955 0.188018 0.309021 0.188027 0.987820 0.290015 0.991300 0.293159 0.596409 0.525067 0.596250 0.537407 0.592004 0.535414 0.592113 0.526949 0.235968 0.600188 0.227701 0.600217 0.227339 0.588325 0.235593 0.587853 0.223710 0.598468 0.223463 0.590314 0.016331 0.138939 0.017622 0.146139 0.013959 0.148499 0.012076 0.137998 0.005859 0.150153 0.003906 0.139261 0.307287 0.183669 0.299696 0.183663 0.299702 0.175197 0.307294 0.175203 0.024361 0.137499 0.025652 0.144700 0.142225 0.532227 0.137208 0.521439 0.141565 0.521475 0.145005 0.528872 0.604670 0.525395 0.604516 0.537292 0.950492 0.418278 0.950417 0.425301 0.933100 0.424237 0.933157 0.418969 0.338760 0.307680 0.338566 0.314337 0.321479 0.313502 0.321654 0.307517 0.588083 0.222574 
						0.144436 0.514746 0.141395 0.511626 0.954072 0.561200 0.962594 0.561402 0.956711 0.635922 0.956624 0.625602 0.694033 0.488752 0.693940 0.481507 0.710718 0.481515 0.710805 0.488314 0.897845 0.576267 0.897814 0.568737 0.170147 0.567308 0.784095 0.399171 0.783033 0.383745 0.797881 0.383703 0.798422 0.395833 0.806398 0.488596 0.796964 0.479459 0.810112 0.455490 0.814750 0.459950 0.784896 0.413413 0.799298 0.407937 0.790290 0.468132 0.806516 0.448809 0.787303 0.313995 0.794304 0.301817 0.809328 0.323290 0.805068 0.331263 0.786684 0.455584 0.785413 0.442330 0.801774 0.430652 0.803832 0.440437 0.784485 0.428512 0.800286 0.419765 0.802737 0.291473 0.813079 0.282966 0.819664 0.314242 0.814255 0.317179 0.780970 0.368636 0.779482 0.353893 0.797926 0.360886 0.797590 0.372010 0.780179 0.340126 0.783053 0.327155 0.801752 0.340434 0.799303 0.350361 0.576629 0.233940 0.576553 0.239445 0.562752 0.236503 0.560189 0.222627 0.565695 0.222703 0.548952 0.233561 0.551128 0.228504 0.574377 0.244503 0.570431 0.248342 0.548876 0.239067 0.565316 0.250379 0.574591 0.228825 0.559810 0.250304 0.554753 0.248128 0.550914 0.244182 0.555074 0.224665 0.570752 0.224879 
						0.877510 0.937037 0.882872 0.959607 0.871385 0.965373 0.864476 0.938995 0.889551 0.859047 0.907172 0.859966 0.886777 0.867915 0.875626 0.883077 0.875767 0.910024 0.862535 0.909351 0.862528 0.880290 0.906088 0.815616 0.885305 0.830988 0.873766 0.824591 0.897653 0.805174 0.933708 0.891463 0.931721 0.924046 0.905333 0.920805 0.906087 0.890392 0.928978 0.808887 0.924704 0.796061 0.934266 0.859224 0.926404 0.967803 0.877457 0.856318 0.864855 0.851060 0.932119 0.826986 0.908390 0.831599 0.569767 0.115788 0.543441 0.115799 0.541320 0.102516 0.569097 0.101656 0.897801 0.974636 0.888748 0.983265 0.595521 0.143755 0.566701 0.142843 0.565350 0.133941 0.595810 0.135071 0.413825 0.235161 0.391982 0.239665 0.410596 0.215292 0.527321 0.150462 0.513335 0.156246 0.509216 0.148755 0.525842 0.142127 0.541543 0.145059 0.542663 0.135840 0.419878 0.217155 0.431459 0.195465 0.438726 0.199746 0.458753 0.176064 0.413413 0.265556 0.394874 0.268398 0.490306 0.167876 0.463462 0.182500 0.488262 0.160011 0.885423 0.888582 0.885523 0.909420 0.900765 0.958082 0.886698 0.927403 0.889133 0.945899 0.891961 0.842707 0.921395 0.984883 0.915818 0.996094 0.888521 0.834280 
						0.885155 0.850537 0.883792 0.847905 0.887537 0.831784 0.878624 0.913170 0.880255 0.938176 0.898869 0.972682 0.922317 0.982667 0.880206 0.859874 0.878462 0.886426 0.881253 0.843566 0.929684 0.811111 0.907708 0.817246 0.885131 0.958951 0.868815 0.837882 0.338802 0.252339 0.322431 0.293202 0.315636 0.298131 0.314581 0.287349 0.528723 0.121781 0.513904 0.127706 0.509797 0.120375 0.523506 0.101957 0.415719 0.186047 0.392036 0.210578 0.357185 0.194534 0.389771 0.175060 0.597894 0.117306 0.599179 0.101311 0.484536 0.152312 0.477972 0.139922 0.356558 0.246292 0.359294 0.275405 0.340193 0.282474 0.453220 0.169158 0.446451 0.156065 0.517493 0.163717 0.492362 0.175778 0.468129 0.188979 0.420991 0.236921 0.422139 0.264756 0.445891 0.204207 0.428981 0.219120 0.568170 0.151733 0.540412 0.154191 0.528838 0.158815 0.595330 0.152581 0.370011 0.240818 0.377016 0.270563 0.567919 0.092276 0.541087 0.087600 0.540984 0.072575 0.566730 0.082891 0.468243 0.106945 0.432672 0.119828 0.421367 0.082599 0.457423 0.071401 0.514159 0.056978 0.485560 0.063881 0.475740 0.044486 0.498374 0.050213 0.396518 0.031666 0.434308 0.034209 0.501541 0.087251 0.599686 0.094855 
						0.599997 0.091286 0.345563 0.174395 0.386578 0.134122 0.515670 0.080117 0.378400 0.094707 0.329189 0.131195 0.331534 0.127402 0.315658 0.097829 0.862093 0.477085 0.840663 0.458404 0.845563 0.454237 0.867733 0.473808 0.355153 0.034280 0.335857 0.065966 0.263265 0.099599 0.275480 0.072683 0.245299 0.076140 0.241286 0.102744 0.212494 0.110533 0.213683 0.081497 0.844051 0.339897 0.840168 0.320304 0.853208 0.318754 0.857953 0.338598 0.268199 0.124585 0.242267 0.130574 0.840848 0.297317 0.854141 0.297797 0.890269 0.533103 0.877935 0.500374 0.886381 0.493529 0.899197 0.520438 0.177700 0.110770 0.181814 0.144402 0.145634 0.144194 0.142850 0.115669 0.176205 0.084541 0.141463 0.093366 0.106987 0.143039 0.120568 0.160358 0.111616 0.168228 0.094029 0.156158 0.096787 0.129855 0.085296 0.148302 0.216574 0.141770 0.204112 0.165486 0.184219 0.162557 0.123948 0.127675 0.117767 0.108410 0.130391 0.152140 0.104092 0.187203 0.085279 0.176689 0.076916 0.171545 0.155713 0.161739 0.137850 0.159960 0.126839 0.176449 0.119654 0.195283 0.130108 0.168639 0.854686 0.355135 0.866885 0.354099 0.145061 0.185274 0.137662 0.204340 0.148483 0.177345 0.173398 0.178945 
						0.170352 0.188984 0.167991 0.200217 0.161952 0.216388 0.372164 0.217413 0.348848 0.222713 0.881740 0.935537 0.886286 0.955052 0.907914 0.820561 0.899621 0.967943 0.930418 0.814790 0.880081 0.886892 0.880230 0.912217 0.881721 0.861754 0.923930 0.977392 0.192686 0.230445 0.191310 0.252837 0.162747 0.239405 0.857797 0.378144 0.861793 0.372946 0.872305 0.374188 0.868702 0.380655 0.842914 0.381934 0.852165 0.374156 0.856888 0.377625 0.847748 0.385623 0.862547 0.368299 0.873227 0.368096 0.067940 0.192210 0.078904 0.199466 0.072589 0.216309 0.096257 0.232483 0.086273 0.250478 0.066730 0.241409 0.120335 0.243505 0.113280 0.261749 0.137482 0.249259 0.128816 0.268006 0.162953 0.262378 0.156371 0.279289 0.190191 0.277748 0.137763 0.226814 0.120195 0.219367 0.097405 0.209474 0.053955 0.234719 0.061914 0.210846 0.821592 0.433366 0.819401 0.409515 0.825877 0.410696 0.827438 0.430973 0.344274 0.214913 0.828658 0.430753 0.827157 0.410789 0.843776 0.412199 0.844601 0.430100 0.048724 0.199986 0.057016 0.181302 0.038285 0.223626 0.065670 0.162746 0.286379 0.045076 0.248775 0.049767 0.115662 0.088697 0.091283 0.119379 0.078057 0.138705 0.139225 0.075251 
						0.214231 0.054253 0.173641 0.060700 0.840919 0.260789 0.848782 0.242123 0.862512 0.248597 0.855092 0.266200 0.192737 0.296636 0.848699 0.386067 0.860713 0.389033 0.199160 0.189429 0.846584 0.453760 0.859160 0.450644 0.309032 0.120651 0.209290 0.295671 0.200063 0.300880 0.838729 0.398278 0.853261 0.400233 0.195692 0.211292 0.197111 0.199144 0.855309 0.371105 0.855250 0.368935 0.861428 0.368299 0.860818 0.372651 0.832883 0.297477 0.833010 0.260525 0.839571 0.260532 0.839498 0.297307 0.847269 0.357289 0.836454 0.342091 0.842732 0.340191 0.853462 0.355341 0.871273 0.503616 0.877058 0.500989 0.831724 0.394506 0.837558 0.397963 0.832370 0.321020 0.838853 0.320467 0.868639 0.473328 0.877507 0.468824 0.883849 0.537414 0.889444 0.534150 0.840551 0.240185 0.847356 0.241674 0.853343 0.428073 0.868938 0.448436 0.881448 0.375969 0.873009 0.388625 0.889272 0.466700 0.900605 0.493015 0.864879 0.401187 0.853527 0.411374 0.884909 0.369339 0.880470 0.258291 0.873185 0.271265 0.884190 0.361677 0.873164 0.299541 0.871480 0.317282 0.873217 0.333304 0.879482 0.346624 0.918006 0.518754 0.341241 0.211386 0.342480 0.171474 0.326190 0.135363 0.307881 0.125689 
						0.268855 0.129389 0.243046 0.135473 0.219673 0.145265 0.208000 0.167097 0.199481 0.213328 0.196744 0.232164 0.200779 0.201194 0.202901 0.191510 0.336496 0.253136 0.195383 0.254001 0.194502 0.275654 0.213257 0.293144 0.312348 0.283253 0.048524 0.178723 0.057078 0.160421 0.249397 0.044451 0.289192 0.039861 0.454134 0.031826 0.482558 0.042152 0.504441 0.049209 0.069601 0.134437 0.084047 0.115285 0.112009 0.086924 0.133935 0.072516 0.040620 0.197114 0.362435 0.030097 0.405863 0.025829 0.169990 0.055634 0.212713 0.048053 0.031996 0.221203 0.441587 0.008197 0.479117 0.019493 0.073245 0.098533 0.103514 0.069420 0.501948 0.028026 0.040542 0.145796 0.058049 0.118246 0.400502 0.003906 0.285462 0.020080 0.357306 0.007563 0.209974 0.029493 0.246435 0.025059 0.003906 0.199715 0.019639 0.180304 0.166211 0.036209 0.026768 0.164702 0.127632 0.051185 0.520226 0.055936 0.546051 0.068633 0.570926 0.078206 0.601619 0.085848 0.518893 0.033368 0.545642 0.045948 0.571137 0.058963 0.602105 0.068799 0.393626 0.568212 0.392681 0.575707 0.388130 0.576904 0.389514 0.565924 0.619321 0.134094 0.629173 0.132797 0.630094 0.141892 0.619756 0.141884 0.607686 0.142202 
						0.619531 0.145927 0.610356 0.146696 0.098316 0.306363 0.098586 0.318701 0.094265 0.316837 0.094081 0.308414 0.608674 0.133221 0.008866 0.478143 0.007986 0.465833 0.016270 0.465705 0.017084 0.477091 0.611722 0.129098 0.619093 0.130134 0.090611 0.634832 0.091293 0.624737 0.095324 0.626964 0.094905 0.633168 0.082319 0.634747 0.083065 0.623706 0.878211 0.012332 0.878211 0.003907 0.885766 0.003906 0.885766 0.012331 0.862528 0.666139 0.862584 0.659204 0.868802 0.659254 0.868747 0.666189 0.106848 0.317992 0.106601 0.306711 0.110707 0.308796 0.110859 0.315730 0.816872 0.514892 0.824248 0.514172 0.826495 0.518376 0.815481 0.519451 0.284785 0.293808 0.283070 0.306029 0.278415 0.305376 0.280130 0.293155 0.274431 0.302759 0.275580 0.294574 0.455074 0.321062 0.443019 0.323706 0.444086 0.319060 0.452160 0.317290 0.456081 0.325654 0.444026 0.328298 0.826951 0.523055 0.815937 0.524130 0.286667 0.306144 0.288275 0.294688 0.291892 0.296996 0.290780 0.304921 0.235225 0.658399 0.235398 0.648027 0.239352 0.649692 0.239233 0.656868 0.301131 0.214561 0.305634 0.215910 0.302458 0.226511 0.297955 0.225162 0.974557 0.547086 0.974280 0.538826 0.981687 0.538578 
						0.981964 0.546838 0.247235 0.657001 0.247354 0.649826 0.311727 0.237251 0.305989 0.227206 0.310262 0.226818 0.314232 0.233767 0.826954 0.526653 0.816630 0.527661 0.308966 0.217270 0.107171 0.040828 0.106357 0.048649 0.101922 0.049798 0.103068 0.038791 0.361056 0.301285 0.362850 0.310986 0.354640 0.312413 0.352947 0.301227 0.807639 0.662398 0.810580 0.650412 0.814251 0.653152 0.812161 0.661668 0.004532 0.476662 0.003906 0.467916 0.355399 0.288485 0.363770 0.290741 0.367215 0.293756 0.365057 0.301317 0.741429 0.564966 0.741678 0.554732 0.745649 0.556487 0.745480 0.563406 0.733147 0.565179 0.733416 0.554116 0.388130 0.558199 0.388130 0.549430 0.395993 0.549430 0.395993 0.558199 0.921338 0.648991 0.921422 0.641273 0.928343 0.641348 0.928259 0.649066 0.020320 0.467269 0.020870 0.474967 0.274445 0.514894 0.274431 0.506371 0.278581 0.505093 0.278598 0.516159 0.732425 0.285136 0.722108 0.284889 0.721933 0.276610 0.732996 0.276875 0.506945 0.014332 0.519052 0.011938 0.518458 0.016239 0.509132 0.018083 0.709623 0.277490 0.710745 0.273295 0.720226 0.272618 0.505749 0.006139 0.517040 0.003906 0.827051 0.504362 0.815481 0.506359 0.817602 0.501432 
						0.823075 0.500757 0.286870 0.515773 0.286853 0.505452 0.291489 0.508102 0.291497 0.513110 0.082527 0.556373 0.082319 0.546869 0.090841 0.546683 0.091049 0.556187 0.817587 0.496240 0.823417 0.495823 0.397984 0.530300 0.395875 0.541615 0.392050 0.537888 0.393074 0.532398 0.710627 0.285709 0.278384 0.533167 0.278352 0.525921 0.282789 0.523990 0.282839 0.535057 0.145143 0.301873 0.145387 0.291590 0.153667 0.291396 0.153405 0.302459 0.882132 0.545280 0.894472 0.545179 0.892377 0.549541 0.884297 0.549607 0.580668 0.438395 0.580747 0.426054 0.585078 0.428213 0.585027 0.436293 0.791957 0.522778 0.792568 0.510452 0.800807 0.511297 0.800239 0.522753 0.804670 0.513434 0.804295 0.521008 0.291110 0.534629 0.291064 0.524344 0.295128 0.526069 0.295159 0.532868 0.892437 0.556786 0.884357 0.556852 0.013451 0.545572 0.005868 0.545584 0.005857 0.538785 0.013440 0.538772 0.003906 0.534824 0.015377 0.534804 0.572400 0.437907 0.572474 0.426437 0.964849 0.459906 0.964752 0.470971 0.960545 0.469492 0.960616 0.461310 0.820113 0.378413 0.811848 0.378518 0.811938 0.367452 0.820200 0.367691 0.055079 0.506123 0.050954 0.504427 0.051148 0.495304 0.055341 0.493784 
						0.698084 0.452814 0.693940 0.451164 0.694032 0.442040 0.698208 0.440473 0.063598 0.494151 0.063345 0.506107 0.067348 0.495647 0.067154 0.504771 0.976860 0.469635 0.973017 0.470872 0.973111 0.460149 0.976932 0.461453 0.831521 0.653997 0.831504 0.663122 0.823322 0.663107 0.823338 0.653982 0.862788 0.558599 0.862528 0.549477 0.870708 0.549244 0.870968 0.558366 0.706469 0.440747 0.710235 0.442201 0.710144 0.451327 0.706349 0.452705 0.367831 0.521825 0.356765 0.521832 0.358648 0.517694 0.365790 0.517690 0.671184 0.493675 0.670417 0.485395 0.681481 0.485206 0.680997 0.493507 0.666496 0.421618 0.668712 0.417575 0.676676 0.417658 0.678836 0.421747 0.333241 0.582135 0.335488 0.578167 0.343452 0.578256 0.345581 0.582273 0.678051 0.430025 0.667108 0.429911 0.675554 0.434185 0.669517 0.434121 0.359600 0.534445 0.357396 0.530123 0.367210 0.530116 0.365013 0.534442 0.085540 0.741469 0.085578 0.749433 0.078437 0.749467 0.078399 0.741503 0.717933 0.659343 0.711897 0.659230 0.711998 0.653818 0.718034 0.653930 0.720565 0.649791 0.709623 0.649587 0.344791 0.590550 0.333847 0.590428 0.334038 0.494389 0.333938 0.505455 0.329320 0.503164 0.329379 0.496596 
						0.314726 0.498794 0.306449 0.498907 0.306759 0.487845 0.315017 0.488421 0.960981 0.330209 0.956624 0.327455 0.957030 0.320141 0.961666 0.317886 0.956624 0.483423 0.959082 0.478892 0.966407 0.478811 0.968964 0.483287 0.969901 0.318729 0.969259 0.330283 0.973912 0.321331 0.973534 0.328140 0.346511 0.503093 0.342212 0.505185 0.342305 0.494809 0.346567 0.496978 0.116332 0.743485 0.116376 0.750810 0.109807 0.750849 0.109764 0.743523 0.625115 0.192577 0.618301 0.192842 0.618063 0.186731 0.624878 0.186467 0.627091 0.182228 0.615527 0.182677 0.968671 0.491559 0.957100 0.491687 0.337470 0.486554 0.337482 0.474213 0.345753 0.474672 0.345742 0.486111 0.130086 0.630984 0.129693 0.642043 0.125446 0.640256 0.125723 0.632465 0.138340 0.631682 0.137976 0.641933 0.003906 0.514720 0.005760 0.510503 0.014455 0.510566 0.016247 0.514810 0.333241 0.484727 0.333249 0.476032 0.015736 0.523078 0.004298 0.522995 0.013936 0.526964 0.006041 0.526907 0.984120 0.614874 0.988063 0.613202 0.988276 0.623457 0.984267 0.621951 0.986868 0.597144 0.987293 0.605417 0.976227 0.605445 0.976611 0.597170 0.953519 0.012897 0.944862 0.012090 0.945586 0.004328 0.954243 0.005135 
						0.976374 0.622115 0.976227 0.615037 0.349650 0.476448 0.349643 0.484342 0.065938 0.518776 0.054875 0.518523 0.057183 0.513963 0.063841 0.514116 0.036546 0.541212 0.028274 0.541880 0.028082 0.530816 0.036372 0.531197 0.560638 0.405705 0.563176 0.401269 0.570602 0.401403 0.572978 0.405928 0.169149 0.656117 0.166587 0.660539 0.159162 0.660363 0.156812 0.655825 0.572243 0.414194 0.561074 0.413992 0.569922 0.418244 0.563247 0.418123 0.057128 0.531071 0.055210 0.526815 0.065224 0.527044 0.063114 0.531208 0.166430 0.667197 0.159004 0.667021 0.813627 0.670219 0.813635 0.676896 0.807647 0.676904 0.807639 0.670226 0.012257 0.612997 0.016334 0.615269 0.016293 0.621946 0.012188 0.624167 0.003906 0.624702 0.003982 0.612361 0.356765 0.586334 0.367822 0.586780 0.365910 0.591063 0.358325 0.590757 0.148970 0.642424 0.149141 0.634159 0.160196 0.634654 0.159628 0.642902 0.964818 0.414264 0.960546 0.412327 0.960545 0.403861 0.964816 0.401923 0.310057 0.480014 0.305796 0.478053 0.305842 0.469588 0.310124 0.467673 0.973080 0.402143 0.973082 0.414041 0.977015 0.404012 0.977017 0.412170 0.699373 0.524018 0.697861 0.519932 0.708521 0.520365 0.706682 0.524315 
						0.357297 0.578084 0.367956 0.578514 0.107627 0.636504 0.107718 0.628038 0.115309 0.628120 0.115218 0.636585 0.706351 0.532467 0.699042 0.532170 0.318386 0.467939 0.322312 0.469830 0.322268 0.477988 0.318322 0.479836 0.023625 0.539758 0.023509 0.533099 0.040721 0.539124 0.040617 0.533138 0.957656 0.014925 0.958683 0.003906 0.985270 0.593171 0.978191 0.593189 0.301876 0.496529 0.302060 0.489963 0.319065 0.496785 0.319236 0.490672 0.672384 0.481210 0.679524 0.481088 0.673458 0.497961 0.678870 0.497868 0.807639 0.377042 0.807706 0.368860 0.823955 0.377175 0.824022 0.368992 0.105843 0.640842 0.116909 0.640961 0.150465 0.646517 0.157773 0.646844 0.972306 0.534487 0.983367 0.534117 0.312321 0.219943 0.456470 0.329231 0.445170 0.331710 0.348923 0.303544 0.350138 0.311442 0.366606 0.308326 0.627710 0.146606 0.625875 0.128716 0.529090 0.016597 0.526189 0.019828 0.828417 0.493872 0.157895 0.300654 0.158066 0.293411 0.141129 0.300035 0.141290 0.293237 0.889097 0.367374 0.903482 0.370797 0.902872 0.382862 0.887999 0.382762 0.911792 0.277888 0.920394 0.306648 0.915782 0.311154 0.902487 0.287174 0.890123 0.353164 0.904495 0.358767 0.912197 0.317890 
						0.895995 0.298627 0.892458 0.452234 0.910074 0.434928 0.914390 0.442820 0.899546 0.464346 0.892456 0.311170 0.909476 0.326301 0.907314 0.336108 0.891152 0.324384 0.890035 0.338149 0.905666 0.346987 0.908051 0.474624 0.919357 0.448848 0.924799 0.451714 0.918593 0.482859 0.885967 0.397883 0.902552 0.394507 0.902838 0.405562 0.884328 0.412582 0.885023 0.426295 0.904203 0.416007 0.906690 0.425846 0.888016 0.439215 0.098312 0.279922 0.084435 0.277367 0.098234 0.274417 0.081879 0.291245 0.087385 0.291166 0.070636 0.280317 0.072815 0.285373 0.096054 0.269361 0.092106 0.265524 0.070557 0.274812 0.086990 0.263490 0.096278 0.285039 0.081485 0.263568 0.076429 0.265747 0.072591 0.269696 0.076763 0.289210 0.092441 0.288987 0.571481 0.855947 0.570861 0.875580 0.552074 0.875698 0.552771 0.855965 0.432961 0.848030 0.441940 0.874285 0.435425 0.882516 0.419871 0.855615 0.554544 0.781213 0.554352 0.803301 0.529503 0.803222 0.529756 0.781175 0.504231 0.803138 0.504539 0.781134 0.589648 0.781248 0.589435 0.803481 0.572802 0.803272 0.573002 0.781233 0.527233 0.856206 0.526083 0.876728 0.499588 0.876977 0.501182 0.856251 0.446279 0.857573 0.477868 0.803206 
						0.478057 0.781095 0.474109 0.856817 0.479633 0.876781 0.464663 0.877786 0.479702 0.878341 0.465502 0.885549 0.447821 0.804609 0.431425 0.799886 0.431303 0.780643 0.447978 0.781057 0.431512 0.816820 0.417588 0.816509 0.427654 0.801084 0.626701 0.781271 0.626289 0.804375 0.608956 0.803837 0.609274 0.781260 0.604195 0.857100 0.600416 0.876704 0.585431 0.876641 0.587207 0.856338 0.615350 0.875101 0.616740 0.882370 0.600423 0.878171 0.617666 0.857510 0.637951 0.853863 0.498675 0.636961 0.497524 0.663261 0.461733 0.666469 0.463419 0.640683 0.344182 0.958648 0.344100 0.955374 0.373956 0.949623 0.374200 0.952845 0.408055 0.941744 0.408382 0.944890 0.600874 0.653922 0.608135 0.620338 0.627600 0.618854 0.621272 0.657012 0.557592 0.629828 0.555623 0.656772 0.528478 0.659905 0.529582 0.633264 0.293241 0.963412 0.292010 0.961020 0.317020 0.958970 0.316995 0.962115 0.599709 0.624476 0.593864 0.652142 0.578316 0.653920 0.582238 0.626439 0.276041 0.963971 0.268484 0.962338 0.311425 0.640617 0.303716 0.637560 0.304542 0.620567 0.313164 0.625307 0.423776 0.644170 0.421358 0.668694 0.382867 0.668752 0.386155 0.646843 0.446067 0.932290 0.446455 0.935286 
						0.481734 0.922862 0.482156 0.925575 0.326344 0.649774 0.329013 0.664882 0.327154 0.665432 0.323193 0.650551 0.526333 0.911629 0.525798 0.909734 0.533721 0.907116 0.534199 0.908762 0.536602 0.906602 0.536415 0.908376 0.287820 0.663628 0.278438 0.680339 0.260435 0.659033 0.276445 0.651696 0.553039 0.927120 0.554916 0.925531 0.567369 0.940391 0.566147 0.943037 0.578828 0.953200 0.583452 0.959762 0.336689 0.649128 0.336013 0.664718 0.356775 0.648266 0.353672 0.666609 0.508721 0.915084 0.509179 0.917379 0.302905 0.663394 0.303531 0.683380 0.321406 0.651682 0.326030 0.666638 0.324250 0.669623 0.318940 0.654223 0.538820 0.907178 0.537805 0.908400 0.541777 0.909413 0.540152 0.910110 0.313362 0.658659 0.318494 0.676202 0.546546 0.915227 0.544695 0.916240 0.625622 0.571194 0.643587 0.570401 0.644062 0.574072 0.625947 0.574727 0.587325 0.335955 0.559564 0.349277 0.537115 0.331020 0.569873 0.315120 0.606996 0.366142 0.581976 0.374353 0.618437 0.397311 0.624900 0.426444 0.598518 0.424735 0.592203 0.397494 0.623881 0.562266 0.643048 0.561575 0.629914 0.454878 0.604605 0.452999 0.664747 0.582781 0.664957 0.589432 0.646801 0.589407 0.646706 0.582379 
						0.633818 0.481671 0.610515 0.479994 0.614576 0.503879 0.636774 0.505666 0.639496 0.526770 0.617265 0.525919 0.673710 0.666186 0.655411 0.668768 0.654245 0.658963 0.672884 0.656672 0.620743 0.546374 0.640447 0.546077 0.674934 0.675193 0.657008 0.678087 0.677209 0.692783 0.659785 0.696407 0.659699 0.693048 0.677204 0.689674 0.672650 0.646757 0.652833 0.649357 0.653948 0.638909 0.672798 0.636877 0.653067 0.641979 0.676980 0.694240 0.659583 0.697858 0.676283 0.683480 0.658629 0.686609 0.658624 0.074649 0.657350 0.074157 0.659928 0.065178 0.661123 0.065727 0.661540 0.061637 0.662883 0.062004 0.620007 0.277452 0.619500 0.273704 0.627055 0.244842 0.628582 0.246159 0.633017 0.215375 0.634676 0.216286 0.608819 0.308718 0.638417 0.186102 0.640040 0.186906 0.643186 0.158263 0.644759 0.158970 0.647068 0.133251 0.648619 0.133869 0.650595 0.110687 0.652096 0.111236 0.663090 0.041669 0.661734 0.041555 0.662854 0.032647 0.664229 0.032795 0.664238 0.023390 0.665634 0.023491 0.654193 0.090152 0.655577 0.090652 0.662071 0.060403 0.663363 0.060168 0.661774 0.056823 0.663069 0.056595 0.665514 0.013682 0.666866 0.014087 0.667650 0.003906 0.667889 0.006971 
						0.661304 0.050067 0.662645 0.050058 0.742692 0.682565 0.745588 0.703112 0.739400 0.702535 0.736642 0.683007 0.924906 0.702464 0.931065 0.724003 0.897985 0.721131 0.893883 0.699518 0.959058 0.727101 0.951530 0.704414 0.974241 0.703237 0.979382 0.732881 0.860029 0.717659 0.857103 0.695768 0.818443 0.712953 0.815712 0.690887 0.783280 0.708386 0.780388 0.686301 0.735694 0.702925 0.733008 0.683776 0.730806 0.705222 0.728069 0.685689 0.719478 0.710402 0.716598 0.689847 0.702944 0.717959 0.699921 0.696382 0.763704 0.705642 0.760692 0.683624 0.753672 0.704178 0.750663 0.682610 0.684388 0.726585 0.681320 0.704684 0.669454 0.733147 0.666496 0.712029 0.746390 0.792370 0.738287 0.791882 0.741851 0.771334 0.750556 0.770688 0.642908 0.814831 0.649139 0.856292 0.641356 0.814462 0.317938 0.652969 0.312365 0.657182 0.302355 0.661362 0.322609 0.648499 0.320103 0.649275 0.386479 0.644499 0.357137 0.646291 0.337002 0.647479 0.288936 0.661782 0.280956 0.654225 0.326592 0.648216 0.463583 0.637914 0.424009 0.641540 0.584510 0.623220 0.557958 0.626911 0.529675 0.630433 0.498787 0.634146 0.641547 0.797163 0.642906 0.786499 0.642989 0.797814 0.641995 0.780645 
						0.685917 0.067254 0.706129 0.065521 0.706462 0.081027 0.686762 0.081689 0.706375 0.099542 0.686001 0.100447 0.715936 0.218696 0.708900 0.231757 0.681909 0.217215 0.689777 0.210468 0.780938 0.097466 0.780928 0.121958 0.758933 0.122222 0.758931 0.097653 0.780915 0.146783 0.759086 0.147172 0.780953 0.063007 0.780946 0.079330 0.758953 0.079494 0.758798 0.063171 0.706298 0.125065 0.706461 0.151097 0.685933 0.153303 0.686376 0.126506 0.706055 0.205736 0.780900 0.165496 0.759175 0.165978 0.780886 0.179581 0.759012 0.180098 0.706603 0.170694 0.706258 0.185249 0.685911 0.187997 0.686655 0.173230 0.685222 0.173197 0.678258 0.187227 0.780858 0.202052 0.781054 0.218422 0.762691 0.218276 0.757789 0.202408 0.761727 0.221917 0.747664 0.232699 0.746387 0.218940 0.780975 0.026328 0.780962 0.043616 0.758469 0.043793 0.757981 0.026495 0.705593 0.048651 0.686308 0.052392 0.688147 0.037571 0.685000 0.052390 0.681055 0.036197 0.709198 0.015054 0.705282 0.035167 0.462651 0.632682 0.456225 0.607665 0.491236 0.603390 0.497790 0.628899 0.342750 0.949760 0.372384 0.944112 0.373437 0.947155 0.343689 0.952888 0.406360 0.936338 0.407470 0.939290 0.612253 0.578822 
						0.627156 0.616840 0.607835 0.617570 0.598652 0.615690 0.585809 0.590838 0.592197 0.586933 0.528623 0.625203 0.521342 0.599779 0.547809 0.596081 0.556516 0.621731 0.292649 0.956171 0.316031 0.953434 0.316740 0.956470 0.291857 0.958509 0.581262 0.618156 0.569998 0.593665 0.268575 0.959813 0.275694 0.957402 0.258748 0.656043 0.276402 0.650597 0.385628 0.639701 0.379255 0.618269 0.416682 0.612788 0.423136 0.636442 0.444349 0.927031 0.445437 0.929846 0.480015 0.917887 0.481044 0.920435 0.321892 0.644130 0.321560 0.629883 0.325283 0.629445 0.326532 0.644170 0.524316 0.905506 0.532501 0.903101 0.532973 0.904786 0.525012 0.907350 0.536404 0.902518 0.536496 0.904201 0.264548 0.627028 0.275290 0.637863 0.558726 0.922398 0.572185 0.937936 0.569400 0.938700 0.556856 0.923928 0.586117 0.957343 0.580371 0.951893 0.336493 0.643375 0.333055 0.628141 0.350642 0.623964 0.356373 0.641851 0.507070 0.910508 0.507969 0.912674 0.291170 0.636966 0.288170 0.616837 0.317776 0.628518 0.317049 0.643678 0.540453 0.903392 0.540233 0.905066 0.544388 0.906181 0.543649 0.907799 0.549830 0.912068 0.548487 0.913656 0.663633 0.567964 0.663795 0.573118 0.646219 0.573834 
						0.645999 0.569542 0.590179 0.287464 0.609681 0.310602 0.589572 0.334521 0.571900 0.314366 0.641329 0.380469 0.650044 0.412299 0.628495 0.425255 0.621084 0.396279 0.610984 0.367138 0.609288 0.365098 0.627317 0.425904 0.663734 0.558755 0.645656 0.561093 0.628490 0.349132 0.654123 0.636582 0.672570 0.634375 0.655669 0.443809 0.658325 0.473118 0.636379 0.481315 0.633584 0.453927 0.632367 0.454432 0.660542 0.498412 0.662768 0.521238 0.642195 0.526302 0.639304 0.505337 0.666346 0.606196 0.667882 0.615340 0.649270 0.617368 0.647887 0.607546 0.663688 0.542381 0.643202 0.545837 0.665441 0.597520 0.646342 0.598192 0.664296 0.577582 0.646503 0.577559 0.670085 0.624872 0.651385 0.627266 0.652583 0.634111 0.591754 0.285512 0.661083 0.075205 0.663402 0.066612 0.664700 0.066928 0.662434 0.075318 0.664915 0.062804 0.666114 0.063362 0.622477 0.277978 0.631033 0.246642 0.632548 0.246087 0.624216 0.274984 0.637161 0.216717 0.638986 0.216497 0.642536 0.187316 0.644341 0.187115 0.647260 0.159365 0.648976 0.159190 0.651123 0.134246 0.652785 0.134139 0.654594 0.111630 0.656182 0.111612 0.665601 0.041920 0.666744 0.033166 0.668098 0.033449 0.666946 0.042128 
						0.668143 0.023860 0.669514 0.024180 0.658067 0.091096 0.659524 0.091137 0.665737 0.059986 0.667009 0.060442 0.665448 0.056288 0.666791 0.056339 0.669442 0.014418 0.670854 0.014339 0.670048 0.007146 0.670969 0.004302 0.665142 0.050060 0.666484 0.050162 0.731591 0.790768 0.734256 0.771899 0.920275 0.785278 0.889605 0.786616 0.895196 0.766127 0.928042 0.766455 0.976708 0.760380 0.968994 0.788764 0.946541 0.786207 0.955870 0.764149 0.852918 0.787696 0.857415 0.766106 0.811368 0.789147 0.815763 0.767278 0.775865 0.790814 0.780424 0.768843 0.726204 0.789604 0.727778 0.771594 0.719136 0.788507 0.720921 0.769059 0.706792 0.785183 0.709137 0.764018 0.690162 0.779139 0.692283 0.756854 0.756292 0.792049 0.760768 0.769927 0.671728 0.772191 0.672737 0.749405 0.657410 0.766443 0.656561 0.747114 0.655330 0.767575 0.654734 0.745820 0.706925 0.003906 0.747930 0.009731 0.748254 0.011249 0.310661 0.642022 0.303207 0.639400 0.291040 0.639164 0.322474 0.645708 0.317189 0.645856 0.386289 0.641984 0.356982 0.643785 0.336931 0.645001 0.276942 0.639237 0.277705 0.646670 0.326757 0.645693 0.463321 0.635364 0.423788 0.638995 0.584187 0.620577 0.557613 0.624408 
						0.529361 0.627928 0.498490 0.631616 0.765354 0.010924 0.775970 0.009731 0.781399 0.010928 0.764798 0.009460 0.433124 0.883536 0.417881 0.857165 0.645386 0.786407 0.645499 0.797831 0.645423 0.814732 0.499748 0.879492 0.480369 0.880794 0.466770 0.887692 0.552116 0.878313 0.526245 0.879340 0.585198 0.879134 0.570776 0.878096 0.616051 0.884795 0.599960 0.880653 0.246986 0.960988 0.247144 0.958469 0.278594 0.649861 0.282515 0.652332 0.316227 0.651426 0.301863 0.658943 0.311165 0.655008 0.289769 0.659410 0.425284 0.800173 0.428803 0.780688 0.645373 0.607945 0.643661 0.598398 0.646781 0.617780 0.644474 0.576883 0.644292 0.581951 0.648619 0.627434 0.650425 0.635433 0.644240 0.589279 0.651563 0.855593 0.741304 0.768899 0.750206 0.768189 0.733722 0.769679 0.895255 0.763613 0.928056 0.763942 0.857413 0.763586 0.811446 0.791671 0.775949 0.793339 0.852977 0.790214 0.889671 0.789127 0.920372 0.787784 0.946584 0.788729 0.968825 0.791281 0.815681 0.764753 0.780294 0.766318 0.756298 0.794581 0.746183 0.794870 0.728519 0.769632 0.722234 0.767025 0.725633 0.791431 0.718872 0.790797 0.730671 0.792744 0.710274 0.761749 0.693189 0.754471 0.706210 0.787636 
						0.689312 0.781535 0.760556 0.767399 0.737679 0.794265 0.673103 0.746849 0.670645 0.774482 0.955744 0.761632 0.976462 0.757882 0.644617 0.780778 0.571635 0.706560 0.552931 0.706490 0.552297 0.686097 0.571006 0.686265 0.433115 0.714049 0.420026 0.706470 0.435612 0.679618 0.442129 0.687849 0.529548 0.759126 0.554394 0.759128 0.504278 0.759126 0.572848 0.759198 0.589486 0.759016 0.527392 0.706134 0.501346 0.705955 0.499881 0.685294 0.526390 0.685560 0.446458 0.704550 0.477914 0.758979 0.474308 0.705356 0.464846 0.684322 0.479805 0.685289 0.479885 0.683732 0.465678 0.676555 0.431626 0.762224 0.447862 0.757484 0.427851 0.761008 0.417720 0.745601 0.431629 0.745284 0.609009 0.758683 0.626349 0.758162 0.604320 0.705421 0.587347 0.706152 0.585568 0.685822 0.600567 0.685792 0.615492 0.687439 0.600578 0.684326 0.616895 0.680173 0.638045 0.708715 0.617785 0.705013 0.168607 0.712149 0.171464 0.737875 0.135581 0.736294 0.133230 0.710180 0.602940 0.892645 0.632945 0.898511 0.632695 0.901732 0.602851 0.895919 0.667111 0.906537 0.666778 0.909682 0.031096 0.731480 0.023183 0.698137 0.031717 0.702070 0.038264 0.729756 0.102183 0.707959 0.104542 0.734326 
						0.077278 0.732528 0.074048 0.705646 0.552009 0.887775 0.575760 0.889122 0.575779 0.892267 0.550773 0.890165 0.049159 0.703689 0.054540 0.730394 0.527249 0.888798 0.534810 0.887180 0.318565 0.705866 0.319070 0.690367 0.327617 0.687207 0.326021 0.705250 0.246006 0.714505 0.250271 0.736485 0.211999 0.737939 0.208289 0.713804 0.705164 0.916219 0.704770 0.919214 0.740845 0.926000 0.740417 0.928713 0.308850 0.714405 0.307221 0.729260 0.305103 0.729099 0.305624 0.713954 0.784995 0.940029 0.792856 0.942909 0.792376 0.944554 0.784457 0.941924 0.795071 0.943298 0.795255 0.945073 0.363920 0.716949 0.378926 0.722840 0.356118 0.743327 0.351508 0.726926 0.811713 0.924573 0.824836 0.908668 0.826055 0.911315 0.813589 0.926164 0.842156 0.891959 0.837526 0.898517 0.295390 0.714213 0.297642 0.729698 0.279636 0.732864 0.275365 0.714623 0.767852 0.934249 0.767389 0.936543 0.334110 0.723438 0.331232 0.743636 0.314089 0.717033 0.311015 0.732374 0.308666 0.730093 0.310855 0.715258 0.796461 0.943277 0.797474 0.944500 0.798810 0.941570 0.800434 0.942268 0.317370 0.737325 0.321241 0.719970 0.803360 0.935445 0.805209 0.936460 0.068799 0.897674 0.064863 0.897533 
						0.068198 0.877314 0.071617 0.878186 0.320503 0.927583 0.307643 0.923966 0.303747 0.898404 0.317191 0.897265 0.253295 0.918611 0.222895 0.916336 0.216830 0.890478 0.247121 0.892429 0.078528 0.899013 0.080186 0.879677 0.282865 0.921260 0.280674 0.894446 0.059770 0.855718 0.062006 0.875255 0.055777 0.874556 0.052871 0.855788 0.192646 0.913749 0.164274 0.910929 0.160264 0.886578 0.187670 0.888473 0.139074 0.908359 0.116230 0.905641 0.115245 0.883222 0.136337 0.884874 0.034230 0.894495 0.023833 0.892046 0.031697 0.876495 0.039759 0.876659 0.095208 0.902179 0.095696 0.881431 0.044159 0.895803 0.048029 0.877367 0.063273 0.897892 0.059903 0.897787 0.062826 0.877852 0.066561 0.877445 0.013710 0.886890 0.006006 0.877243 0.021599 0.875517 0.023940 0.876756 0.022298 0.875613 0.053199 0.896792 0.056181 0.877589 0.078581 0.900378 0.068919 0.898980 0.064746 0.899250 0.286191 0.923259 0.254099 0.920477 0.223343 0.918186 0.193021 0.915538 0.164563 0.912645 0.139260 0.910027 0.116311 0.907242 0.043793 0.897104 0.033780 0.895798 0.023146 0.893224 0.095232 0.903658 0.062913 0.899487 0.059403 0.899032 0.013134 0.888014 0.007543 0.880810 0.052791 0.898061 
						0.747726 0.544409 0.740216 0.541264 0.741207 0.539787 0.748914 0.542945 0.734475 0.539547 0.734876 0.537972 0.915967 0.597162 0.885280 0.590611 0.886428 0.589027 0.918943 0.596078 0.848704 0.581005 0.849658 0.579345 0.946010 0.602765 0.936159 0.602475 0.808853 0.568003 0.809898 0.566381 0.775416 0.555891 0.776539 0.554316 0.731464 0.539704 0.730679 0.538204 0.727548 0.542523 0.726059 0.541747 0.719570 0.552131 0.717924 0.551411 0.707910 0.566100 0.706190 0.565315 0.756992 0.548573 0.758185 0.547060 0.693559 0.581905 0.692421 0.580422 0.676850 0.597034 0.680929 0.591837 0.283264 0.825199 0.298128 0.839348 0.297976 0.841333 0.282524 0.826592 0.325965 0.761932 0.341521 0.757130 0.334435 0.778568 0.316569 0.777444 0.225840 0.800753 0.220824 0.818735 0.200654 0.818453 0.205981 0.800309 0.314307 0.776587 0.322579 0.766163 0.206445 0.798750 0.226255 0.799232 0.236006 0.800753 0.231239 0.818374 0.268939 0.814343 0.261080 0.829917 0.252463 0.821658 0.259137 0.805955 0.236275 0.799296 0.259816 0.804686 0.269663 0.813042 0.273932 0.842854 0.254636 0.802403 0.248728 0.818492 0.245479 0.817680 0.250866 0.801110 0.251170 0.799507 0.255200 0.800925 
						0.170122 0.799055 0.164746 0.817176 0.122491 0.814910 0.128102 0.797012 0.128578 0.795474 0.170582 0.797497 0.091101 0.794418 0.084581 0.811813 0.054116 0.809709 0.061372 0.791865 0.033759 0.810313 0.041378 0.791635 0.311302 0.750002 0.311907 0.771312 0.293511 0.779282 0.290741 0.760497 0.060030 0.790203 0.032879 0.789417 0.091439 0.792915 0.244329 0.800805 0.239475 0.817867 0.244502 0.799357 0.024405 0.812657 0.643023 0.747761 0.641471 0.748130 0.649232 0.706291 0.314771 0.715592 0.321980 0.718289 0.334725 0.721410 0.308990 0.712379 0.311522 0.712923 0.245551 0.712183 0.274887 0.712663 0.294941 0.712571 0.350650 0.724825 0.359162 0.718974 0.305161 0.712404 0.168310 0.709396 0.207938 0.711189 0.046855 0.700553 0.073547 0.702761 0.101967 0.705144 0.132982 0.707378 0.641607 0.765416 0.642938 0.776085 0.643052 0.764769 0.875634 0.081824 0.855255 0.081100 0.855593 0.065590 0.875852 0.067365 0.875738 0.100550 0.855296 0.099626 0.845575 0.218793 0.871742 0.210597 0.879600 0.217356 0.852593 0.231863 0.802760 0.097677 0.802729 0.122249 0.802543 0.147198 0.802930 0.063195 0.802759 0.079518 0.855370 0.125150 0.875936 0.126675 0.875725 0.153388 
						0.855149 0.151196 0.855474 0.205838 0.802425 0.166006 0.802565 0.180124 0.855010 0.170785 0.874898 0.173370 0.875637 0.188135 0.855311 0.185347 0.876331 0.173340 0.883292 0.187376 0.803742 0.202432 0.798828 0.218384 0.815121 0.218993 0.813837 0.232755 0.799788 0.222022 0.803770 0.026528 0.803272 0.043821 0.856160 0.048710 0.875440 0.052488 0.873620 0.037645 0.880712 0.036274 0.876748 0.052486 0.856467 0.035224 0.852589 0.015102 0.133722 0.702094 0.139137 0.676359 0.174214 0.678853 0.168989 0.704134 0.601490 0.901531 0.602435 0.898404 0.632170 0.904199 0.631111 0.907240 0.666188 0.912135 0.665072 0.915085 0.044986 0.667971 0.032625 0.693307 0.023572 0.695413 0.004299 0.692933 0.019520 0.657486 0.038822 0.664611 0.074759 0.697512 0.082518 0.671741 0.108958 0.674027 0.102795 0.699895 0.551402 0.895014 0.550614 0.892675 0.575493 0.894767 0.574778 0.897801 0.060266 0.669686 0.050064 0.695392 0.534449 0.893749 0.527335 0.891323 0.366032 0.717567 0.378990 0.718739 0.208579 0.706055 0.213838 0.681981 0.251543 0.685847 0.246137 0.707353 0.704135 0.921656 0.703041 0.924469 0.739723 0.931139 0.738689 0.933685 0.304742 0.708268 0.305863 0.693475 
						0.309769 0.693558 0.309121 0.708049 0.782968 0.946149 0.783667 0.944306 0.791624 0.946884 0.791149 0.948568 0.795146 0.947474 0.795052 0.949157 0.353824 0.710506 0.364715 0.693760 0.817396 0.929300 0.815528 0.927769 0.828085 0.913008 0.830870 0.913775 0.839067 0.899825 0.844819 0.894380 0.295116 0.708384 0.297786 0.692653 0.275388 0.708173 0.280116 0.690013 0.766633 0.938951 0.765730 0.941116 0.338014 0.706362 0.342714 0.686276 0.313490 0.707607 0.313967 0.692625 0.798885 0.946613 0.799103 0.948288 0.802304 0.943885 0.803041 0.945503 0.807148 0.938033 0.808490 0.939622 0.075013 0.855998 0.072837 0.875915 0.069151 0.875216 0.069729 0.856862 0.317195 0.894607 0.324196 0.865800 0.352353 0.859123 0.346280 0.896441 0.258268 0.864389 0.247327 0.889929 0.217047 0.887992 0.227618 0.861690 0.083947 0.856502 0.080819 0.877146 0.289830 0.866556 0.280777 0.891899 0.005882 0.873545 0.021921 0.874596 0.197114 0.859896 0.187878 0.885941 0.160457 0.884005 0.168453 0.858833 0.143136 0.857847 0.136544 0.882336 0.115503 0.880722 0.120422 0.857045 0.034650 0.856442 0.039716 0.873789 0.031709 0.873873 0.024068 0.858271 0.099807 0.856797 0.096054 0.878890 
						0.044266 0.855919 0.048051 0.874813 0.065160 0.856195 0.066069 0.875040 0.013515 0.863242 0.023876 0.873438 0.022723 0.874502 0.069655 0.855514 0.044055 0.854560 0.034296 0.855090 0.023435 0.857028 0.064778 0.854835 0.059625 0.854374 0.012906 0.862032 0.007266 0.869824 0.052719 0.854437 0.750159 0.538767 0.749923 0.540642 0.742097 0.537471 0.742249 0.535675 0.735297 0.535649 0.735236 0.533950 0.917168 0.592151 0.919405 0.593581 0.886959 0.586578 0.886678 0.584970 0.850333 0.576918 0.850473 0.575065 0.937635 0.596124 0.946337 0.600282 0.810707 0.563989 0.810901 0.562081 0.777433 0.551955 0.777637 0.550038 0.729748 0.536118 0.729410 0.534455 0.724312 0.540051 0.723529 0.538522 0.716001 0.549788 0.715011 0.548279 0.704314 0.563627 0.703291 0.562015 0.759164 0.544729 0.759409 0.542817 0.690507 0.578645 0.688960 0.577570 0.679424 0.590387 0.674337 0.594480 0.293797 0.780842 0.311933 0.773523 0.339539 0.754041 0.325209 0.760639 0.221764 0.776870 0.225849 0.795193 0.206138 0.794617 0.202017 0.776109 0.321573 0.764657 0.206483 0.796203 0.226215 0.796748 0.232083 0.777527 0.235819 0.795445 0.274179 0.768868 0.277177 0.786316 0.265136 0.791156 
						0.262211 0.774596 0.236190 0.796919 0.265304 0.792589 0.277442 0.787806 0.254940 0.777474 0.257808 0.793793 0.251396 0.795250 0.248466 0.778445 0.251514 0.796839 0.257876 0.795233 0.166654 0.774822 0.170356 0.793371 0.128426 0.791399 0.125071 0.772988 0.128698 0.792944 0.170664 0.794955 0.087525 0.771160 0.091461 0.789126 0.061498 0.787245 0.056010 0.769122 0.041473 0.785366 0.034883 0.766814 0.060246 0.787672 0.033188 0.786829 0.091600 0.790413 0.240843 0.778173 0.244119 0.795483 0.244397 0.796947 0.009850 0.786535 0.005374 0.757513 0.025598 0.763647 0.813536 0.011313 0.813859 0.009795 0.854863 0.003953 0.318826 0.707421 0.326008 0.707144 0.337721 0.708548 0.308730 0.709622 0.313448 0.709621 0.245604 0.709664 0.274895 0.710143 0.294812 0.710062 0.352606 0.712417 0.361246 0.716694 0.304690 0.709847 0.168449 0.706840 0.208044 0.708636 0.047155 0.697904 0.073785 0.700247 0.102173 0.702637 0.133155 0.704840 0.289181 0.858078 0.796414 0.010977 0.785817 0.009749 0.796972 0.009513 0.418038 0.704917 0.433312 0.678594 0.003906 0.695016 0.645563 0.764757 0.645408 0.776210 0.645537 0.747860 0.480567 0.681283 0.500052 0.682780 0.466947 0.674409 
						0.526466 0.683044 0.552342 0.683580 0.570961 0.683755 0.585384 0.683319 0.600124 0.681843 0.616212 0.677746 0.505902 0.892622 0.505749 0.890102 0.358554 0.716741 0.361401 0.715482 0.315823 0.713569 0.322665 0.715881 0.335222 0.718942 0.350391 0.722287 0.319823 0.930047 0.285751 0.925761 0.348251 0.936900 0.347378 0.939287 0.192784 0.918069 0.164311 0.915181 0.223099 0.920708 0.253817 0.922992 0.346225 0.898801 0.138960 0.912555 0.115945 0.909751 0.425480 0.761919 0.415710 0.747096 0.094837 0.906161 0.078303 0.902877 0.062222 0.901788 0.058583 0.901282 0.065076 0.901425 0.069044 0.901395 0.052098 0.900454 0.043196 0.899542 0.005634 0.882370 0.003906 0.879177 0.011602 0.889908 0.022105 0.895501 0.033080 0.898248 0.651657 0.706989 0.009704 0.788946 0.255960 0.798877 0.261289 0.802812 0.271385 0.811208 0.285012 0.823375 0.299836 0.837462 0.967230 0.602835 0.967058 0.605356 0.415574 0.815019 0.003906 0.818424 0.009811 0.735408 0.163084 0.016777 0.163018 0.021417 0.137208 0.021417 0.137275 0.016777 0.548876 0.187930 0.549632 0.162132 0.554272 0.165194 0.554181 0.183118 0.575901 0.187867 0.569775 0.183158 0.576294 0.195835 0.575901 0.200458 
						0.548876 0.200394 0.549269 0.195771 0.030743 0.073842 0.025960 0.079172 0.008036 0.079360 0.004949 0.074738 0.030826 0.100866 0.026084 0.094766 0.003906 0.102165 0.008512 0.095582 0.026999 0.103453 0.007852 0.104724 0.030269 0.120157 0.027723 0.116194 0.027192 0.103591 0.031044 0.101042 0.595416 0.196404 0.595023 0.201027 0.976227 0.631492 0.980860 0.631231 0.980889 0.646825 0.976257 0.647087 0.966597 0.613195 0.966373 0.617829 0.948783 0.617829 0.949007 0.613195 0.577054 0.160941 0.570496 0.165583 0.765230 0.660329 0.760591 0.660221 0.760592 0.644005 0.765231 0.644113 0.549657 0.162093 0.554285 0.165170 0.579634 0.164873 0.578467 0.184026 0.577146 0.160734 0.595617 0.162557 0.592007 0.165794 0.579688 0.164692 0.031639 0.284918 0.031315 0.280290 0.049871 0.280732 0.050194 0.285360 0.004230 0.285744 0.003906 0.281115 0.602295 0.167582 0.598254 0.168901 0.058222 0.281037 0.058546 0.285666 0.776538 0.646446 0.781178 0.646428 0.780914 0.654527 0.776274 0.654545 0.604643 0.175338 0.600634 0.175289 0.602067 0.182582 0.598087 0.181215 0.781105 0.662213 0.776465 0.662231 0.018385 0.129727 0.018355 0.125718 0.024293 0.123198 0.025641 0.127184 
						0.010641 0.127344 0.011978 0.123310 0.017214 0.743456 0.017166 0.748096 0.010719 0.747867 0.010768 0.743227 0.003906 0.748091 0.003955 0.743451 0.005646 0.120644 0.008899 0.117048 0.047320 0.618203 0.046772 0.622810 0.039797 0.622991 0.040345 0.618384 0.027430 0.622803 0.027978 0.618196 0.329565 0.603024 0.329320 0.598390 0.348509 0.598389 0.348754 0.603023 0.063860 0.551452 0.063566 0.546822 0.071364 0.546697 0.071658 0.551328 0.595019 0.187178 0.591068 0.184614 0.051248 0.551221 0.050954 0.546591 0.603814 0.196920 0.603421 0.201543 0.756769 0.571480 0.756671 0.566841 0.774595 0.566839 0.774693 0.571478 0.004910 0.074762 0.008012 0.079374 0.590435 0.038881 0.590368 0.043520 0.564559 0.043520 0.564626 0.038881 0.513823 0.177151 0.539632 0.177042 0.536727 0.181782 0.518810 0.182291 0.513591 0.204500 0.518098 0.198225 0.164948 0.004085 0.164558 0.008709 0.137208 0.008530 0.137598 0.003906 0.003906 0.245886 0.009073 0.250845 0.008661 0.268765 0.003938 0.271695 0.031254 0.245506 0.025003 0.250047 0.031678 0.272454 0.025248 0.267636 0.033716 0.249415 0.034364 0.268593 0.050517 0.246689 0.046474 0.249105 0.033860 0.249227 0.031437 0.245294 
						0.184071 0.004641 0.183681 0.009264 0.380507 0.693717 0.380289 0.689082 0.396238 0.689076 0.396457 0.693710 0.378500 0.676593 0.378276 0.681227 0.360685 0.681227 0.360910 0.676593 0.540540 0.204779 0.535688 0.198375 0.530266 0.270660 0.530190 0.275299 0.513591 0.275299 0.513666 0.270660 0.539696 0.177086 0.536767 0.181811 0.536694 0.207485 0.517513 0.206940 0.540749 0.204865 0.539527 0.223385 0.536174 0.219881 0.536876 0.207533 0.322330 0.198204 0.326960 0.197898 0.326447 0.216451 0.321817 0.216757 0.321485 0.170512 0.326114 0.170206 0.534721 0.230222 0.533271 0.226227 0.326109 0.224801 0.321479 0.225107 0.698117 0.344346 0.702757 0.344323 0.702501 0.352423 0.697861 0.352445 0.527046 0.232820 0.526964 0.228812 0.519722 0.230481 0.520958 0.226459 0.702699 0.360109 0.698059 0.360131 0.059696 0.258877 0.055688 0.258777 0.053362 0.252761 0.057390 0.251543 0.057062 0.266541 0.053074 0.265073 0.613184 0.664880 0.613104 0.669519 0.606659 0.669247 0.606739 0.664608 0.599845 0.669425 0.599925 0.664786 0.050204 0.271315 0.046715 0.267947 0.620315 0.174394 0.615708 0.173846 0.615527 0.166870 0.620135 0.167419 0.615716 0.154503 0.620324 0.155052 
						0.815725 0.552591 0.815481 0.547958 0.834669 0.547958 0.834914 0.552591 0.385361 0.322338 0.385060 0.317708 0.392857 0.317572 0.393158 0.322202 0.514899 0.223586 0.517334 0.219554 0.372748 0.322125 0.372447 0.317495 0.192469 0.005150 0.192079 0.009774 0.944960 0.587823 0.944862 0.583184 0.962786 0.583184 0.962884 0.587823 0.003982 0.271760 0.008690 0.268805 0.929898 0.343152 0.925259 0.343086 0.925259 0.317276 0.929898 0.317343 0.004058 0.065864 0.003906 0.040055 0.008650 0.042952 0.009190 0.060868 0.032172 0.066002 0.025904 0.061484 0.629115 0.093737 0.624484 0.093450 0.624593 0.065385 0.629227 0.065623 0.537167 0.004130 0.542318 0.009106 0.541847 0.027025 0.537115 0.029940 0.565232 0.004092 0.558982 0.008634 0.565658 0.031040 0.559228 0.026223 0.567694 0.008001 0.568343 0.027179 0.584128 0.005264 0.580085 0.007682 0.567822 0.007832 0.565387 0.003906 0.628322 0.112510 0.623691 0.112223 0.729278 0.639486 0.733917 0.639441 0.733865 0.656111 0.729226 0.656212 0.225595 0.665396 0.225371 0.670030 0.207780 0.670030 0.208004 0.665395 0.032495 0.039052 0.026083 0.043894 0.609496 0.564419 0.609293 0.569054 0.592004 0.569052 0.592148 0.564415 
						0.004041 0.039970 0.008764 0.042902 0.035196 0.042903 0.034619 0.062083 0.032527 0.038869 0.050685 0.040074 0.047186 0.043431 0.035201 0.042738 0.474617 0.226500 0.479247 0.226202 0.479366 0.244399 0.474735 0.244698 0.474426 0.198032 0.479058 0.197774 0.057528 0.044871 0.053534 0.046325 0.479014 0.252749 0.474384 0.253048 0.686324 0.662110 0.690964 0.662070 0.690739 0.670170 0.686099 0.670210 0.060136 0.052543 0.056127 0.052630 0.057805 0.059870 0.053782 0.058639 0.690967 0.677855 0.686327 0.677896 0.593309 0.017451 0.589301 0.017352 0.586974 0.011336 0.591001 0.010117 0.590677 0.025115 0.586688 0.023648 0.644548 0.670586 0.644469 0.675225 0.638024 0.674955 0.638103 0.670316 0.631210 0.675134 0.631289 0.670495 0.583820 0.029891 0.580331 0.026523 0.266338 0.599750 0.265949 0.604373 0.258984 0.604795 0.259373 0.600172 0.246986 0.604381 0.247375 0.599758 0.494232 0.581135 0.493987 0.576502 0.513176 0.576501 0.513421 0.581134 0.929855 0.215792 0.929680 0.211155 0.937479 0.211232 0.937653 0.215868 0.050917 0.064701 0.046881 0.062272 0.917592 0.215905 0.917417 0.211269 0.628000 0.120918 0.623369 0.120631 0.172592 0.022249 0.172494 0.017610 
						0.190419 0.017609 0.190517 0.022247 0.537248 0.030022 0.541959 0.027073 0.682178 0.370071 0.682179 0.344262 0.686818 0.344195 0.686818 0.370004 0.262669 0.140520 0.267999 0.145303 0.268187 0.163227 0.263565 0.166314 0.289693 0.140437 0.283593 0.145179 0.270483 0.243920 0.243459 0.243983 0.243066 0.239360 0.270090 0.239296 0.227383 0.153119 0.253182 0.153874 0.250120 0.158514 0.232195 0.158423 0.227447 0.180143 0.232156 0.174017 0.254373 0.181296 0.249731 0.174738 0.250441 0.183876 0.231288 0.182709 0.228136 0.199261 0.230700 0.195310 0.289606 0.243350 0.289212 0.238727 0.796618 0.648792 0.796589 0.664386 0.791957 0.664125 0.791986 0.648530 0.939153 0.615567 0.921562 0.615567 0.921338 0.610932 0.938929 0.610932 0.290993 0.167356 0.284409 0.162750 0.940942 0.641992 0.940941 0.625777 0.945580 0.625668 0.945581 0.641884 0.263589 0.166353 0.268201 0.163250 0.292281 0.144264 0.293552 0.163411 0.305875 0.162364 0.309471 0.165617 0.270799 0.252648 0.289354 0.252207 0.289030 0.256836 0.270475 0.257277 0.243390 0.251823 0.243066 0.256451 0.312137 0.159285 0.316171 0.160622 0.297705 0.251901 0.297381 0.256530 0.992629 0.449196 0.992858 0.457295 
						0.988218 0.457257 0.987989 0.449157 0.314545 0.152908 0.318554 0.152877 0.312025 0.146970 0.316011 0.145622 0.992634 0.464981 0.987994 0.464943 0.239976 0.208885 0.232732 0.206309 0.234098 0.202329 0.240025 0.204876 0.247732 0.206537 0.246413 0.202496 0.062944 0.753743 0.062716 0.747296 0.067356 0.747248 0.067584 0.753694 0.062940 0.740483 0.067579 0.740435 0.252757 0.199859 0.249520 0.196249 0.784402 0.532003 0.777427 0.531822 0.776879 0.527214 0.783854 0.527395 0.765060 0.532010 0.764512 0.527402 0.254580 0.181388 0.250622 0.183930 0.478550 0.003906 0.497739 0.003908 0.497494 0.008541 0.478305 0.008540 0.322623 0.551569 0.330421 0.551693 0.330127 0.556324 0.322329 0.556199 0.305022 0.143540 0.308985 0.140994 0.310011 0.551800 0.309717 0.556430 0.292419 0.144071 0.289869 0.140219 0.298003 0.242835 0.297610 0.238211 0.301974 0.604160 0.319898 0.604161 0.319800 0.608800 0.301876 0.608798 0.253221 0.153899 0.250143 0.158527 0.940941 0.343075 0.940942 0.317266 0.945581 0.317200 0.945581 0.343009 0.289237 0.175197 0.284278 0.180364 0.266358 0.179951 0.263427 0.175228 0.289617 0.202544 0.285076 0.196294 0.231599 0.009595 0.204249 0.009773 
						0.203859 0.005150 0.231209 0.004971 0.208012 0.216825 0.233821 0.216717 0.230916 0.221456 0.212999 0.221965 0.207780 0.244174 0.212287 0.237899 0.234729 0.244453 0.229877 0.238049 0.230883 0.247160 0.211702 0.246615 0.209088 0.263261 0.211523 0.259228 0.250722 0.009039 0.250332 0.004416 0.388348 0.676593 0.404298 0.676600 0.404080 0.681234 0.388130 0.681228 0.374580 0.603530 0.356989 0.603530 0.356765 0.598896 0.374355 0.598896 0.262669 0.202969 0.267487 0.196539 0.569472 0.670470 0.552873 0.670470 0.552797 0.665830 0.569396 0.665830 0.263363 0.175272 0.266318 0.179981 0.285708 0.205006 0.266530 0.205655 0.267176 0.218006 0.263808 0.221494 0.576875 0.210229 0.595428 0.209715 0.595122 0.214345 0.576569 0.214859 0.549182 0.209384 0.548876 0.214014 0.270050 0.224365 0.268582 0.228353 0.603778 0.209377 0.603472 0.214007 0.992632 0.401868 0.992857 0.409968 0.988217 0.409927 0.987992 0.401827 0.276345 0.226978 0.276246 0.230986 0.282362 0.224653 0.283580 0.228680 0.992629 0.417653 0.987989 0.417612 0.221235 0.272495 0.213911 0.270155 0.215148 0.266133 0.221153 0.268486 0.228910 0.269896 0.227461 0.265901 0.715089 0.671817 0.708643 0.672044 
						0.708595 0.667404 0.715041 0.667177 0.701830 0.671819 0.701782 0.667179 0.233716 0.263059 0.230364 0.259556 0.607695 0.119261 0.607875 0.112285 0.612482 0.111737 0.612302 0.118713 0.607686 0.099919 0.612294 0.099370 0.234939 0.244539 0.231066 0.247207 0.466788 0.587760 0.485976 0.587760 0.485732 0.592394 0.466543 0.592394 0.369678 0.544845 0.377475 0.544981 0.377175 0.549611 0.369377 0.549475 0.286018 0.217764 0.288434 0.221808 0.357065 0.545058 0.356765 0.549688 0.285896 0.205150 0.289829 0.202728 0.259120 0.008530 0.258730 0.003906 0.180433 0.661456 0.198358 0.661456 0.198260 0.666095 0.180335 0.666095 0.233886 0.216761 0.230957 0.221485 0.666496 0.352477 0.666497 0.326667 0.671136 0.326601 0.671135 0.352410 0.003964 0.004333 0.009114 0.009310 0.008640 0.027228 0.003906 0.030142 0.032077 0.004092 0.025826 0.008633 0.670511 0.110489 0.670417 0.082375 0.675051 0.082140 0.675142 0.110205 0.070704 0.031104 0.070557 0.005295 0.075301 0.008193 0.075837 0.026109 0.098770 0.031039 0.092502 0.026521 0.099096 0.004090 0.092684 0.008931 0.101796 0.007941 0.101217 0.027121 0.117515 0.029741 0.113479 0.027311 0.671291 0.129263 0.675922 0.128979 
						0.749565 0.641779 0.749547 0.658505 0.744909 0.658385 0.744925 0.641714 0.719597 0.641748 0.702006 0.641748 0.701782 0.637113 0.719372 0.637113 0.032499 0.031040 0.026069 0.026222 0.699666 0.654229 0.682318 0.654217 0.682178 0.649579 0.699468 0.649594 0.004042 0.030226 0.008753 0.027278 0.034539 0.008002 0.035185 0.027180 0.047172 0.026525 0.050661 0.029893 0.667324 0.174225 0.667206 0.192423 0.662575 0.192124 0.662693 0.173926 0.667515 0.145757 0.662883 0.145499 0.053530 0.023651 0.057519 0.025118 0.667557 0.200772 0.662926 0.200474 0.992630 0.425533 0.992856 0.433632 0.988216 0.433592 0.987991 0.425492 0.056144 0.017356 0.060152 0.017455 0.053818 0.011339 0.057845 0.010120 0.992629 0.441318 0.987989 0.441278 0.126735 0.017585 0.124404 0.024911 0.120381 0.023679 0.122727 0.017670 0.124128 0.009912 0.120135 0.011366 0.742533 0.670978 0.736087 0.671205 0.736039 0.666566 0.742485 0.666339 0.729274 0.670980 0.729226 0.666341 0.117286 0.005114 0.113786 0.008470 0.289860 0.008954 0.282895 0.008530 0.282508 0.003906 0.289473 0.004330 0.270897 0.008940 0.270510 0.004316 0.099128 0.003906 0.101801 0.007776 0.796122 0.535482 0.815311 0.535483 
						0.815066 0.540116 0.795877 0.540116 0.941580 0.499662 0.949377 0.499523 0.949240 0.504160 0.941443 0.504300 0.046929 0.007684 0.050972 0.005267 0.929316 0.499647 0.929179 0.504285 0.034666 0.007833 0.032232 0.003906 0.671608 0.137670 0.676239 0.137387 0.921436 0.570702 0.939361 0.570704 0.939262 0.575343 0.921338 0.575341 0.070690 0.005212 0.075413 0.008144 0.938102 0.266035 0.913497 0.266035 0.913497 0.249871 0.938102 0.249871 0.458701 0.285486 0.458702 0.260881 0.477884 0.260881 0.477884 0.285486 0.945337 0.309363 0.929180 0.308896 0.929179 0.289714 0.945336 0.290181 0.395550 0.280690 0.395550 0.305296 0.376368 0.305296 0.376368 0.280690 0.513591 0.284684 0.538196 0.284684 0.538196 0.300848 0.513591 0.300848 0.976227 0.263037 0.992384 0.262570 0.992384 0.281753 0.976227 0.282219 0.422995 0.300657 0.403812 0.300657 0.403812 0.276052 0.422995 0.276052 0.968867 0.255086 0.952703 0.255086 0.952703 0.230480 0.968867 0.230480 0.529273 0.355168 0.545430 0.354701 0.545430 0.373883 0.529273 0.374350 0.724885 0.240184 0.724885 0.264790 0.705702 0.264790 0.705702 0.240184 0.466543 0.293328 0.491148 0.293328 0.491148 0.309491 0.466543 0.309491 
						0.517986 0.338832 0.517986 0.358014 0.501829 0.357547 0.501829 0.338365 0.667578 0.260336 0.642972 0.260336 0.642972 0.244172 0.667578 0.244172 0.085819 0.299085 0.085819 0.323690 0.066637 0.323690 0.066637 0.299085 0.964939 0.282573 0.948783 0.282106 0.948783 0.262924 0.964940 0.263391 0.909155 0.211699 0.909155 0.236305 0.889973 0.236305 0.889973 0.211700 0.431257 0.293328 0.455862 0.293328 0.455863 0.309491 0.431257 0.309492 0.956624 0.290875 0.972781 0.290408 0.972781 0.309591 0.956624 0.310057 0.698942 0.272631 0.698943 0.288795 0.674337 0.288795 0.674337 0.272631 0.505328 0.285233 0.486146 0.285233 0.486146 0.260628 0.505329 0.260628 0.639051 0.346259 0.639051 0.327077 0.655208 0.326610 0.655208 0.345792 0.678258 0.237809 0.697441 0.237809 0.697440 0.262415 0.678258 0.262415 0.639051 0.284341 0.639051 0.268177 0.663657 0.268177 0.663657 0.284341 0.702256 0.317303 0.702256 0.336486 0.686099 0.336019 0.686099 0.316836 0.431257 0.256960 0.449473 0.256960 0.449473 0.284690 0.431257 0.284690 0.243066 0.265116 0.264685 0.265116 0.264685 0.292846 0.243066 0.292846 0.658655 0.297157 0.676864 0.296630 0.676863 0.318249 0.658655 0.318775 
						0.003906 0.293584 0.025525 0.293584 0.025525 0.321314 0.003906 0.321314 0.669030 0.208601 0.669030 0.236331 0.650813 0.236331 0.650813 0.208600 0.520037 0.309098 0.520038 0.330717 0.501829 0.330191 0.501829 0.308572 0.966999 0.194909 0.966999 0.222639 0.948783 0.222639 0.948783 0.194909 0.464638 0.221388 0.464638 0.249119 0.443019 0.249119 0.443019 0.221388 0.484752 0.317855 0.484752 0.339474 0.466543 0.338948 0.466543 0.317329 0.056890 0.293503 0.056890 0.321233 0.035271 0.321233 0.035271 0.293503 0.976227 0.194909 0.994444 0.194909 0.994444 0.222639 0.976227 0.222639 0.631210 0.292703 0.649419 0.292176 0.649419 0.313795 0.631210 0.314321 0.622409 0.025226 0.622438 0.031667 0.615139 0.031730 0.615099 0.025244 0.622390 0.018834 0.615077 0.018758 0.611232 0.018815 0.611293 0.025387 0.611362 0.031893 0.622455 0.012554 0.615144 0.012330 0.611061 0.011982 0.615271 0.006173 0.622495 0.006544 0.611679 0.004146 0.622839 0.050766 0.623171 0.056736 0.615977 0.057377 0.615544 0.051239 0.611633 0.051583 0.612044 0.059458 0.622645 0.044509 0.615329 0.044780 0.611524 0.044797 0.615113 0.038255 0.622470 0.038112 0.611662 0.038317 0.608244 0.038367 
						0.607971 0.031943 0.608130 0.044861 0.555666 0.268861 0.559356 0.279571 0.550702 0.279044 0.544956 0.272551 0.551976 0.258151 0.560630 0.258679 0.566376 0.265171 0.545483 0.263897 0.565848 0.273825 0.608255 0.051729 0.608614 0.059701 0.608240 0.003906 0.607686 0.011888 0.607825 0.018838 0.607894 0.025422 0.983172 0.032046 0.975863 0.031993 0.975899 0.025506 0.983211 0.025608 0.975957 0.019017 0.983261 0.019211 0.972095 0.025337 0.972157 0.018779 0.972033 0.031861 0.968694 0.025295 0.968755 0.018714 0.968626 0.031812 0.535840 0.253859 0.524715 0.251723 0.534092 0.245367 0.531071 0.261100 0.518360 0.242346 0.526852 0.240598 0.513591 0.249587 0.522579 0.262848 0.515338 0.258079 0.968633 0.051834 0.968502 0.045051 0.971901 0.045043 0.972044 0.051770 0.972045 0.059590 0.968644 0.059741 0.975723 0.044919 0.975626 0.051419 0.975988 0.057601 0.982987 0.051157 0.983053 0.044894 0.983182 0.057135 0.975897 0.038452 0.983153 0.038500 0.971774 0.038424 0.968386 0.038396 0.983385 0.012937 0.976053 0.012557 0.976384 0.006377 0.983634 0.006960 0.972287 0.012007 0.972915 0.004220 0.968912 0.011837 0.969476 0.003906 0.490454 0.214460 0.497823 0.214453 
						0.497629 0.220959 0.490381 0.220897 0.497719 0.227423 0.490392 0.227301 0.501730 0.220977 0.501537 0.227593 0.501303 0.214478 0.505110 0.220969 0.504936 0.227641 0.504729 0.214470 0.040364 0.089735 0.050148 0.084024 0.047267 0.094980 0.039192 0.081144 0.061104 0.086905 0.055858 0.093808 0.059931 0.078314 0.044438 0.074241 0.053028 0.073069 0.504707 0.194512 0.505085 0.201363 0.501705 0.201394 0.501291 0.194628 0.501188 0.186791 0.504589 0.186599 0.497593 0.201473 0.497685 0.194996 0.497262 0.188821 0.490322 0.195331 0.490321 0.201608 0.490067 0.189358 0.497710 0.207935 0.490399 0.208015 0.501520 0.208013 0.504920 0.208024 0.490378 0.233568 0.497736 0.233923 0.497297 0.240101 0.490109 0.239545 0.501314 0.234318 0.501216 0.242139 0.504724 0.234424 0.504616 0.242332 0.987030 0.159291 0.979717 0.159286 0.979711 0.152801 0.987025 0.152854 0.979722 0.146312 0.987042 0.146457 0.975907 0.152656 0.975921 0.146099 0.975889 0.159180 0.972505 0.152639 0.972525 0.146056 0.972482 0.159155 0.129879 0.281781 0.121020 0.288840 0.122293 0.277584 0.132276 0.290113 0.109764 0.287567 0.113961 0.279980 0.112160 0.295899 0.128079 0.297700 0.119747 0.300096 
						0.972480 0.179094 0.972660 0.172310 0.976081 0.172280 0.975858 0.179017 0.976129 0.186901 0.972693 0.187079 0.979589 0.172243 0.979751 0.178743 0.980102 0.184894 0.987071 0.178403 0.986977 0.172154 0.987246 0.184367 0.979789 0.165744 0.987049 0.165743 0.975686 0.165745 0.972306 0.165748 0.987100 0.140182 0.979785 0.139852 0.980070 0.133670 0.987315 0.134205 0.976017 0.139327 0.976584 0.131535 0.972626 0.139178 0.973162 0.131251 0.987033 0.095690 0.987038 0.102123 0.979789 0.102111 0.979663 0.095609 0.979637 0.108574 0.986963 0.108524 0.975817 0.108708 0.975686 0.102089 0.976156 0.095579 0.972306 0.102054 0.972419 0.108721 0.972726 0.095550 0.087492 0.059600 0.078929 0.060957 0.081573 0.049942 0.092588 0.052586 0.071914 0.055862 0.070557 0.047298 0.075653 0.040284 0.091231 0.044023 0.084216 0.038927 0.972796 0.075500 0.976187 0.075665 0.976045 0.082453 0.972643 0.082382 0.973365 0.067574 0.976786 0.067872 0.979956 0.076201 0.979871 0.082657 0.980265 0.070020 0.987274 0.076557 0.987201 0.082831 0.987510 0.070581 0.987158 0.089230 0.979904 0.089121 0.975802 0.089069 0.972422 0.089049 0.986916 0.114789 0.987128 0.120767 0.979936 0.121253 
						0.979557 0.115073 0.975999 0.123253 0.975976 0.115433 0.972566 0.115507 0.972598 0.123414 0.631737 0.032087 0.631682 0.025646 0.638996 0.025520 0.639053 0.032005 0.638921 0.019031 0.631602 0.019248 0.642720 0.018781 0.642799 0.025339 0.642882 0.031862 0.646200 0.025286 0.646116 0.018705 0.646289 0.031802 0.003906 0.343688 0.004266 0.335025 0.014543 0.339791 0.009777 0.350068 0.010646 0.329154 0.019308 0.329514 0.025179 0.335894 0.018440 0.350428 0.024820 0.344557 0.646336 0.051827 0.642942 0.051770 0.643049 0.045041 0.646454 0.045041 0.646365 0.059727 0.642942 0.059600 0.639361 0.051430 0.639225 0.044928 0.638990 0.057624 0.631960 0.051195 0.631914 0.044941 0.631845 0.057150 0.631780 0.038528 0.639038 0.038469 0.643161 0.038427 0.646548 0.038389 0.631483 0.012974 0.631210 0.006998 0.638449 0.006393 0.638795 0.012572 0.641915 0.004224 0.642558 0.012010 0.645947 0.011828 0.645334 0.003906 0.102021 0.538629 0.106410 0.536931 0.106265 0.547996 0.101922 0.546183 0.118853 0.528268 0.110602 0.529094 0.110130 0.518038 0.118422 0.518160 0.580809 0.561074 0.578663 0.565262 0.570247 0.564890 0.568480 0.560529 0.572742 0.552694 0.568480 0.550701 
						0.568550 0.542276 0.572845 0.540353 0.544956 0.554378 0.553232 0.554897 0.553246 0.566179 0.544971 0.566719 0.039767 0.490147 0.039536 0.498429 0.028125 0.498749 0.027430 0.490493 0.557294 0.557065 0.557302 0.564000 0.114681 0.537513 0.118827 0.539516 0.118746 0.545735 0.114549 0.547630 0.578330 0.572810 0.569913 0.572437 0.613251 0.211051 0.613570 0.204841 0.620496 0.205196 0.620177 0.211407 0.622875 0.201254 0.611607 0.200675 0.851398 0.485827 0.853866 0.489905 0.842925 0.491568 0.844071 0.486941 0.956624 0.346964 0.956921 0.342273 0.969238 0.343054 0.968940 0.347746 0.959228 0.338102 0.967477 0.338625 0.927648 0.237561 0.924196 0.234274 0.926789 0.226426 0.931520 0.225843 0.932112 0.239036 0.935983 0.227318 0.854572 0.494553 0.843631 0.496215 0.968328 0.351292 0.966302 0.355074 0.958315 0.354567 0.956783 0.350559 0.749724 0.267901 0.745626 0.266630 0.745045 0.259478 0.748884 0.257562 0.934251 0.472923 0.945136 0.474916 0.944290 0.479541 0.933404 0.477547 0.901305 0.252435 0.893894 0.252411 0.893920 0.244146 0.901331 0.244170 0.737649 0.267279 0.737068 0.260126 0.939259 0.228807 0.942406 0.231724 0.939895 0.239323 0.935630 0.239791 
						0.854768 0.498146 0.844512 0.499704 0.933100 0.481133 0.943303 0.483001 0.305843 0.531648 0.310144 0.530072 0.310078 0.541138 0.305796 0.539511 0.710823 0.470920 0.702576 0.471708 0.702076 0.460653 0.710361 0.460694 0.694472 0.432639 0.690216 0.430947 0.690020 0.422181 0.694197 0.420301 0.029097 0.486227 0.037863 0.485980 0.702477 0.420579 0.702732 0.431991 0.706445 0.422339 0.706617 0.430055 0.318416 0.530536 0.322418 0.532217 0.322377 0.539138 0.318355 0.540772 0.851076 0.665085 0.843217 0.665347 0.842925 0.656582 0.850784 0.656321 0.956624 0.643764 0.963545 0.643742 0.963569 0.651461 0.956648 0.651482 0.037798 0.502407 0.030083 0.502623 0.581116 0.540951 0.581022 0.552234 0.929179 0.553510 0.933479 0.551799 0.933608 0.562865 0.929270 0.561255 0.090509 0.657187 0.090161 0.648928 0.101225 0.648721 0.101186 0.656988 0.690325 0.412464 0.686099 0.410580 0.686166 0.401942 0.690421 0.400123 0.984373 0.490835 0.980148 0.488948 0.980220 0.480310 0.984476 0.478494 0.698683 0.400404 0.698590 0.412312 0.702900 0.402999 0.702847 0.409784 0.835353 0.471497 0.833914 0.476466 0.828043 0.477191 0.824294 0.473882 0.941745 0.551896 0.941870 0.562574 
						0.980607 0.525979 0.980148 0.518247 0.988771 0.517736 0.989230 0.525468 0.834024 0.483504 0.827790 0.483900 0.823322 0.486119 0.152891 0.538596 0.157317 0.536647 0.157421 0.547713 0.152959 0.545846 0.087371 0.538569 0.079113 0.538864 0.078882 0.527800 0.087145 0.527751 0.858608 0.541288 0.860779 0.536966 0.868864 0.537047 0.870948 0.541411 0.843366 0.519883 0.839018 0.517763 0.839004 0.509677 0.843345 0.507542 0.847360 0.540060 0.839098 0.539920 0.839103 0.527852 0.847366 0.527719 0.992738 0.478779 0.992638 0.490688 0.835084 0.537849 0.835087 0.529920 0.165581 0.536693 0.169716 0.538509 0.169783 0.545620 0.165682 0.547513 0.860851 0.529716 0.868937 0.529797 0.982734 0.574139 0.982455 0.581244 0.974531 0.580933 0.974810 0.573828 0.972306 0.584863 0.984365 0.585337 0.851607 0.507664 0.851628 0.519732 0.015998 0.231084 0.015443 0.235947 0.005886 0.230367 0.009849 0.227494 0.690562 0.508602 0.690020 0.503932 0.702278 0.502508 0.702821 0.507177 0.691701 0.499335 0.699588 0.498418 0.003906 0.218186 0.008575 0.219657 0.697495 0.301330 0.697211 0.296642 0.709657 0.296636 0.709686 0.301346 0.223566 0.299515 0.223463 0.294815 0.234526 0.294571 
						0.234630 0.299271 0.004138 0.163197 0.008265 0.165721 0.008133 0.172142 0.003906 0.174495 0.223850 0.291207 0.225940 0.286845 0.231699 0.286718 0.233980 0.290984 0.686099 0.298012 0.686646 0.302688 0.224174 0.648106 0.224389 0.655223 0.216453 0.655462 0.216238 0.648346 0.225799 0.280423 0.231557 0.280296 0.709124 0.304981 0.706621 0.309150 0.700171 0.309100 0.697753 0.304907 0.687601 0.306203 0.909576 0.532463 0.910799 0.528174 0.918971 0.527754 0.920628 0.531895 0.177377 0.637479 0.176836 0.648188 0.168573 0.647943 0.169132 0.636890 0.670796 0.442020 0.670634 0.454360 0.666496 0.452698 0.666615 0.443574 0.098631 0.489038 0.086295 0.488669 0.088026 0.484559 0.097148 0.484831 0.679056 0.442320 0.678900 0.454277 0.682818 0.443785 0.682698 0.452910 0.031822 0.632233 0.031331 0.640401 0.027430 0.641439 0.028073 0.630735 0.910172 0.540707 0.920880 0.540157 0.067966 0.623104 0.067920 0.631286 0.058795 0.631236 0.058841 0.623053 0.040931 0.632780 0.040441 0.640949 0.086240 0.496935 0.098193 0.497292 0.096664 0.501028 0.087543 0.500756 0.376368 0.497038 0.378300 0.492851 0.385439 0.492669 0.387431 0.496755 0.139652 0.552620 0.129840 0.552438 
						0.129367 0.544137 0.140431 0.544342 0.016244 0.489989 0.003906 0.490270 0.006016 0.486155 0.013978 0.485973 0.294610 0.465665 0.282272 0.465975 0.284345 0.461929 0.292307 0.461729 0.015735 0.498288 0.004794 0.498538 0.013378 0.502528 0.007342 0.502666 0.384928 0.509439 0.379516 0.509577 0.377206 0.505311 0.387017 0.505060 0.077825 0.076747 0.070684 0.076860 0.070557 0.068897 0.077698 0.068783 0.718957 0.504063 0.713544 0.504044 0.713565 0.498006 0.718978 0.498025 0.283179 0.474240 0.294120 0.473965 0.291772 0.478211 0.285737 0.478363 0.372447 0.472389 0.374563 0.467688 0.381129 0.467502 0.383509 0.472075 0.122977 0.499789 0.122594 0.510158 0.114316 0.510198 0.114724 0.499139 0.035977 0.465802 0.035822 0.478142 0.031351 0.475578 0.031443 0.468253 0.921821 0.350991 0.922298 0.363323 0.917701 0.360991 0.917417 0.353671 0.044241 0.466290 0.044096 0.477861 0.561217 0.291971 0.560966 0.300238 0.549221 0.300304 0.548876 0.292040 0.048360 0.468718 0.048274 0.475537 0.381390 0.484692 0.375277 0.484865 0.373026 0.480646 0.383399 0.480352 0.543796 0.674922 0.537228 0.675024 0.537115 0.667699 0.543682 0.667598 0.884326 0.668386 0.878211 0.668381 
						0.878216 0.661562 0.884331 0.661566 0.930546 0.362619 0.930098 0.351055 0.934337 0.353269 0.934601 0.360084 0.279253 0.497266 0.274499 0.494923 0.274431 0.488646 0.279133 0.486200 0.287516 0.496909 0.287403 0.486378 0.823896 0.346828 0.811560 0.347189 0.814095 0.342535 0.821093 0.342330 0.551521 0.287447 0.558522 0.287407 0.823840 0.355099 0.812100 0.355443 0.821376 0.359423 0.814813 0.359616 0.291830 0.488653 0.291894 0.494540 0.040606 0.512369 0.040376 0.522899 0.032105 0.522985 0.032347 0.511921 0.131724 0.751399 0.125446 0.751336 0.125517 0.744335 0.131795 0.744398 0.723352 0.300145 0.717464 0.300109 0.717504 0.293543 0.723392 0.293579 0.558401 0.304504 0.551835 0.304541 0.231727 0.629206 0.236249 0.631182 0.236312 0.638213 0.231826 0.640271 0.314845 0.507196 0.314603 0.517729 0.306332 0.517805 0.306586 0.506742 0.949361 0.387288 0.937021 0.387391 0.939234 0.382980 0.947075 0.382914 0.361265 0.454311 0.348923 0.454355 0.351158 0.449954 0.358999 0.449926 0.949135 0.395556 0.937386 0.395654 0.947221 0.399538 0.939366 0.399603 0.684078 0.632609 0.691117 0.632877 0.692707 0.636999 0.682178 0.636598 0.223463 0.629545 0.223557 0.640081 
						0.932366 0.281717 0.925335 0.281785 0.925259 0.273944 0.932290 0.273876 0.684377 0.624759 0.691416 0.625027 0.349248 0.462620 0.360998 0.462578 0.359065 0.466551 0.351209 0.466578 0.301876 0.515685 0.302036 0.508655 0.318862 0.509034 0.318700 0.516076 0.027430 0.520487 0.027567 0.514211 0.044957 0.514786 0.044828 0.520673 0.109764 0.507779 0.110006 0.501215 0.127176 0.502075 0.126950 0.508187 0.131330 0.540021 0.138471 0.540154 0.137372 0.556903 0.131959 0.556802 0.072194 0.621685 0.072133 0.632751 0.181140 0.638940 0.180727 0.647113 0.212034 0.657570 0.211701 0.646509 0.012759 0.157873 0.013166 0.162694 0.702718 0.510805 0.691494 0.512109 0.917417 0.237271 0.917526 0.242036 0.941014 0.486630 0.933955 0.485337 0.698216 0.470302 0.697861 0.462447 0.714443 0.462169 0.714756 0.469083 0.106165 0.527527 0.105843 0.519979 0.122673 0.519930 0.122938 0.526143 0.992984 0.515822 0.993639 0.526869 0.098970 0.661416 0.092887 0.661530 0.074629 0.537050 0.074478 0.529801 0.091301 0.529520 0.091450 0.536629 0.224950 0.616990 0.232690 0.616682 0.234520 0.620932 0.223463 0.621371 0.192432 0.645169 0.203109 0.645351 0.203162 0.653618 0.192097 0.653429 
						0.314216 0.444612 0.301876 0.444519 0.303759 0.440293 0.312397 0.440358 0.063077 0.473610 0.063029 0.485951 0.058795 0.484083 0.058829 0.475445 0.313938 0.452874 0.302030 0.452784 0.311344 0.457092 0.304560 0.457041 0.275627 0.274535 0.286227 0.273238 0.284479 0.277871 0.278440 0.278610 0.274431 0.266356 0.285415 0.265011 0.224607 0.608359 0.232347 0.608051 0.279264 0.285345 0.285303 0.284606 0.071294 0.485767 0.071340 0.473858 0.075568 0.476437 0.075541 0.483222 0.985078 0.556863 0.985026 0.564113 0.980568 0.565990 0.980647 0.554924 0.945998 0.435400 0.945766 0.446218 0.937503 0.446164 0.937740 0.435100 0.925838 0.400199 0.913497 0.400205 0.915622 0.395861 0.923708 0.395857 0.337741 0.447847 0.325399 0.447775 0.327553 0.443444 0.335638 0.443491 0.925705 0.408462 0.913638 0.408468 0.923638 0.412478 0.915709 0.412482 0.689078 0.616847 0.678258 0.616924 0.680084 0.612792 0.687195 0.612742 0.972306 0.565809 0.972383 0.554988 0.889382 0.564693 0.889460 0.572778 0.882210 0.572848 0.882132 0.564763 0.687139 0.604813 0.680028 0.604863 0.325488 0.456038 0.337555 0.456109 0.335463 0.460112 0.327533 0.460065 0.095805 0.510732 0.095628 0.518260 
						0.091216 0.519925 0.091475 0.508862 0.145954 0.654738 0.145936 0.664859 0.137656 0.665317 0.137676 0.654251 0.988888 0.369530 0.989036 0.357190 0.993295 0.359212 0.993195 0.367610 0.584162 0.265212 0.596500 0.265514 0.594424 0.269749 0.586029 0.269543 0.980620 0.368904 0.980755 0.357618 0.976227 0.365915 0.976292 0.360501 0.083188 0.509140 0.082951 0.519258 0.078399 0.516518 0.078512 0.511664 0.881841 0.232214 0.881821 0.240612 0.874290 0.240593 0.874311 0.232195 0.542528 0.389238 0.537115 0.389143 0.537200 0.384288 0.542614 0.384384 0.596175 0.257228 0.584892 0.256953 0.587935 0.252597 0.593348 0.252729 0.913955 0.557775 0.913585 0.550665 0.917956 0.548461 0.918531 0.559513 0.667710 0.397358 0.667808 0.409698 0.663107 0.409735 0.663010 0.397395 0.658717 0.407569 0.658655 0.399630 0.992472 0.234719 0.980148 0.235371 0.982114 0.230888 0.990043 0.230469 0.992720 0.239414 0.980396 0.240065 0.243377 0.216714 0.254419 0.217448 0.254108 0.222138 0.243066 0.221405 0.671395 0.409149 0.671306 0.397850 0.675503 0.400255 0.675554 0.406678 0.243293 0.225027 0.253403 0.225698 0.250936 0.229859 0.245188 0.229477 0.596353 0.545531 0.601045 0.545242 
						0.601728 0.556287 0.597036 0.556577 0.906025 0.558188 0.905655 0.551077 0.925713 0.625415 0.932133 0.625237 0.932294 0.630994 0.925873 0.631173 0.981106 0.243624 0.992390 0.243027 0.990176 0.247329 0.983761 0.247668 0.604666 0.545486 0.605291 0.555599 0.556718 0.380916 0.569059 0.380896 0.568774 0.389163 0.557029 0.389182 0.685400 0.551328 0.674337 0.551598 0.676616 0.546813 0.682892 0.546660 0.061557 0.648333 0.051028 0.648086 0.050954 0.639815 0.062017 0.640075 0.655562 0.372593 0.650938 0.370005 0.650813 0.363004 0.655343 0.360254 0.559380 0.376334 0.566382 0.376322 0.663613 0.360405 0.663822 0.372148 0.667909 0.362919 0.668026 0.369484 0.053246 0.652542 0.059132 0.652680 0.306754 0.258641 0.305796 0.250425 0.316824 0.249500 0.317249 0.257760 0.682722 0.539661 0.676446 0.539814 0.633894 0.662482 0.633677 0.655920 0.639561 0.655725 0.639779 0.662287 0.566192 0.393418 0.559626 0.393429 0.333886 0.513283 0.333810 0.524349 0.329320 0.522300 0.329368 0.515269 0.973509 0.451624 0.965250 0.452074 0.965003 0.441010 0.973273 0.441091 0.305796 0.596324 0.307836 0.591830 0.315669 0.591460 0.318124 0.595741 0.701782 0.380072 0.704144 0.375739 
						0.711983 0.375941 0.714119 0.380390 0.941432 0.512137 0.941406 0.524478 0.933141 0.524165 0.933166 0.512415 0.353422 0.565787 0.341082 0.565965 0.341364 0.557691 0.352901 0.557524 0.929179 0.522209 0.929196 0.514353 0.346149 0.522422 0.342079 0.524140 0.342151 0.513604 0.346197 0.515377 0.307504 0.584806 0.315337 0.584436 0.101125 0.742490 0.101256 0.750345 0.094212 0.750462 0.094081 0.742607 0.713610 0.388646 0.711562 0.392560 0.703709 0.392358 0.701865 0.388343 0.733147 0.251413 0.733520 0.240353 0.737956 0.242526 0.737719 0.249545 0.963434 0.548793 0.953087 0.548823 0.952703 0.540552 0.963770 0.540520 0.687171 0.377905 0.691517 0.380252 0.691349 0.388083 0.686908 0.390243 0.351231 0.570214 0.343400 0.570327 0.678649 0.389665 0.678895 0.378129 0.674337 0.386741 0.674463 0.380866 0.955640 0.553364 0.960908 0.553349 0.070956 0.655486 0.070557 0.647216 0.081624 0.647164 0.081303 0.655437 0.745547 0.249809 0.745784 0.242790 0.336138 0.533684 0.342175 0.533793 0.341581 0.538899 0.335831 0.539065 0.333241 0.543785 0.345195 0.542692 0.072557 0.642700 0.079580 0.642667 0.347269 0.532039 0.960702 0.450158 0.960545 0.443128 0.977527 0.449788 
						0.977370 0.442746 0.307786 0.245514 0.314042 0.244988 0.631210 0.651597 0.641736 0.651247 0.592004 0.547777 0.592443 0.554883 0.921338 0.623350 0.921620 0.633479 0.793561 0.573954 0.795181 0.578288 0.784115 0.578187 0.785815 0.573883 0.194804 0.640822 0.200887 0.640926 0.933255 0.436912 0.933100 0.444161 0.950076 0.437343 0.949923 0.444452 0.133301 0.656011 0.133288 0.663541 0.547096 0.391952 0.547274 0.381832 0.912845 0.639051 0.910302 0.656178 0.892925 0.653598 0.895468 0.636471 0.875548 0.651018 0.878091 0.633891 0.858172 0.648437 0.860715 0.631311 0.840795 0.645857 0.843338 0.628730 0.823418 0.643277 0.825961 0.626150 0.806042 0.640697 0.808585 0.623570 0.788665 0.638116 0.791208 0.620990 0.771288 0.635536 0.773831 0.618409 0.753912 0.632956 0.756455 0.615829 0.736535 0.630376 0.739078 0.613249 0.856841 0.597595 0.719158 0.627795 0.721702 0.610668 0.701782 0.625215 0.704325 0.608088 0.839465 0.595015 0.717828 0.576953 0.908971 0.605336 0.874218 0.600176 0.735205 0.579534 0.891594 0.602756 0.752581 0.582114 0.769958 0.584694 0.787335 0.587274 0.804711 0.589854 0.822088 0.592435 0.214969 0.616070 0.212426 0.633197 0.195049 0.630616 
						0.197592 0.613490 0.177673 0.628036 0.180216 0.610909 0.160296 0.625456 0.162839 0.608329 0.142919 0.622875 0.145462 0.605749 0.125543 0.620295 0.128086 0.603168 0.108166 0.617715 0.110709 0.600588 0.090789 0.615135 0.093333 0.598008 0.073413 0.612554 0.075956 0.595428 0.056036 0.609974 0.058579 0.592847 0.038659 0.607394 0.041203 0.590267 0.158966 0.574614 0.021283 0.604814 0.023826 0.587687 0.003906 0.602233 0.006449 0.585107 0.141589 0.572033 0.019952 0.553972 0.211095 0.582355 0.176342 0.577194 0.037329 0.556552 0.193719 0.579774 0.054706 0.559132 0.072082 0.561712 0.089459 0.564292 0.106836 0.566873 0.124212 0.569453 
					</float_array>
					<technique_common>
						<accessor count="4707" offset="0" source="#meshId0-tex0-array" stride="2">
							<param name="S" type="float" />
							<param name="T" type="float" />
						</accessor>
					</technique_common>
				</source>
				<vertices id="meshId0-vertices">
					<input semantic="POSITION" source="#meshId0-positions" />
				</vertices>
				<polylist count="5246" material="defaultMaterial">
					<input offset="0" semantic="VERTEX" source="#meshId0-vertices" />
					<input offset="0" semantic="NORMAL" source="#meshId0-normals" />
					<input offset="0" semantic="TANGENT" source="#meshId0-tangents" />
					<input offset="0" semantic="BINORMAL" source="#meshId0-bitangents" />
					<input offset="0" semantic="TEXCOORD" source="#meshId0-tex0" set="0" />
					<vcount>
						3 3 3 3 3 3 3 3 3 3 3 3 3 3 3 3 3 3 3 3 3 3 3 3 3 3 3 3 3 3 3 3 3 3 3 3 3 3 3 3 3 3 3 3 3 3 3 3 3 3 3 3 3 3 3 3 3 3 3 3 3 3 3 3 
						3 3 3 3 3 3 3 3 3 3 3 3 3 3 3 3 3 3 3 3 3 3 3 3 3 3 3 3 3 3 3 3 3 3 3 3 3 3 3 3 3 3 3 3 3 3 3 3 3 3 3 3 3 3 3 3 3 3 3 3 3 3 3 3 
						3 3 3 3 3 3 3 3 3 3 3 3 3 3 3 3 3 3 3 3 3 3 3 3 3 3 3 3 3 3 3 3 3 3 3 3 3 3 3 3 3 3 3 3 3 3 3 3 3 3 3 3 3 3 3 3 3 3 3 3 3 3 3 3 
						3 3 3 3 3 3 3 3 3 3 3 3 3 3 3 3 3 3 3 3 3 3 3 3 3 3 3 3 3 3 3 3 3 3 3 3 3 3 3 3 3 3 3 3 3 3 3 3 3 3 3 3 3 3 3 3 3 3 3 3 3 3 3 3 
						3 3 3 3 3 3 3 3 3 3 3 3 3 3 3 3 3 3 3 3 3 3 3 3 3 3 3 3 3 3 3 3 3 3 3 3 3 3 3 3 3 3 3 3 3 3 3 3 3 3 3 3 3 3 3 3 3 3 3 3 3 3 3 3 
						3 3 3 3 3 3 3 3 3 3 3 3 3 3 3 3 3 3 3 3 3 3 3 3 3 3 3 3 3 3 3 3 3 3 3 3 3 3 3 3 3 3 3 3 3 3 3 3 3 3 3 3 3 3 3 3 3 3 3 3 3 3 3 3 
						3 3 3 3 3 3 3 3 3 3 3 3 3 3 3 3 3 3 3 3 3 3 3 3 3 3 3 3 3 3 3 3 3 3 3 3 3 3 3 3 3 3 3 3 3 3 3 3 3 3 3 3 3 3 3 3 3 3 3 3 3 3 3 3 
						3 3 3 3 3 3 3 3 3 3 3 3 3 3 3 3 3 3 3 3 3 3 3 3 3 3 3 3 3 3 3 3 3 3 3 3 3 3 3 3 3 3 3 3 3 3 3 3 3 3 3 3 3 3 3 3 3 3 3 3 3 3 3 3 
						3 3 3 3 3 3 3 3 3 3 3 3 3 3 3 3 3 3 3 3 3 3 3 3 3 3 3 3 3 3 3 3 3 3 3 3 3 3 3 3 3 3 3 3 3 3 3 3 3 3 3 3 3 3 3 3 3 3 3 3 3 3 3 3 
						3 3 3 3 3 3 3 3 3 3 3 3 3 3 3 3 3 3 3 3 3 3 3 3 3 3 3 3 3 3 3 3 3 3 3 3 3 3 3 3 3 3 3 3 3 3 3 3 3 3 3 3 3 3 3 3 3 3 3 3 3 3 3 3 
						3 3 3 3 3 3 3 3 3 3 3 3 3 3 3 3 3 3 3 3 3 3 3 3 3 3 3 3 3 3 3 3 3 3 3 3 3 3 3 3 3 3 3 3 3 3 3 3 3 3 3 3 3 3 3 3 3 3 3 3 3 3 3 3 
						3 3 3 3 3 3 3 3 3 3 3 3 3 3 3 3 3 3 3 3 3 3 3 3 3 3 3 3 3 3 3 3 3 3 3 3 3 3 3 3 3 3 3 3 3 3 3 3 3 3 3 3 3 3 3 3 3 3 3 3 3 3 3 3 
						3 3 3 3 3 3 3 3 3 3 3 3 3 3 3 3 3 3 3 3 3 3 3 3 3 3 3 3 3 3 3 3 3 3 3 3 3 3 3 3 3 3 3 3 3 3 3 3 3 3 3 3 3 3 3 3 3 3 3 3 3 3 3 3 
						3 3 3 3 3 3 3 3 3 3 3 3 3 3 3 3 3 3 3 3 3 3 3 3 3 3 3 3 3 3 3 3 3 3 3 3 3 3 3 3 3 3 3 3 3 3 3 3 3 3 3 3 3 3 3 3 3 3 3 3 3 3 3 3 
						3 3 3 3 3 3 3 3 3 3 3 3 3 3 3 3 3 3 3 3 3 3 3 3 3 3 3 3 3 3 3 3 3 3 3 3 3 3 3 3 3 3 3 3 3 3 3 3 3 3 3 3 3 3 3 3 3 3 3 3 3 3 3 3 
						3 3 3 3 3 3 3 3 3 3 3 3 3 3 3 3 3 3 3 3 3 3 3 3 3 3 3 3 3 3 3 3 3 3 3 3 3 3 3 3 3 3 3 3 3 3 3 3 3 3 3 3 3 3 3 3 3 3 3 3 3 3 3 3 
						3 3 3 3 3 3 3 3 3 3 3 3 3 3 3 3 3 3 3 3 3 3 3 3 3 3 3 3 3 3 3 3 3 3 3 3 3 3 3 3 3 3 3 3 3 3 3 3 3 3 3 3 3 3 3 3 3 3 3 3 3 3 3 3 
						3 3 3 3 3 3 3 3 3 3 3 3 3 3 3 3 3 3 3 3 3 3 3 3 3 3 3 3 3 3 3 3 3 3 3 3 3 3 3 3 3 3 3 3 3 3 3 3 3 3 3 3 3 3 3 3 3 3 3 3 3 3 3 3 
						3 3 3 3 3 3 3 3 3 3 3 3 3 3 3 3 3 3 3 3 3 3 3 3 3 3 3 3 3 3 3 3 3 3 3 3 3 3 3 3 3 3 3 3 3 3 3 3 3 3 3 3 3 3 3 3 3 3 3 3 3 3 3 3 
						3 3 3 3 3 3 3 3 3 3 3 3 3 3 3 3 3 3 3 3 3 3 3 3 3 3 3 3 3 3 3 3 3 3 3 3 3 3 3 3 3 3 3 3 3 3 3 3 3 3 3 3 3 3 3 3 3 3 3 3 3 3 3 3 
						3 3 3 3 3 3 3 3 3 3 3 3 3 3 3 3 3 3 3 3 3 3 3 3 3 3 3 3 3 3 3 3 3 3 3 3 3 3 3 3 3 3 3 3 3 3 3 3 3 3 3 3 3 3 3 3 3 3 3 3 3 3 3 3 
						3 3 3 3 3 3 3 3 3 3 3 3 3 3 3 3 3 3 3 3 3 3 3 3 3 3 3 3 3 3 3 3 3 3 3 3 3 3 3 3 3 3 3 3 3 3 3 3 3 3 3 3 3 3 3 3 3 3 3 3 3 3 3 3 
						3 3 3 3 3 3 3 3 3 3 3 3 3 3 3 3 3 3 3 3 3 3 3 3 3 3 3 3 3 3 3 3 3 3 3 3 3 3 3 3 3 3 3 3 3 3 3 3 3 3 3 3 3 3 3 3 3 3 3 3 3 3 3 3 
						3 3 3 3 3 3 3 3 3 3 3 3 3 3 3 3 3 3 3 3 3 3 3 3 3 3 3 3 3 3 3 3 3 3 3 3 3 3 3 3 3 3 3 3 3 3 3 3 3 3 3 3 3 3 3 3 3 3 3 3 3 3 3 3 
						3 3 3 3 3 3 3 3 3 3 3 3 3 3 3 3 3 3 3 3 3 3 3 3 3 3 3 3 3 3 3 3 3 3 3 3 3 3 3 3 3 3 3 3 3 3 3 3 3 3 3 3 3 3 3 3 3 3 3 3 3 3 3 3 
						3 3 3 3 3 3 3 3 3 3 3 3 3 3 3 3 3 3 3 3 3 3 3 3 3 3 3 3 3 3 3 3 3 3 3 3 3 3 3 3 3 3 3 3 3 3 3 3 3 3 3 3 3 3 3 3 3 3 3 3 3 3 3 3 
						3 3 3 3 3 3 3 3 3 3 3 3 3 3 3 3 3 3 3 3 3 3 3 3 3 3 3 3 3 3 3 3 3 3 3 3 3 3 3 3 3 3 3 3 3 3 3 3 3 3 3 3 3 3 3 3 3 3 3 3 3 3 3 3 
						3 3 3 3 3 3 3 3 3 3 3 3 3 3 3 3 3 3 3 3 3 3 3 3 3 3 3 3 3 3 3 3 3 3 3 3 3 3 3 3 3 3 3 3 3 3 3 3 3 3 3 3 3 3 3 3 3 3 3 3 3 3 3 3 
						3 3 3 3 3 3 3 3 3 3 3 3 3 3 3 3 3 3 3 3 3 3 3 3 3 3 3 3 3 3 3 3 3 3 3 3 3 3 3 3 3 3 3 3 3 3 3 3 3 3 3 3 3 3 3 3 3 3 3 3 3 3 3 3 
						3 3 3 3 3 3 3 3 3 3 3 3 3 3 3 3 3 3 3 3 3 3 3 3 3 3 3 3 3 3 3 3 3 3 3 3 3 3 3 3 3 3 3 3 3 3 3 3 3 3 3 3 3 3 3 3 3 3 3 3 3 3 3 3 
						3 3 3 3 3 3 3 3 3 3 3 3 3 3 3 3 3 3 3 3 3 3 3 3 3 3 3 3 3 3 3 3 3 3 3 3 3 3 3 3 3 3 3 3 3 3 3 3 3 3 3 3 3 3 3 3 3 3 3 3 3 3 3 3 
						3 3 3 3 3 3 3 3 3 3 3 3 3 3 3 3 3 3 3 3 3 3 3 3 3 3 3 3 3 3 3 3 3 3 3 3 3 3 3 3 3 3 3 3 3 3 3 3 3 3 3 3 3 3 3 3 3 3 3 3 3 3 3 3 
						3 3 3 3 3 3 3 3 3 3 3 3 3 3 3 3 3 3 3 3 3 3 3 3 3 3 3 3 3 3 3 3 3 3 3 3 3 3 3 3 3 3 3 3 3 3 3 3 3 3 3 3 3 3 3 3 3 3 3 3 3 3 3 3 
						3 3 3 3 3 3 3 3 3 3 3 3 3 3 3 3 3 3 3 3 3 3 3 3 3 3 3 3 3 3 3 3 3 3 3 3 3 3 3 3 3 3 3 3 3 3 3 3 3 3 3 3 3 3 3 3 3 3 3 3 3 3 3 3 
						3 3 3 3 3 3 3 3 3 3 3 3 3 3 3 3 3 3 3 3 3 3 3 3 3 3 3 3 3 3 3 3 3 3 3 3 3 3 3 3 3 3 3 3 3 3 3 3 3 3 3 3 3 3 3 3 3 3 3 3 3 3 3 3 
						3 3 3 3 3 3 3 3 3 3 3 3 3 3 3 3 3 3 3 3 3 3 3 3 3 3 3 3 3 3 3 3 3 3 3 3 3 3 3 3 3 3 3 3 3 3 3 3 3 3 3 3 3 3 3 3 3 3 3 3 3 3 3 3 
						3 3 3 3 3 3 3 3 3 3 3 3 3 3 3 3 3 3 3 3 3 3 3 3 3 3 3 3 3 3 3 3 3 3 3 3 3 3 3 3 3 3 3 3 3 3 3 3 3 3 3 3 3 3 3 3 3 3 3 3 3 3 3 3 
						3 3 3 3 3 3 3 3 3 3 3 3 3 3 3 3 3 3 3 3 3 3 3 3 3 3 3 3 3 3 3 3 3 3 3 3 3 3 3 3 3 3 3 3 3 3 3 3 3 3 3 3 3 3 3 3 3 3 3 3 3 3 3 3 
						3 3 3 3 3 3 3 3 3 3 3 3 3 3 3 3 3 3 3 3 3 3 3 3 3 3 3 3 3 3 3 3 3 3 3 3 3 3 3 3 3 3 3 3 3 3 3 3 3 3 3 3 3 3 3 3 3 3 3 3 3 3 3 3 
						3 3 3 3 3 3 3 3 3 3 3 3 3 3 3 3 3 3 3 3 3 3 3 3 3 3 3 3 3 3 3 3 3 3 3 3 3 3 3 3 3 3 3 3 3 3 3 3 3 3 3 3 3 3 3 3 3 3 3 3 3 3 3 3 
						3 3 3 3 3 3 3 3 3 3 3 3 3 3 3 3 3 3 3 3 3 3 3 3 3 3 3 3 3 3 3 3 3 3 3 3 3 3 3 3 3 3 3 3 3 3 3 3 3 3 3 3 3 3 3 3 3 3 3 3 3 3 3 3 
						3 3 3 3 3 3 3 3 3 3 3 3 3 3 3 3 3 3 3 3 3 3 3 3 3 3 3 3 3 3 3 3 3 3 3 3 3 3 3 3 3 3 3 3 3 3 3 3 3 3 3 3 3 3 3 3 3 3 3 3 3 3 3 3 
						3 3 3 3 3 3 3 3 3 3 3 3 3 3 3 3 3 3 3 3 3 3 3 3 3 3 3 3 3 3 3 3 3 3 3 3 3 3 3 3 3 3 3 3 3 3 3 3 3 3 3 3 3 3 3 3 3 3 3 3 3 3 3 3 
						3 3 3 3 3 3 3 3 3 3 3 3 3 3 3 3 3 3 3 3 3 3 3 3 3 3 3 3 3 3 3 3 3 3 3 3 3 3 3 3 3 3 3 3 3 3 3 3 3 3 3 3 3 3 3 3 3 3 3 3 3 3 3 3 
						3 3 3 3 3 3 3 3 3 3 3 3 3 3 3 3 3 3 3 3 3 3 3 3 3 3 3 3 3 3 3 3 3 3 3 3 3 3 3 3 3 3 3 3 3 3 3 3 3 3 3 3 3 3 3 3 3 3 3 3 3 3 3 3 
						3 3 3 3 3 3 3 3 3 3 3 3 3 3 3 3 3 3 3 3 3 3 3 3 3 3 3 3 3 3 3 3 3 3 3 3 3 3 3 3 3 3 3 3 3 3 3 3 3 3 3 3 3 3 3 3 3 3 3 3 3 3 3 3 
						3 3 3 3 3 3 3 3 3 3 3 3 3 3 3 3 3 3 3 3 3 3 3 3 3 3 3 3 3 3 3 3 3 3 3 3 3 3 3 3 3 3 3 3 3 3 3 3 3 3 3 3 3 3 3 3 3 3 3 3 3 3 3 3 
						3 3 3 3 3 3 3 3 3 3 3 3 3 3 3 3 3 3 3 3 3 3 3 3 3 3 3 3 3 3 3 3 3 3 3 3 3 3 3 3 3 3 3 3 3 3 3 3 3 3 3 3 3 3 3 3 3 3 3 3 3 3 3 3 
						3 3 3 3 3 3 3 3 3 3 3 3 3 3 3 3 3 3 3 3 3 3 3 3 3 3 3 3 3 3 3 3 3 3 3 3 3 3 3 3 3 3 3 3 3 3 3 3 3 3 3 3 3 3 3 3 3 3 3 3 3 3 3 3 
						3 3 3 3 3 3 3 3 3 3 3 3 3 3 3 3 3 3 3 3 3 3 3 3 3 3 3 3 3 3 3 3 3 3 3 3 3 3 3 3 3 3 3 3 3 3 3 3 3 3 3 3 3 3 3 3 3 3 3 3 3 3 3 3 
						3 3 3 3 3 3 3 3 3 3 3 3 3 3 3 3 3 3 3 3 3 3 3 3 3 3 3 3 3 3 3 3 3 3 3 3 3 3 3 3 3 3 3 3 3 3 3 3 3 3 3 3 3 3 3 3 3 3 3 3 3 3 3 3 
						3 3 3 3 3 3 3 3 3 3 3 3 3 3 3 3 3 3 3 3 3 3 3 3 3 3 3 3 3 3 3 3 3 3 3 3 3 3 3 3 3 3 3 3 3 3 3 3 3 3 3 3 3 3 3 3 3 3 3 3 3 3 3 3 
						3 3 3 3 3 3 3 3 3 3 3 3 3 3 3 3 3 3 3 3 3 3 3 3 3 3 3 3 3 3 3 3 3 3 3 3 3 3 3 3 3 3 3 3 3 3 3 3 3 3 3 3 3 3 3 3 3 3 3 3 3 3 3 3 
						3 3 3 3 3 3 3 3 3 3 3 3 3 3 3 3 3 3 3 3 3 3 3 3 3 3 3 3 3 3 3 3 3 3 3 3 3 3 3 3 3 3 3 3 3 3 3 3 3 3 3 3 3 3 3 3 3 3 3 3 3 3 3 3 
						3 3 3 3 3 3 3 3 3 3 3 3 3 3 3 3 3 3 3 3 3 3 3 3 3 3 3 3 3 3 3 3 3 3 3 3 3 3 3 3 3 3 3 3 3 3 3 3 3 3 3 3 3 3 3 3 3 3 3 3 3 3 3 3 
						3 3 3 3 3 3 3 3 3 3 3 3 3 3 3 3 3 3 3 3 3 3 3 3 3 3 3 3 3 3 3 3 3 3 3 3 3 3 3 3 3 3 3 3 3 3 3 3 3 3 3 3 3 3 3 3 3 3 3 3 3 3 3 3 
						3 3 3 3 3 3 3 3 3 3 3 3 3 3 3 3 3 3 3 3 3 3 3 3 3 3 3 3 3 3 3 3 3 3 3 3 3 3 3 3 3 3 3 3 3 3 3 3 3 3 3 3 3 3 3 3 3 3 3 3 3 3 3 3 
						3 3 3 3 3 3 3 3 3 3 3 3 3 3 3 3 3 3 3 3 3 3 3 3 3 3 3 3 3 3 3 3 3 3 3 3 3 3 3 3 3 3 3 3 3 3 3 3 3 3 3 3 3 3 3 3 3 3 3 3 3 3 3 3 
						3 3 3 3 3 3 3 3 3 3 3 3 3 3 3 3 3 3 3 3 3 3 3 3 3 3 3 3 3 3 3 3 3 3 3 3 3 3 3 3 3 3 3 3 3 3 3 3 3 3 3 3 3 3 3 3 3 3 3 3 3 3 3 3 
						3 3 3 3 3 3 3 3 3 3 3 3 3 3 3 3 3 3 3 3 3 3 3 3 3 3 3 3 3 3 3 3 3 3 3 3 3 3 3 3 3 3 3 3 3 3 3 3 3 3 3 3 3 3 3 3 3 3 3 3 3 3 3 3 
						3 3 3 3 3 3 3 3 3 3 3 3 3 3 3 3 3 3 3 3 3 3 3 3 3 3 3 3 3 3 3 3 3 3 3 3 3 3 3 3 3 3 3 3 3 3 3 3 3 3 3 3 3 3 3 3 3 3 3 3 3 3 3 3 
						3 3 3 3 3 3 3 3 3 3 3 3 3 3 3 3 3 3 3 3 3 3 3 3 3 3 3 3 3 3 3 3 3 3 3 3 3 3 3 3 3 3 3 3 3 3 3 3 3 3 3 3 3 3 3 3 3 3 3 3 3 3 3 3 
						3 3 3 3 3 3 3 3 3 3 3 3 3 3 3 3 3 3 3 3 3 3 3 3 3 3 3 3 3 3 3 3 3 3 3 3 3 3 3 3 3 3 3 3 3 3 3 3 3 3 3 3 3 3 3 3 3 3 3 3 3 3 3 3 
						3 3 3 3 3 3 3 3 3 3 3 3 3 3 3 3 3 3 3 3 3 3 3 3 3 3 3 3 3 3 3 3 3 3 3 3 3 3 3 3 3 3 3 3 3 3 3 3 3 3 3 3 3 3 3 3 3 3 3 3 3 3 3 3 
						3 3 3 3 3 3 3 3 3 3 3 3 3 3 3 3 3 3 3 3 3 3 3 3 3 3 3 3 3 3 3 3 3 3 3 3 3 3 3 3 3 3 3 3 3 3 3 3 3 3 3 3 3 3 3 3 3 3 3 3 3 3 3 3 
						3 3 3 3 3 3 3 3 3 3 3 3 3 3 3 3 3 3 3 3 3 3 3 3 3 3 3 3 3 3 3 3 3 3 3 3 3 3 3 3 3 3 3 3 3 3 3 3 3 3 3 3 3 3 3 3 3 3 3 3 3 3 3 3 
						3 3 3 3 3 3 3 3 3 3 3 3 3 3 3 3 3 3 3 3 3 3 3 3 3 3 3 3 3 3 3 3 3 3 3 3 3 3 3 3 3 3 3 3 3 3 3 3 3 3 3 3 3 3 3 3 3 3 3 3 3 3 3 3 
						3 3 3 3 3 3 3 3 3 3 3 3 3 3 3 3 3 3 3 3 3 3 3 3 3 3 3 3 3 3 3 3 3 3 3 3 3 3 3 3 3 3 3 3 3 3 3 3 3 3 3 3 3 3 3 3 3 3 3 3 3 3 3 3 
						3 3 3 3 3 3 3 3 3 3 3 3 3 3 3 3 3 3 3 3 3 3 3 3 3 3 3 3 3 3 3 3 3 3 3 3 3 3 3 3 3 3 3 3 3 3 3 3 3 3 3 3 3 3 3 3 3 3 3 3 3 3 3 3 
						3 3 3 3 3 3 3 3 3 3 3 3 3 3 3 3 3 3 3 3 3 3 3 3 3 3 3 3 3 3 3 3 3 3 3 3 3 3 3 3 3 3 3 3 3 3 3 3 3 3 3 3 3 3 3 3 3 3 3 3 3 3 3 3 
						3 3 3 3 3 3 3 3 3 3 3 3 3 3 3 3 3 3 3 3 3 3 3 3 3 3 3 3 3 3 3 3 3 3 3 3 3 3 3 3 3 3 3 3 3 3 3 3 3 3 3 3 3 3 3 3 3 3 3 3 3 3 3 3 
						3 3 3 3 3 3 3 3 3 3 3 3 3 3 3 3 3 3 3 3 3 3 3 3 3 3 3 3 3 3 3 3 3 3 3 3 3 3 3 3 3 3 3 3 3 3 3 3 3 3 3 3 3 3 3 3 3 3 3 3 3 3 3 3 
						3 3 3 3 3 3 3 3 3 3 3 3 3 3 3 3 3 3 3 3 3 3 3 3 3 3 3 3 3 3 3 3 3 3 3 3 3 3 3 3 3 3 3 3 3 3 3 3 3 3 3 3 3 3 3 3 3 3 3 3 3 3 3 3 
						3 3 3 3 3 3 3 3 3 3 3 3 3 3 3 3 3 3 3 3 3 3 3 3 3 3 3 3 3 3 3 3 3 3 3 3 3 3 3 3 3 3 3 3 3 3 3 3 3 3 3 3 3 3 3 3 3 3 3 3 3 3 3 3 
						3 3 3 3 3 3 3 3 3 3 3 3 3 3 3 3 3 3 3 3 3 3 3 3 3 3 3 3 3 3 3 3 3 3 3 3 3 3 3 3 3 3 3 3 3 3 3 3 3 3 3 3 3 3 3 3 3 3 3 3 3 3 3 3 
						3 3 3 3 3 3 3 3 3 3 3 3 3 3 3 3 3 3 3 3 3 3 3 3 3 3 3 3 3 3 3 3 3 3 3 3 3 3 3 3 3 3 3 3 3 3 3 3 3 3 3 3 3 3 3 3 3 3 3 3 3 3 3 3 
						3 3 3 3 3 3 3 3 3 3 3 3 3 3 3 3 3 3 3 3 3 3 3 3 3 3 3 3 3 3 3 3 3 3 3 3 3 3 3 3 3 3 3 3 3 3 3 3 3 3 3 3 3 3 3 3 3 3 3 3 3 3 3 3 
						3 3 3 3 3 3 3 3 3 3 3 3 3 3 3 3 3 3 3 3 3 3 3 3 3 3 3 3 3 3 3 3 3 3 3 3 3 3 3 3 3 3 3 3 3 3 3 3 3 3 3 3 3 3 3 3 3 3 3 3 3 3 3 3 
						3 3 3 3 3 3 3 3 3 3 3 3 3 3 3 3 3 3 3 3 3 3 3 3 3 3 3 3 3 3 3 3 3 3 3 3 3 3 3 3 3 3 3 3 3 3 3 3 3 3 3 3 3 3 3 3 3 3 3 3 3 3 3 3 
						3 3 3 3 3 3 3 3 3 3 3 3 3 3 3 3 3 3 3 3 3 3 3 3 3 3 3 3 3 3 3 3 3 3 3 3 3 3 3 3 3 3 3 3 3 3 3 3 3 3 3 3 3 3 3 3 3 3 3 3 3 3 3 3 
						3 3 3 3 3 3 3 3 3 3 3 3 3 3 3 3 3 3 3 3 3 3 3 3 3 3 3 3 3 3 3 3 3 3 3 3 3 3 3 3 3 3 3 3 3 3 3 3 3 3 3 3 3 3 3 3 3 3 3 3 3 3 3 3 
						3 3 3 3 3 3 3 3 3 3 3 3 3 3 3 3 3 3 3 3 3 3 3 3 3 3 3 3 3 3 3 3 3 3 3 3 3 3 3 3 3 3 3 3 3 3 3 3 3 3 3 3 3 3 3 3 3 3 3 3 3 3 
					</vcount>
					<p>
						3 0 1 1 2 3 4 5 6 10 7 8 8 9 10 14 11 12 12 13 14 18 15 16 16 17 18 11 19 20 20 12 11 15 21 6 6 16 15 18 17 22 7 23 24 24 8 7 21 25 26 26 6 21 30 27 28 28 29 30 32 3 2 2 31 32 36 33 34 34 35 36 37 38 39 43 40 41 41 42 43 45 36 35 35 44 45 46 47 38 48 49 47 50 39 51 54 52 53 53 49 54 52 43 42 42 53 52 16 6 5 5 55 16 17 16 55 55 56 17 17 57 22 17 56 58 59 17 58 0 10 9 9 1 0 26 60 6 17 59 57 62 32 31 31 61 62 66 63 64 64 65 66 68 67 10 10 0 68 70 69 32 32 62 70 72 71 23 23 7 72 71 65 73 73 23 71 67 72 7 7 10 67 75 74 19 19 11 75 69 76 3 
						3 32 69 64 75 11 11 14 64 76 68 0 0 3 76 23 73 77 77 24 23 81 78 79 79 80 81 85 82 83 83 84 85 89 86 87 87 88 89 27 90 91 91 28 27 93 85 84 84 92 93 96 94 78 78 95 96 86 97 98 98 87 86 97 93 92 92 98 97 100 99 43 43 52 100 101 100 52 52 54 101 103 102 37 37 50 103 104 101 54 54 48 104 105 104 48 48 46 105 107 106 36 36 45 107 99 108 40 40 43 99 102 105 46 46 37 102 106 109 33 33 36 106 49 53 93 93 97 49 47 49 97 97 86 47 39 89 110 53 42 85 85 93 53 35 34 90 90 27 35 38 47 86 86 89 38 42 41 82 82 85 42 51 39 110 110 111 51 44 35 27 27 30 44 48 47 46 54 49 48 46 38 37 37 39 50 38 89 39 41 44 30 
						30 82 41 108 107 45 45 40 108 82 30 29 29 83 82 73 14 13 13 77 73 65 64 14 14 73 65 40 45 44 44 41 40 115 112 113 113 114 115 119 116 117 117 118 119 123 120 121 121 122 123 118 117 124 124 125 118 116 126 123 123 117 116 112 127 128 128 113 112 88 87 129 129 130 88 131 115 114 114 120 131 126 131 120 120 123 126 129 119 118 118 132 129 87 98 119 119 129 87 84 83 131 131 126 84 83 29 115 115 131 83 130 133 134 28 91 127 127 112 28 92 84 126 126 116 92 132 135 133 139 136 137 137 138 139 98 92 116 116 119 98 29 28 112 112 115 29 132 118 125 125 140 132 117 123 122 122 124 117 132 140 141 141 135 132 135 141 142 142 143 135 147 144 145 145 146 147 151 148 149 149 150 151 143 147 152 152 153 143 155 151 150 
						150 154 155 159 156 157 157 158 159 163 160 161 161 162 163 160 164 165 165 161 160 169 166 167 167 168 169 166 170 171 171 167 166 146 145 164 164 160 146 174 163 172 172 173 174 161 165 175 175 176 161 162 161 176 176 177 162 168 167 178 178 179 168 167 171 180 180 178 167 176 175 170 170 166 176 177 176 166 166 169 177 162 177 181 181 182 162 163 162 182 182 172 163 168 179 183 183 184 168 169 168 184 184 185 169 177 169 185 185 181 177 148 186 187 187 149 148 174 146 160 160 163 174 143 142 144 144 147 143 184 183 188 188 189 184 185 184 189 189 190 185 185 190 181 181 190 182 182 190 191 191 192 182 190 189 193 193 191 190 189 188 194 194 193 189 182 192 172 195 88 196 110 89 195 195 94 110 111 110 94 94 96 111 89 88 195 198 197 68 68 76 198 
						63 199 75 75 64 63 200 198 76 76 69 200 199 201 74 74 75 199 203 202 72 72 67 203 204 66 65 65 71 204 202 204 71 71 72 202 205 200 69 69 70 205 197 203 67 67 68 197 208 194 206 206 207 208 212 209 210 210 211 212 216 213 214 214 215 216 218 212 211 211 217 218 130 129 132 132 133 130 94 195 196 196 78 94 180 219 220 220 178 180 224 221 222 222 223 224 226 224 223 223 225 226 228 226 225 225 227 228 230 228 227 227 229 230 207 206 230 230 231 207 206 232 228 228 230 206 232 233 226 226 228 232 233 234 224 224 226 233 234 220 221 221 224 234 236 235 222 222 221 236 240 237 238 238 239 240 196 241 78 179 178 220 220 234 179 183 179 234 234 233 183 188 183 233 233 232 188 194 188 232 232 206 194 245 242 243 243 244 245 219 236 221 
						221 220 219 247 246 236 236 219 247 246 248 235 235 236 246 249 247 219 219 180 249 142 250 251 251 144 142 175 252 253 253 170 175 171 254 249 249 180 171 165 255 252 252 175 165 145 256 257 257 164 145 170 253 254 254 171 170 164 257 255 255 165 164 144 251 256 256 145 144 141 140 250 250 142 141 261 258 259 259 260 261 231 230 229 229 262 231 209 263 264 264 210 209 196 88 130 130 241 196 172 192 265 265 173 172 242 266 267 267 243 242 258 155 154 154 259 258 133 135 268 268 134 133 270 269 231 231 262 270 272 245 244 244 271 272 193 194 208 208 273 193 135 143 153 153 268 135 186 218 217 217 187 186 191 193 273 273 274 191 147 146 174 174 152 147 192 191 274 274 265 192 278 275 276 276 277 278 282 279 280 280 281 282 237 139 138 138 238 237 286 283 284 
						284 285 286 283 278 277 277 284 283 136 287 288 288 137 136 213 289 290 290 214 213 292 286 285 285 291 292 289 240 239 239 290 289 279 292 291 291 280 279 294 159 158 158 293 294 275 216 215 215 276 275 287 295 296 296 288 287 263 272 271 271 264 263 298 282 281 281 297 298 243 267 299 299 300 243 210 264 301 301 302 210 293 158 303 303 304 293 271 244 305 305 306 271 211 210 302 302 307 211 260 259 308 308 309 260 217 211 307 307 310 217 259 154 311 311 308 259 267 293 304 304 299 267 150 149 312 312 313 150 187 217 310 310 314 187 158 157 315 315 303 158 264 271 306 306 301 264 149 187 314 314 312 149 244 243 300 300 305 244 154 150 313 313 311 154 317 316 241 241 130 317 319 318 134 134 268 319 320 319 268 268 153 320 322 321 152 152 174 322 318 317 130 
						130 134 318 323 322 174 174 173 323 321 320 153 153 152 321 325 324 273 273 208 325 324 326 274 274 273 324 326 327 265 265 274 326 316 328 78 78 241 316 173 265 327 327 323 173 208 207 329 329 325 208 231 269 330 330 331 231 79 78 328 328 332 79 207 231 331 331 329 207 78 81 95 159 294 137 137 288 159 258 261 297 297 281 258 155 258 281 281 280 155 148 151 291 291 285 148 156 159 288 288 296 156 186 148 285 285 284 186 151 155 280 280 291 151 263 209 215 215 214 263 209 212 276 276 215 209 212 218 277 277 276 212 294 266 138 138 137 294 284 277 218 218 186 284 214 290 272 272 263 214 239 238 242 242 245 239 238 138 266 266 242 238 290 239 245 245 272 290 266 294 293 293 267 266 60 4 6 58 56 203 203 197 58 22 57 200 200 205 22 55 5 204 
						204 202 55 5 4 66 66 204 5 56 55 202 202 203 56 26 25 201 201 199 26 57 59 198 198 200 57 60 26 199 199 63 60 59 58 197 197 198 59 4 60 63 63 66 4 334 247 249 249 333 334 336 251 250 250 335 336 338 124 122 122 337 338 337 122 121 121 339 337 333 249 254 254 340 333 342 253 252 252 341 342 341 252 255 255 343 341 344 246 247 247 334 344 335 250 140 140 345 335 345 140 125 125 346 345 343 255 257 257 347 343 340 254 253 253 342 340 347 257 256 256 348 347 348 256 251 251 336 348 349 248 246 246 344 349 346 125 124 124 338 346 351 338 337 337 350 351 353 342 341 341 352 353 350 337 339 339 354 350 356 333 340 340 355 356 357 346 338 338 351 357 355 340 342 342 353 355 359 335 345 345 358 359 361 348 336 336 360 361 360 336 335 
						335 359 360 363 349 344 344 362 363 364 347 348 348 361 364 362 344 334 334 365 362 352 341 343 343 366 352 358 345 346 346 357 358 365 334 333 333 356 365 366 343 347 347 364 366 339 121 120 120 367 339 367 120 114 114 368 367 368 114 113 113 369 368 369 113 128 128 370 369 372 367 368 368 371 372 374 369 370 370 373 374 354 339 367 367 372 354 371 368 369 369 374 371 378 375 376 376 377 378 382 379 380 380 381 382 386 383 384 384 385 386 390 387 388 388 389 390 383 386 391 391 392 383 392 391 393 393 394 392 398 395 396 396 397 398 377 376 395 395 398 377 402 399 400 400 401 402 406 403 404 404 405 406 410 407 408 408 409 410 387 390 407 407 410 387 414 411 412 412 413 414 418 415 416 416 417 418 422 419 420 420 421 422 426 423 424 424 425 426 419 422 427 
						427 428 419 428 427 429 429 430 428 434 431 432 432 433 434 413 412 431 431 434 413 436 435 425 425 424 436 440 437 438 438 439 440 444 441 442 442 443 444 448 445 446 446 447 448 452 449 450 450 451 452 456 453 454 454 455 456 460 457 458 458 459 460 453 456 461 461 462 453 464 463 441 441 444 464 468 465 466 466 467 468 472 469 470 470 471 472 447 446 469 469 472 447 474 473 459 459 458 474 467 466 475 475 476 467 480 477 478 478 479 480 484 481 482 482 483 484 488 485 486 486 487 488 490 489 485 485 488 490 494 491 492 492 493 494 496 481 484 484 495 496 492 491 497 497 498 492 502 499 500 500 501 502 504 503 501 501 500 504 508 505 506 506 507 508 494 493 509 509 510 494 514 511 512 512 513 514 518 515 516 516 517 518 522 519 520 520 521 522 526 523 524 
						524 525 526 530 527 528 528 529 530 534 531 532 532 533 534 538 535 536 536 537 538 540 537 536 536 539 540 544 541 542 542 543 544 544 543 519 519 522 544 530 529 545 545 546 530 550 547 548 548 549 550 548 551 552 552 549 548 532 531 553 553 554 532 558 555 556 556 557 558 562 559 560 560 561 562 564 563 559 559 562 564 568 565 566 566 567 568 570 555 558 558 569 570 574 571 572 572 573 574 576 575 477 477 480 576 578 573 572 572 577 578 564 579 580 580 563 564 584 581 582 582 583 584 568 567 585 585 586 568 590 587 588 588 589 590 588 591 592 592 589 588 596 593 594 594 595 596 600 597 598 598 599 600 594 593 601 601 602 594 606 603 604 604 605 606 610 607 608 608 609 610 612 609 608 608 611 612 616 613 614 614 615 616 616 615 617 617 618 616 622 619 620 
						620 621 622 624 614 613 613 623 624 628 625 626 626 627 628 604 603 629 629 630 604 632 584 583 583 631 632 581 633 634 634 582 581 636 526 525 525 635 636 523 637 638 638 524 523 493 492 639 639 509 493 505 514 513 513 506 505 619 600 599 599 620 619 641 640 627 627 626 641 380 642 643 643 381 380 403 644 645 645 404 403 416 646 647 647 417 416 649 415 418 418 648 649 450 650 651 651 451 450 466 465 652 652 475 466 656 653 654 654 655 656 660 657 658 658 659 660 662 661 653 653 656 662 659 658 663 663 664 659 668 665 666 666 667 668 672 669 670 670 671 672 674 673 661 661 662 674 678 675 676 676 677 678 682 679 680 680 681 682 671 670 673 673 674 671 686 683 684 684 685 686 664 663 669 669 672 664 685 684 665 665 668 685 655 654 679 679 682 655 667 666 675 
						675 678 667 681 680 683 683 686 681 687 688 689 690 691 689 692 693 689 694 695 689 696 692 689 695 697 689 698 687 689 699 700 689 701 696 689 688 694 689 702 690 689 700 701 689 691 703 689 697 699 689 703 698 689 693 702 689 680 306 305 305 683 680 666 304 303 303 675 666 654 302 301 301 679 654 684 300 299 299 665 684 663 311 313 313 669 663 683 305 300 300 684 683 670 312 314 314 673 670 679 301 306 306 680 679 675 303 315 315 676 675 673 314 310 310 661 673 669 313 312 312 670 669 665 299 304 304 666 665 658 308 311 311 663 658 661 310 307 307 653 661 657 309 308 308 658 657 653 307 302 302 654 653 707 704 705 705 706 707 708 709 710 714 711 712 712 713 714 718 715 716 716 717 718 722 719 720 720 721 722 724 723 715 715 718 724 709 725 719 719 722 709 
						720 726 721 728 727 711 711 714 728 730 729 725 725 709 730 734 731 732 732 733 734 706 705 735 735 736 706 740 737 738 738 739 740 741 742 743 747 744 745 745 746 747 739 738 748 748 749 739 750 743 751 752 751 753 754 755 742 758 756 757 757 753 758 746 745 756 756 758 746 710 709 722 722 759 710 759 722 721 721 760 759 721 726 761 721 762 760 763 762 721 713 712 704 704 707 713 730 709 764 721 761 763 736 735 765 765 766 736 770 767 768 768 769 770 712 771 772 772 704 712 735 773 774 774 765 735 727 775 776 776 711 727 777 769 775 775 727 777 711 776 771 771 712 711 723 778 779 779 715 723 705 780 773 773 735 705 715 779 770 770 716 715 704 772 780 780 705 704 781 777 727 727 728 781 785 782 783 783 784 785 789 786 787 787 788 789 793 790 791 791 792 793 
						795 794 731 731 734 795 788 787 796 796 797 788 782 798 799 799 800 782 802 801 790 790 793 802 797 796 801 801 802 797 745 803 804 804 756 745 756 804 805 805 757 756 741 806 807 807 754 741 757 805 808 808 752 757 752 808 809 809 750 752 738 810 811 811 748 738 744 812 803 803 745 744 750 809 806 806 741 750 737 813 810 810 738 737 796 758 753 753 801 796 801 753 751 751 790 801 742 814 791 787 746 758 758 796 787 794 740 739 739 731 794 790 751 743 743 791 790 786 747 746 746 787 786 814 742 755 755 815 814 731 739 749 749 732 731 752 750 751 757 752 753 750 741 743 741 754 742 743 742 791 732 749 747 747 786 732 748 811 812 812 744 748 733 732 786 786 789 733 717 716 777 777 781 717 716 770 769 769 777 716 749 748 744 744 747 749 819 816 817 817 818 819 
						823 820 821 821 822 823 827 824 825 825 826 827 829 823 822 822 828 829 825 830 820 820 823 825 832 831 816 816 819 832 834 793 792 792 833 834 818 817 835 835 824 818 824 835 830 830 825 824 822 821 834 834 836 822 821 802 793 793 834 821 835 789 788 788 830 835 817 733 789 789 835 817 833 837 838 831 795 734 734 816 831 830 788 797 797 820 830 836 838 839 843 840 841 841 842 843 820 797 802 802 821 820 816 734 733 733 817 816 828 822 836 836 844 828 826 825 823 823 829 826 845 844 836 836 839 845 847 845 839 839 846 847 851 848 849 849 850 851 855 852 853 853 854 855 857 849 846 846 856 857 854 853 858 858 859 854 863 860 861 861 862 863 867 864 865 865 866 867 869 868 864 864 867 869 873 870 871 871 872 873 875 874 870 870 873 875 868 851 850 850 864 868 
						878 865 876 876 877 878 880 869 867 867 879 880 879 867 866 866 881 879 883 873 872 872 882 883 884 875 873 873 883 884 874 880 879 879 870 874 870 879 881 881 871 870 886 881 866 866 885 886 885 866 865 865 878 885 888 882 872 872 887 888 887 872 871 871 889 887 889 871 881 881 886 889 891 890 852 852 855 891 864 850 876 876 865 864 848 847 846 846 849 848 893 888 887 887 892 893 892 887 889 889 894 892 889 886 894 886 885 894 896 894 885 885 895 896 897 892 894 894 896 897 898 893 892 892 897 898 885 878 895 899 900 792 899 791 814 814 798 899 798 814 815 815 799 798 791 899 792 772 901 902 902 780 772 779 903 767 767 770 779 780 902 904 904 773 780 778 905 903 903 779 778 776 906 907 907 771 776 769 768 908 908 775 769 775 908 906 906 776 775 773 904 909 
						909 774 773 771 907 901 901 772 771 912 898 910 910 911 912 916 913 914 914 915 916 920 917 918 918 919 920 915 914 921 921 922 915 836 834 833 833 838 836 900 899 798 798 782 900 924 923 884 884 883 924 928 925 926 926 927 928 927 926 929 929 930 927 930 929 931 931 932 930 932 931 933 933 934 932 933 912 911 911 935 933 931 936 912 912 933 931 929 937 936 936 931 929 926 938 937 937 929 926 925 924 938 938 926 925 928 939 940 940 925 928 944 941 942 942 943 944 900 782 945 924 883 882 882 938 924 938 882 888 888 937 938 937 888 893 893 936 937 936 893 898 898 912 936 949 946 947 947 948 949 925 940 923 923 924 925 940 950 951 951 923 940 939 952 950 950 940 939 923 951 953 953 884 923 955 954 847 847 848 955 957 956 880 880 874 957 953 958 875 875 884 953 
						956 959 869 869 880 956 961 960 851 851 868 961 958 957 874 874 875 958 959 961 868 868 869 959 960 955 848 848 851 960 954 844 845 845 847 954 965 962 963 963 964 965 934 933 935 935 966 934 968 967 913 913 916 968 833 792 900 900 945 833 969 895 878 878 877 969 971 970 946 946 949 971 859 858 962 962 965 859 972 839 838 838 837 972 935 973 974 974 966 935 948 947 975 975 976 948 910 898 897 897 977 910 856 846 839 839 972 856 922 921 890 890 891 922 977 897 896 896 978 977 876 850 849 849 857 876 978 896 895 895 969 978 982 979 980 980 981 982 986 983 984 984 985 986 842 841 941 941 944 842 990 987 988 988 989 990 981 980 987 987 990 981 992 991 840 840 843 992 994 993 917 917 920 994 989 988 995 995 996 989 943 942 993 993 994 943 996 995 983 983 986 996 
						862 861 997 997 998 862 919 918 979 979 982 919 1000 999 991 991 992 1000 976 975 967 967 968 976 985 984 1001 1001 1002 985 1004 971 949 949 1003 1004 1006 968 916 916 1005 1006 1008 862 998 998 1007 1008 1010 948 976 976 1009 1010 1005 916 915 915 1011 1005 1013 965 964 964 1012 1013 1011 915 922 922 1014 1011 1015 859 965 965 1013 1015 1007 998 971 971 1004 1007 1017 855 854 854 1016 1017 1014 922 891 891 1018 1014 1019 863 862 862 1008 1019 1009 976 968 968 1006 1009 1018 891 855 855 1017 1018 1003 949 948 948 1010 1003 1016 854 859 859 1015 1016 945 1020 1021 1021 833 945 837 1022 1023 1023 972 837 972 1023 1024 1024 856 972 857 1025 1026 1026 876 857 833 1021 1022 1022 837 833 876 1026 1027 1027 877 876 856 1024 1025 1025 857 856 977 1028 1029 1029 910 977 978 1030 1028 1028 977 978 969 1031 1030 1030 978 969 782 1032 1020 1020 945 782 
						1031 969 877 877 1027 1031 1033 911 910 910 1029 1033 1035 973 935 935 1034 1035 1032 782 785 785 1036 1032 1034 935 911 911 1033 1034 782 800 783 843 997 861 861 992 843 1002 963 962 962 985 1002 985 962 858 858 986 985 996 853 852 852 989 996 992 861 860 860 1000 992 989 852 890 890 990 989 986 858 853 853 996 986 919 913 967 967 920 919 982 914 913 913 919 982 981 921 914 914 982 981 842 970 997 997 843 842 921 981 990 990 890 921 975 994 920 920 967 975 946 944 943 943 947 946 970 842 944 944 946 970 947 943 994 994 975 947 998 997 970 970 971 998 764 709 708 907 760 762 762 901 907 904 761 726 726 909 904 908 710 759 759 906 908 768 708 710 710 908 768 906 759 760 760 907 906 905 729 730 730 903 905 902 763 761 761 904 902 903 730 764 764 767 903 901 762 763 763 902 901 
						767 764 708 708 768 767 953 951 1037 1037 1038 953 954 955 1039 1039 1040 954 826 829 1041 1041 1042 826 827 826 1042 1042 1043 827 958 953 1038 1038 1044 958 956 957 1045 1045 1046 956 959 956 1046 1046 1047 959 951 950 1048 1048 1037 951 844 954 1040 1040 1049 844 828 844 1049 1049 1050 828 961 959 1047 1047 1051 961 957 958 1044 1044 1045 957 960 961 1051 1051 1052 960 955 960 1052 1052 1039 955 950 952 1053 1053 1048 950 829 828 1050 1050 1041 829 1042 1041 1054 1054 1055 1042 1046 1045 1056 1056 1057 1046 1043 1042 1055 1055 1058 1043 1044 1038 1059 1059 1060 1044 1041 1050 1061 1061 1054 1041 1045 1044 1060 1060 1056 1045 1049 1040 1062 1062 1063 1049 1039 1052 1064 1064 1065 1039 1040 1039 1065 1065 1062 1040 1048 1053 1066 1066 1067 1048 1052 1051 1068 1068 1064 1052 1037 1048 1067 1067 1069 1037 1047 1046 1057 1057 1070 1047 1050 1049 1063 1063 1061 1050 1038 1037 1069 1069 1059 1038 
						1051 1047 1070 1070 1068 1051 824 827 1043 1043 1071 824 818 824 1071 1071 1072 818 819 818 1072 1072 1073 819 832 819 1073 1073 1074 832 1072 1071 1075 1075 1076 1072 1074 1073 1077 1077 1078 1074 1071 1043 1058 1058 1075 1071 1073 1072 1076 1076 1077 1073 1082 1079 1080 1080 1081 1082 1086 1083 1084 1084 1085 1086 1089 1087 1086 1086 1088 1089 1093 1090 1091 1091 1092 1093 1083 1086 1087 1087 1094 1083 1098 1095 1096 1096 1097 1098 1100 1083 1094 1094 1099 1100 1104 1101 1102 1102 1103 1104 1101 1105 1106 1106 1102 1101 1110 1107 1108 1108 1109 1110 1114 1111 1112 1112 1113 1114 1118 1115 1116 1116 1117 1118 1122 1119 1120 1120 1121 1122 1126 1123 1124 1124 1125 1126 1128 1126 1125 1125 1127 1128 1132 1129 1130 1130 1131 1132 1129 1133 1134 1134 1130 1129 1136 1122 1121 1121 1135 1136 1140 1137 1138 1138 1139 1140 1144 1141 1142 1142 1143 1144 1148 1145 1146 1146 1147 1148 1152 1149 1150 1150 1151 1152 1154 1153 1144 1144 1143 1154 
						1158 1155 1156 1156 1157 1158 1136 1135 1159 1159 1160 1136 1146 1161 1156 1156 1147 1146 1165 1162 1163 1163 1164 1165 1169 1166 1167 1167 1168 1169 1173 1170 1171 1171 1172 1173 1175 1096 1095 1095 1174 1175 1166 1169 1176 1176 1177 1166 1179 1166 1177 1177 1178 1179 1183 1180 1181 1181 1182 1183 1180 1184 1185 1185 1181 1180 1189 1186 1187 1187 1188 1189 1193 1190 1191 1191 1192 1193 1195 1098 1097 1097 1194 1195 1199 1196 1197 1197 1198 1199 1203 1200 1201 1201 1202 1203 1207 1204 1205 1205 1206 1207 1210 1202 1208 1208 1209 1210 1212 1205 1204 1204 1211 1212 1115 1091 1090 1090 1116 1115 1216 1213 1214 1214 1215 1216 1220 1217 1218 1218 1219 1220 1217 1199 1198 1198 1218 1217 1224 1221 1222 1222 1223 1224 1226 1216 1215 1215 1225 1226 1230 1227 1228 1228 1229 1230 1231 1208 1202 1202 1201 1231 1235 1232 1233 1233 1234 1235 1239 1236 1237 1237 1238 1239 1243 1240 1241 1241 1242 1243 1247 1244 1245 1245 1246 1247 1251 1248 1249 1249 1250 1251 
						1253 1251 1250 1250 1252 1253 1257 1254 1255 1255 1256 1257 1254 1235 1234 1234 1255 1254 1259 1243 1242 1242 1258 1259 1263 1260 1261 1261 1262 1263 1262 1264 1265 1265 1263 1262 1267 1245 1244 1244 1266 1267 1271 1268 1269 1269 1270 1271 1275 1272 1273 1273 1274 1275 1279 1276 1277 1277 1278 1279 1283 1280 1281 1281 1282 1283 1285 1276 1279 1279 1284 1285 1285 1284 1286 1286 1287 1285 1291 1288 1289 1289 1290 1291 1268 1290 1289 1289 1269 1268 1295 1292 1293 1293 1294 1295 1299 1296 1297 1297 1298 1299 1303 1300 1301 1301 1302 1303 1303 1280 1283 1283 1300 1303 1307 1304 1305 1305 1306 1307 1311 1308 1309 1309 1310 1311 1315 1312 1313 1313 1314 1315 1319 1316 1317 1317 1318 1319 1321 1312 1315 1315 1320 1321 1321 1320 1322 1322 1323 1321 1327 1324 1325 1325 1326 1327 1304 1326 1325 1325 1305 1304 1331 1328 1329 1329 1330 1331 1335 1332 1333 1333 1334 1335 1337 1336 1335 1335 1334 1337 1339 1316 1319 1319 1338 1339 1343 1340 1341 1341 1342 1343 
						1347 1344 1345 1345 1346 1347 1351 1348 1349 1349 1350 1351 1355 1352 1353 1353 1354 1355 1357 1348 1351 1351 1356 1357 1357 1356 1358 1358 1359 1357 1363 1360 1361 1361 1362 1363 1340 1362 1361 1361 1341 1340 1367 1364 1365 1365 1366 1367 1371 1368 1369 1369 1370 1371 1373 1372 1371 1371 1370 1373 1375 1352 1355 1355 1374 1375 1379 1376 1377 1377 1378 1379 1383 1380 1381 1381 1382 1383 1380 1384 1385 1385 1381 1380 1389 1386 1387 1387 1388 1389 1377 1376 1390 1390 1391 1377 1393 1386 1389 1389 1392 1393 1393 1392 1394 1394 1395 1393 1399 1396 1397 1397 1398 1399 1403 1400 1401 1401 1402 1403 1407 1404 1405 1405 1406 1407 1396 1399 1408 1408 1409 1396 1379 1378 1410 1410 1411 1379 1415 1412 1413 1413 1414 1415 1419 1416 1417 1417 1418 1419 1423 1420 1421 1421 1422 1423 1427 1424 1425 1425 1426 1427 1429 1420 1423 1423 1428 1429 1429 1428 1430 1430 1431 1429 1435 1432 1433 1433 1434 1435 1412 1434 1433 1433 1413 1412 1425 1436 1437 1437 1426 1425 
						1441 1438 1439 1439 1440 1441 1445 1442 1443 1443 1444 1445 1445 1446 1447 1447 1442 1445 1451 1448 1449 1449 1450 1451 1455 1452 1453 1453 1454 1455 1459 1456 1457 1457 1458 1459 1463 1460 1461 1461 1462 1463 1465 1456 1459 1459 1464 1465 1465 1464 1466 1466 1467 1465 1471 1468 1469 1469 1470 1471 1448 1472 1473 1473 1449 1448 1477 1474 1475 1475 1476 1477 1468 1471 1478 1478 1479 1468 1483 1480 1481 1481 1482 1483 1483 1460 1463 1463 1480 1483 1418 1417 1484 1484 1485 1418 1487 1486 1416 1416 1419 1487 1489 1488 1404 1404 1407 1489 1491 1490 1400 1400 1403 1491 1346 1345 1492 1492 1493 1346 1495 1494 1344 1344 1347 1495 1310 1309 1496 1496 1497 1310 1499 1498 1308 1308 1311 1499 1274 1273 1500 1500 1501 1274 1503 1502 1272 1272 1275 1503 1505 1504 1474 1474 1477 1505 1507 1506 1452 1452 1455 1507 1151 1150 1508 1508 1509 1151 1156 1161 1510 1510 1157 1156 1512 1134 1133 1133 1511 1512 1137 1124 1123 1123 1138 1137 1514 1513 1169 1169 1168 1514 
						1167 1166 1179 1179 1515 1167 1516 1088 1086 1086 1085 1516 1084 1083 1100 1100 1517 1084 1519 1206 1205 1205 1518 1519 1520 1213 1216 1216 1226 1520 1522 1521 1239 1239 1238 1522 1237 1236 1523 1523 1524 1237 1528 1525 1526 1526 1527 1528 1532 1529 1530 1530 1531 1532 1525 1533 1534 1534 1526 1525 1536 1532 1531 1531 1535 1536 1540 1537 1538 1538 1539 1540 1544 1541 1542 1542 1543 1544 1533 1545 1546 1546 1534 1533 1550 1547 1548 1548 1549 1550 1554 1551 1552 1552 1553 1554 1545 1544 1543 1543 1546 1545 1558 1555 1556 1556 1557 1558 1541 1536 1535 1535 1542 1541 1537 1558 1557 1557 1538 1537 1551 1528 1527 1527 1552 1551 1547 1540 1539 1539 1548 1547 1555 1554 1553 1553 1556 1555 1559 1560 1561 1562 1560 1563 1564 1560 1565 1566 1560 1567 1568 1560 1564 1567 1560 1569 1570 1560 1559 1571 1560 1572 1573 1560 1568 1561 1560 1566 1574 1560 1562 1572 1560 1573 1563 1560 1575 1569 1560 1571 1575 1560 1570 1565 1560 1574 1010 1009 1554 1554 1555 1010 
						1008 1007 1540 1540 1547 1008 1006 1005 1528 1528 1551 1006 1004 1003 1558 1558 1537 1004 1016 1015 1536 1536 1541 1016 1003 1010 1555 1555 1558 1003 1018 1017 1544 1544 1545 1018 1009 1006 1551 1551 1554 1009 1019 1008 1547 1547 1550 1019 1014 1018 1545 1545 1533 1014 1017 1016 1541 1541 1544 1017 1007 1004 1537 1537 1540 1007 1015 1013 1532 1532 1536 1015 1011 1014 1533 1533 1525 1011 1013 1012 1529 1529 1532 1013 1005 1011 1525 1525 1528 1005 1579 1576 1577 1577 1578 1579 1583 1580 1581 1581 1582 1583 1587 1584 1585 1585 1586 1587 1589 1587 1586 1586 1588 1589 1593 1590 1591 1591 1592 1593 1584 1593 1592 1592 1585 1584 1597 1594 1595 1595 1596 1597 1580 1598 1581 1600 1589 1588 1588 1599 1600 1601 1602 1603 1596 1604 1602 1603 1602 1604 1604 1605 1603 1594 1579 1578 1578 1595 1594 1601 1597 1596 1596 1602 1601 1609 1606 1607 1607 1608 1609 1612 1607 1610 1610 1611 1612 1608 1607 1612 1616 1613 1614 1614 1615 1616 1590 1616 1615 1615 1591 1590 
						1620 1617 1618 1618 1619 1620 1618 1621 1622 1622 1623 1618 1618 1623 1619 1621 1624 1625 1629 1626 1627 1627 1628 1629 1633 1630 1631 1631 1632 1633 1635 1633 1632 1632 1634 1635 1639 1636 1637 1637 1638 1639 1643 1640 1641 1641 1642 1643 1647 1644 1645 1645 1646 1647 1630 1647 1646 1646 1631 1630 1642 1627 1626 1626 1643 1642 1651 1648 1649 1649 1650 1651 1653 1645 1644 1644 1652 1653 1657 1654 1655 1655 1656 1657 1661 1658 1659 1659 1660 1661 1663 1635 1634 1634 1662 1663 1665 1663 1662 1662 1664 1665 1650 1641 1640 1640 1651 1650 1669 1666 1667 1667 1668 1669 1673 1670 1671 1671 1672 1673 1675 1673 1672 1672 1674 1675 1628 1659 1658 1658 1629 1628 1679 1676 1677 1677 1678 1679 1683 1680 1681 1681 1682 1683 1685 1683 1682 1682 1684 1685 1687 1667 1666 1666 1686 1687 1686 1688 1689 1689 1687 1686 1691 1665 1664 1664 1690 1691 1670 1691 1690 1690 1671 1670 1693 1677 1676 1676 1692 1693 1697 1694 1695 1695 1696 1697 1699 1675 1674 1674 1698 1699 
						1701 1699 1698 1698 1700 1701 1660 1689 1688 1688 1661 1660 1692 1702 1703 1703 1693 1692 1705 1701 1700 1700 1704 1705 1680 1705 1704 1704 1681 1680 1668 1695 1694 1694 1669 1668 1709 1706 1707 1707 1708 1709 1713 1710 1711 1711 1712 1713 1710 1714 1715 1715 1711 1710 1719 1716 1717 1717 1718 1719 1706 1720 1721 1721 1707 1706 1723 1718 1717 1717 1722 1723 1727 1724 1725 1725 1726 1727 1723 1722 1728 1728 1729 1723 1733 1730 1731 1731 1732 1733 1737 1734 1735 1735 1736 1737 1730 1729 1728 1728 1731 1730 1720 1738 1739 1739 1721 1720 1734 1740 1741 1741 1735 1734 1745 1742 1743 1743 1744 1745 1738 1733 1732 1732 1739 1738 1749 1746 1747 1747 1748 1749 1747 1750 1748 1742 1751 1752 1752 1743 1742 1740 1753 1754 1754 1741 1740 1746 1737 1736 1736 1747 1746 1591 1620 1576 1576 1592 1591 1585 1592 1576 1576 1579 1585 1617 1624 1621 1621 1618 1617 1611 1610 1580 1580 1583 1611 1585 1579 1594 1594 1586 1585 1588 1586 1594 1594 1597 1588 1588 1597 1601 
						1601 1599 1588 1614 1624 1617 1617 1615 1614 1591 1615 1617 1617 1620 1591 1601 1598 1606 1606 1599 1601 1758 1755 1756 1756 1757 1758 1760 1758 1757 1757 1759 1760 1764 1761 1762 1762 1763 1764 1766 1764 1763 1763 1765 1766 1761 1767 1762 1769 1766 1765 1765 1768 1769 1771 1769 1768 1768 1770 1771 1773 1771 1770 1770 1772 1773 1775 1773 1772 1772 1774 1775 1779 1776 1777 1777 1778 1779 1781 1779 1778 1778 1780 1781 1783 1775 1774 1774 1782 1783 1755 1783 1782 1782 1756 1755 1785 1760 1759 1759 1784 1785 1787 1785 1784 1784 1786 1787 1789 1781 1780 1780 1788 1789 1791 1789 1788 1788 1790 1791 1793 1787 1786 1786 1792 1793 1776 1793 1792 1792 1777 1776 1797 1794 1795 1795 1796 1797 1801 1798 1799 1799 1800 1801 1805 1802 1803 1803 1804 1805 1807 1801 1800 1800 1806 1807 1799 1798 1803 1803 1802 1799 1809 1807 1806 1806 1808 1809 1811 1809 1808 1808 1810 1811 1813 1797 1796 1796 1812 1813 1815 1813 1812 1812 1814 1815 1817 1815 1814 1814 1816 1817 
						1819 1817 1816 1816 1818 1819 1821 1811 1810 1810 1820 1821 1823 1821 1820 1820 1822 1823 1818 1824 1825 1825 1819 1818 1827 1825 1824 1824 1826 1827 1831 1828 1829 1829 1830 1831 1603 1605 1582 1582 1581 1603 1600 1599 1606 1606 1609 1600 1834 1832 1833 1833 1625 1834 1834 1625 1624 1624 1614 1834 1836 1835 1697 1697 1702 1836 1837 1836 1702 1702 1692 1837 1839 1838 1669 1669 1694 1839 1835 1839 1694 1694 1697 1835 1841 1840 1661 1661 1688 1841 1842 1841 1688 1688 1686 1842 1843 1837 1692 1692 1676 1843 1844 1843 1676 1676 1679 1844 1845 1842 1686 1686 1666 1845 1838 1845 1666 1666 1669 1838 1847 1846 1629 1629 1658 1847 1840 1847 1658 1658 1661 1840 1651 1848 1637 1637 1648 1651 1849 1848 1651 1651 1640 1849 1850 1849 1640 1640 1643 1850 1851 1850 1643 1643 1626 1851 1846 1851 1626 1626 1629 1846 1625 1833 1622 1622 1621 1625 1606 1598 1580 1580 1610 1606 1834 1614 1852 1855 1853 1854 1854 1852 1855 1852 1854 1832 1832 1834 1852 1855 1852 1614 
						1614 1613 1855 1606 1610 1607 1859 1856 1857 1857 1858 1859 1603 1581 1598 1598 1601 1603 1859 1858 1860 1860 1861 1859 1865 1862 1863 1863 1864 1865 1869 1866 1867 1867 1868 1869 1868 1867 1870 1870 1871 1868 1875 1872 1873 1873 1874 1875 1874 1873 1866 1866 1869 1874 1879 1876 1877 1877 1878 1879 1880 1862 1865 1871 1870 1881 1881 1882 1871 1882 1881 1883 1883 1884 1882 1888 1885 1886 1886 1887 1888 1878 1888 1889 1889 1888 1887 1887 1890 1889 1879 1861 1860 1860 1876 1879 1888 1878 1877 1877 1885 1888 1894 1891 1892 1892 1893 1894 1897 1893 1895 1895 1896 1897 1892 1895 1893 1901 1898 1899 1899 1900 1901 1900 1899 1872 1872 1875 1900 1903 1902 1857 1857 1856 1903 1906 1904 1903 1903 1905 1906 1903 1856 1905 1907 1908 1904 1912 1909 1910 1910 1911 1912 1916 1913 1914 1914 1915 1916 1915 1914 1917 1917 1918 1915 1924 1919 1920 1924 1920 1921 1924 1921 1922 1922 1923 1924 1928 1925 1926 1926 1927 1928 1932 1929 1930 1930 1931 1932 1931 1930 1913 
						1913 1916 1931 1926 1925 1912 1912 1911 1926 1922 1933 1934 1934 1923 1922 1929 1932 1935 1935 1936 1929 1938 1679 1678 1678 1937 1938 1942 1939 1940 1940 1941 1942 1918 1917 1943 1943 1944 1918 1944 1943 1945 1945 1946 1944 1934 1933 1928 1928 1927 1934 1950 1947 1948 1948 1949 1950 1954 1951 1952 1952 1953 1954 1953 1952 1955 1955 1956 1953 1910 1909 1942 1942 1941 1910 1958 1938 1937 1937 1957 1958 1962 1959 1960 1960 1961 1962 1961 1960 1963 1963 1964 1961 1966 1965 1950 1950 1949 1966 1968 1965 1966 1966 1967 1968 1946 1945 1969 1969 1970 1946 1970 1969 1951 1951 1954 1970 1972 1971 1958 1958 1957 1972 1974 1654 1657 1657 1973 1974 1956 1955 1975 1975 1976 1956 1976 1975 1977 1977 1978 1976 1940 1939 1968 1968 1967 1940 1655 1971 1972 1972 1656 1655 1978 1977 1979 1979 1980 1978 1980 1979 1959 1959 1962 1980 1948 1947 1974 1974 1973 1948 1984 1981 1982 1982 1983 1984 1988 1985 1986 1986 1987 1988 1992 1989 1990 1990 1991 1992 1993 1992 1994 
						1992 1991 1995 1997 1996 1981 1981 1984 1997 1993 1987 1986 1986 1998 1993 1994 1987 1993 2000 1749 1748 1748 1999 2000 2004 2001 2002 2002 2003 2004 1995 1991 2004 2004 2005 1995 2004 2003 2005 1993 1998 1989 1989 1992 1993 2009 2006 2007 2007 2008 2009 1991 1990 2001 2001 2004 1991 2013 2010 2011 2011 2012 2013 2003 2002 2006 2006 2009 2003 2015 2014 1996 1996 1997 2015 2017 2016 2010 2010 2013 2017 2019 2018 1724 1724 1727 2019 2008 2007 2014 2014 2015 2008 2021 2020 2000 2000 1999 2021 2021 1999 2022 1983 1982 2018 2018 2019 1983 1726 1725 2016 2016 2017 1726 2012 2011 2020 2020 2021 2012 1985 2023 1767 1767 1986 1985 1874 1858 1857 1857 1875 1874 1858 1874 1869 1869 1860 1858 1903 1904 1908 1908 1902 1903 1862 1897 1896 1896 1863 1862 1868 1876 1860 1860 1869 1868 1876 1868 1871 1871 1877 1876 1882 1885 1877 1877 1871 1882 1885 1882 1884 1884 1886 1885 1900 1902 1908 1908 1901 1900 1902 1900 1875 1875 1857 1902 1886 1884 1894 1894 1880 1886 
						2027 2024 2025 2025 2026 2027 2026 2025 2028 2028 2029 2026 2033 2030 2031 2031 2032 2033 2032 2031 2034 2034 2035 2032 2030 2033 1986 2035 2034 2036 2036 2037 2035 2037 2036 2038 2038 2039 2037 2039 2038 2040 2040 2041 2039 2041 2040 2042 2042 2043 2041 2047 2044 2045 2045 2046 2047 2046 2045 2048 2048 2049 2046 2043 2042 2050 2050 2051 2043 2051 2050 2024 2024 2027 2051 2029 2028 2052 2052 2053 2029 2053 2052 2054 2054 2055 2053 2049 2048 2056 2056 2057 2049 2057 2056 2058 2058 2059 2057 2055 2054 2060 2060 2061 2055 2061 2060 2044 2044 2047 2061 1830 1829 2062 2062 2063 1830 2067 2064 2065 2065 2066 2067 2071 2068 2069 2069 2070 2071 2066 2065 2072 2072 2073 2066 2070 2064 2067 2067 2071 2070 2073 2072 2074 2074 2075 2073 1794 1823 1822 1822 1795 1794 2075 2074 2076 2076 2077 2075 2063 2062 2078 2078 2079 2063 2079 2078 2080 2080 2081 2079 2081 2080 2082 2082 2083 2081 2083 2082 2084 2084 2085 2083 2077 2076 2086 2086 2087 2077 2087 2086 1828 
						1828 1831 2087 2085 2084 2088 2088 2089 2085 2089 2088 2090 2090 2091 2089 2090 2092 2093 2093 2091 2090 1890 1887 1865 1865 1864 1890 1884 1883 1891 1891 1894 1884 2096 1907 2094 2094 2095 2096 1907 2096 1901 1901 1908 1907 1654 2097 2098 2098 1655 1654 1655 2098 2099 2099 1971 1655 1947 2100 2101 2101 1974 1947 1974 2101 2097 2097 1654 1974 1939 2102 2103 2103 1968 1939 1968 2103 2104 2104 1965 1968 1971 2099 2105 2105 1958 1971 1958 2105 2106 2106 1938 1958 1965 2104 2107 2107 1950 1965 1950 2107 2100 2100 1947 1950 1909 2108 2109 2109 1942 1909 1942 2109 2102 2102 1939 1942 1921 2110 1933 1933 1922 1921 1933 2110 2111 2111 1928 1933 1928 2111 2112 2112 1925 1928 1925 2112 2113 2113 1912 1925 1912 2113 2108 2108 1909 1912 1907 1904 1906 1906 2094 1907 1880 1894 1897 1897 1862 1880 1744 1754 1753 1753 1745 1744 2114 1901 2096 2117 2115 2116 2116 2114 2117 2095 2117 2114 2114 2096 2095 2114 2116 1898 1898 1901 2114 1894 1893 1897 2119 1583 1582 
						1582 2118 2119 1921 1637 1848 1848 2110 1921 1920 1638 1637 1637 1921 1920 2121 1854 1853 1853 2120 2121 2122 1832 1854 1854 2121 2122 2124 1604 1596 1596 2123 2124 2125 1605 1604 1604 2124 2125 2127 1595 1578 1578 2126 2127 2123 1596 1595 1595 2127 2123 1702 1697 1696 1696 1703 1702 1915 1632 1631 1631 1916 1915 1918 1634 1632 1632 1915 1918 2129 1577 1619 1619 2128 2129 2126 1578 1577 1577 2129 2126 2131 1623 1622 1622 2130 2131 2128 1619 1623 1623 2131 2128 2113 1851 1846 1846 2108 2113 2112 1850 1851 1851 2113 2112 1931 1646 1645 1645 1932 1931 1916 1631 1646 1646 1931 1916 2111 1849 1850 1850 2112 2111 2110 1848 1849 1849 2111 2110 1935 1653 2132 2132 2133 1935 1932 1645 1653 1653 1935 1932 1944 1662 1634 1634 1918 1944 1946 1664 1662 1662 1944 1946 2109 1847 1840 1840 2102 2109 2108 1846 1847 1847 2109 2108 1953 1672 1671 1671 1954 1953 1956 1674 1672 1672 1953 1956 2103 1841 1842 1842 2104 2103 2102 1840 1841 1841 2103 2102 2135 1844 1679 
						1679 2134 2135 1961 1682 1681 1681 1962 1961 1964 1684 1682 1682 1961 1964 2101 1839 1835 1835 2136 2101 2100 1838 1839 1839 2101 2100 1970 1690 1664 1664 1946 1970 1954 1671 1690 1690 1970 1954 2107 1845 1838 1838 2100 2107 2104 1842 1845 1845 2107 2104 1976 1698 1674 1674 1956 1976 1978 1700 1698 1698 1976 1978 2138 1836 1837 1837 2137 2138 2136 1835 1836 1836 2138 2136 1980 1704 1700 1700 1978 1980 1962 1681 1704 1704 1980 1962 2139 1843 1844 1844 2135 2139 2137 1837 1843 1843 2139 2137 1986 1767 1761 1761 2030 1986 1984 1707 1721 1721 1997 1984 1983 1708 1707 1707 1984 1983 2036 1769 1771 1771 2038 2036 2034 1766 1769 1769 2036 2034 1992 1716 1714 1714 1994 1992 1995 1717 1716 1716 1992 1995 2031 1764 1766 1766 2034 2031 2030 1761 1764 1764 2031 2030 1987 1710 1713 1713 1988 1987 1994 1714 1710 1710 1987 1994 2005 1722 1717 1717 1995 2005 2003 1728 1722 1722 2005 2003 2040 1773 1775 1775 2042 2040 2038 1771 1773 1773 2040 2038 2141 1608 1612 
						1612 2140 2141 2009 1731 1728 1728 2003 2009 2008 1732 1731 1731 2009 2008 2050 1783 1755 1755 2024 2050 2042 1775 1783 1783 2050 2042 2052 1785 1787 1787 2054 2052 2028 1760 1785 1785 2052 2028 2013 2142 2143 2143 2017 2013 2012 2144 2142 2142 2013 2012 2015 1739 1732 1732 2008 2015 1997 1721 1739 1739 2015 1997 2025 1758 1760 1760 2028 2025 2024 1755 1758 1758 2025 2024 2060 1793 1776 1776 2044 2060 2054 1787 1793 1793 2060 2054 2019 2145 1708 1708 1983 2019 1727 2146 2145 2145 2019 1727 2058 1791 1790 1790 2059 2058 2021 2147 2144 2144 2012 2021 2022 2148 2147 2147 2021 2022 2056 1789 1791 1791 2058 2056 2048 1781 1789 1789 2056 2048 1726 2149 2146 2146 1727 1726 2017 2143 2149 2149 1726 2017 2045 1779 1781 1781 2048 2045 2044 1776 1779 1779 2045 2044 1999 1748 2148 2148 2022 1999 2150 1833 1832 1832 2122 2150 1830 2151 2152 2152 1831 1830 2063 2153 2151 2151 1830 2063 2066 2154 2155 2155 2067 2066 2073 2156 2154 2154 2066 2073 2074 2157 2158 
						2158 2076 2074 2072 2159 2157 2157 2074 2072 2065 2160 2159 2159 2072 2065 2064 2161 2160 2160 2065 2064 2070 2162 2161 2161 2064 2070 2069 2163 2162 2162 2070 2069 2075 2164 2156 2156 2073 2075 2077 2165 2164 2164 2075 2077 2086 2166 2167 2167 1828 2086 2076 2158 2166 2166 2086 2076 2079 2168 2153 2153 2063 2079 2081 2169 2168 2168 2079 2081 2078 2170 2171 2171 2080 2078 2062 2172 2170 2170 2078 2062 2083 2173 2169 2169 2081 2083 2085 2174 2173 2173 2083 2085 2082 2175 2176 2176 2084 2082 2080 2171 2175 2175 2082 2080 2087 2177 2165 2165 2077 2087 1831 2152 2177 2177 2087 1831 1829 2178 2172 2172 2062 1829 1828 2167 2178 2178 1829 1828 2089 2179 2174 2174 2085 2089 2091 2093 2179 2179 2089 2091 2088 2180 2092 2092 2090 2088 2084 2176 2180 2180 2088 2084 2071 2181 2182 2182 2068 2071 2067 2155 2181 2181 2071 2067 1963 1685 1684 1684 1964 1963 2120 1853 1855 1855 2183 2120 1887 1886 1880 1880 1865 1887 1576 1620 1619 1619 1577 1576 2187 2184 2185 
						2185 2186 2187 2191 2188 2189 2189 2190 2191 2193 1584 1587 1587 2192 2193 2192 1587 1589 1589 2194 2192 2196 1590 1593 1593 2195 2196 2195 1593 1584 1584 2193 2195 2200 2197 2198 2198 2199 2200 2201 2188 2191 2194 1589 1600 1600 2202 2194 2203 2204 2205 2199 2205 2206 2206 2205 2204 2204 2207 2206 2200 2186 2185 2185 2197 2200 2198 2203 2205 2205 2199 2198 2209 1609 1608 1608 2208 2209 2212 2208 2210 2210 2211 2212 1608 2210 2208 2214 1613 1616 1616 2213 2214 2213 1616 1590 1590 2196 2213 2218 2215 2216 2216 2217 2218 2221 2219 2218 2218 2220 2221 2218 2217 2220 2222 2223 2219 2227 2224 2225 2225 2226 2227 2231 2228 2229 2229 2230 2231 2230 2229 2232 2232 2233 2230 2237 2234 2235 2235 2236 2237 2241 2238 2239 2239 2240 2241 2245 2242 2243 2243 2244 2245 2244 2243 2228 2228 2231 2244 2239 2238 2227 2227 2226 2239 2236 2246 2247 2247 2237 2236 2242 2245 2248 2248 2249 2242 2253 2250 2251 2251 2252 2253 2257 2254 2255 2255 2256 2257 2233 2232 2258 
						2258 2259 2233 2259 2258 2260 2260 2261 2259 2247 2246 2241 2241 2240 2247 2265 2262 2263 2263 2264 2265 2269 2266 2267 2267 2268 2269 2268 2267 2270 2270 2271 2268 2225 2224 2257 2257 2256 2225 2275 2272 2273 2273 2274 2275 2279 2276 2277 2277 2278 2279 2278 2277 2280 2280 2281 2278 2283 2282 2265 2265 2264 2283 2285 2282 2283 2283 2284 2285 2261 2260 2286 2286 2287 2261 2287 2286 2266 2266 2269 2287 2289 2288 2275 2275 2274 2289 2293 2290 2291 2291 2292 2293 2271 2270 2294 2294 2295 2271 2295 2294 2296 2296 2297 2295 2255 2254 2285 2285 2284 2255 2299 2288 2289 2289 2298 2299 2297 2296 2300 2300 2301 2297 2301 2300 2276 2276 2279 2301 2263 2262 2293 2293 2292 2263 2305 2302 2303 2303 2304 2305 2309 2306 2307 2307 2308 2309 2313 2310 2311 2311 2312 2313 2315 2314 2302 2302 2305 2315 2317 2308 2307 2307 2316 2317 2317 2309 2308 2321 2318 2319 2319 2320 2321 2325 2322 2323 2323 2324 2325 2317 2316 2310 2310 2313 2317 2329 2326 2327 2327 2328 2329 
						2312 2311 2322 2322 2325 2312 2333 2330 2331 2331 2332 2333 2324 2323 2326 2326 2329 2324 2335 2334 2314 2314 2315 2335 2337 2336 2330 2330 2333 2337 2341 2338 2339 2339 2340 2341 2328 2327 2334 2334 2335 2328 2345 2342 2343 2343 2344 2345 2345 2344 2346 2304 2303 2338 2338 2341 2304 2348 2347 2336 2336 2337 2348 2332 2331 2342 2342 2345 2332 2184 2216 2196 2196 2195 2184 2184 2195 2193 2193 2185 2184 2218 2219 2223 2223 2215 2218 2188 2212 2211 2211 2189 2188 2197 2185 2193 2193 2192 2197 2197 2192 2194 2194 2198 2197 2203 2198 2194 2194 2202 2203 2215 2223 2214 2214 2213 2215 2215 2213 2196 2196 2216 2215 2209 2201 2203 2203 2202 2209 2314 2349 2350 2350 2302 2314 2302 2350 2351 2351 2303 2302 2316 2352 2353 2353 2310 2316 2310 2353 2354 2354 2311 2310 2306 2352 2316 2316 2307 2306 2311 2354 2355 2355 2322 2311 2322 2355 2356 2356 2323 2322 2323 2356 2357 2357 2326 2323 2326 2357 2358 2358 2327 2326 2336 2359 2360 2360 2330 2336 2330 2360 2361 
						2361 2331 2330 2327 2358 2362 2362 2334 2327 2334 2362 2349 2349 2314 2334 2303 2351 2363 2363 2338 2303 2338 2363 2364 2364 2339 2338 2331 2361 2365 2365 2342 2331 2342 2365 2366 2366 2343 2342 2339 2364 2367 2367 2347 2339 2347 2367 2359 2359 2336 2347 2371 2368 2369 2369 2370 2371 2370 2369 2372 2372 2373 2370 2377 2374 2375 2375 2376 2377 2376 2375 2378 2378 2379 2376 2374 2377 2380 2380 2381 2374 2379 2378 2382 2382 2383 2379 2383 2382 2384 2384 2385 2383 2373 2372 2386 2386 2387 2373 2387 2386 2388 2388 2389 2387 2389 2388 2390 2390 2391 2389 2391 2390 2392 2392 2393 2391 2385 2384 2394 2394 2395 2385 2395 2394 2368 2368 2371 2395 2393 2392 2396 2396 2397 2393 2397 2396 2398 2398 2399 2397 2403 2400 2401 2401 2402 2403 2407 2404 2405 2405 2406 2407 2411 2408 2409 2409 2410 2411 2407 2412 2413 2413 2404 2407 2411 2414 2415 2415 2408 2411 2408 2416 2417 2417 2409 2408 2421 2418 2419 2419 2420 2421 2408 2415 2422 2422 2416 2408 2421 2423 2424 
						2424 2418 2421 2418 2403 2425 2425 2419 2418 2429 2426 2427 2427 2428 2429 2418 2424 2400 2400 2403 2418 2429 2430 2431 2431 2426 2429 2426 2421 2420 2420 2427 2426 2435 2432 2433 2433 2434 2435 2426 2431 2423 2423 2421 2426 2435 2436 2437 2437 2432 2435 2432 2411 2410 2410 2433 2432 2441 2438 2439 2439 2440 2441 2432 2437 2414 2414 2411 2432 2443 2441 2440 2440 2442 2443 2447 2444 2445 2445 2446 2447 2449 2448 2441 2441 2443 2449 2441 2448 2450 2450 2438 2441 2438 2435 2434 2434 2439 2438 2416 2451 2452 2452 2417 2416 2438 2450 2436 2436 2435 2438 2416 2422 2453 2453 2451 2416 2451 2429 2428 2428 2452 2451 2442 2454 2449 2449 2443 2442 2451 2453 2430 2430 2429 2451 2190 2207 2204 2204 2191 2190 2209 2202 1600 1600 1609 2209 2457 2455 2456 2456 2222 2457 2222 2456 2214 2214 2223 2222 2290 2458 2459 2459 2299 2290 2299 2459 2460 2460 2288 2299 2262 2461 2462 2462 2293 2262 2293 2462 2458 2458 2290 2293 2254 2463 2464 2464 2285 2254 2285 2464 2465 
						2465 2282 2285 2288 2460 2466 2466 2275 2288 2275 2466 2467 2467 2272 2275 2282 2465 2468 2468 2265 2282 2265 2468 2461 2461 2262 2265 2224 2469 2470 2470 2257 2224 2257 2470 2463 2463 2254 2257 2235 2471 2246 2246 2236 2235 2246 2471 2472 2472 2241 2246 2241 2472 2473 2473 2238 2241 2238 2473 2474 2474 2227 2238 2227 2474 2469 2469 2224 2227 2221 2457 2222 2222 2219 2221 2201 2209 2212 2212 2188 2201 2475 2214 2456 2477 2476 1855 1855 2475 2477 2455 2477 2475 2475 2456 2455 1855 1613 2214 2214 2475 1855 2209 2208 2212 2481 2478 2479 2479 2480 2481 2191 2204 2203 2203 2201 2191 2483 2479 2478 2478 2482 2483 2487 2484 2485 2485 2486 2487 1867 1866 2488 2488 2489 1867 1870 1867 2489 2489 2490 1870 1873 1872 2491 2491 2492 1873 1866 1873 2492 2492 2488 1866 2496 2493 2494 2494 2495 2496 2484 2497 2485 1881 1870 2490 2490 2498 1881 1883 1881 2498 2498 2499 1883 2503 2500 2501 2501 2502 2503 2495 2504 2501 2502 2501 2504 2504 2505 2502 2482 2494 2493 
						2493 2483 2482 2495 2501 2500 2500 2496 2495 1891 2506 2507 2507 1892 1891 2510 2507 2508 2508 2509 2510 1892 2507 2510 1899 1898 2511 2511 2512 1899 1872 1899 2512 2512 2491 1872 2480 2513 2514 2514 2481 2480 2514 2515 2516 2516 2517 2514 2514 2517 2481 2515 2518 2519 2523 2520 2521 2521 2522 2523 2527 2524 2525 2525 2526 2527 2529 2527 2526 2526 2528 2529 2535 2530 2531 2535 2531 2532 2535 2532 2533 2533 2534 2535 2539 2536 2537 2537 2538 2539 2543 2540 2541 2541 2542 2543 2524 2543 2542 2542 2525 2524 2538 2521 2520 2520 2539 2538 2545 2531 2530 2530 2544 2545 2547 2541 2540 2540 2546 2547 2273 2272 2548 2548 2549 2273 2553 2550 2551 2551 2552 2553 2555 2529 2528 2528 2554 2555 2557 2555 2554 2554 2556 2557 2544 2537 2536 2536 2545 2544 2561 2558 2559 2559 2560 2561 2565 2562 2563 2563 2564 2565 2567 2565 2564 2564 2566 2567 2522 2551 2550 2550 2523 2522 2548 2568 2569 2569 2549 2548 2573 2570 2571 2571 2572 2573 2575 2573 2572 2572 2574 2575 
						2577 2559 2558 2558 2576 2577 2576 2578 2579 2579 2577 2576 2581 2557 2556 2556 2580 2581 2562 2581 2580 2580 2563 2562 2583 2569 2568 2568 2582 2583 2250 2584 2585 2585 2251 2250 2587 2567 2566 2566 2586 2587 2589 2587 2586 2586 2588 2589 2552 2579 2578 2578 2553 2552 2582 2253 2252 2252 2583 2582 2591 2589 2588 2588 2590 2591 2570 2591 2590 2590 2571 2570 2560 2585 2584 2584 2561 2560 2595 2592 2593 2593 2594 2595 2599 2596 2597 2597 2598 2599 2603 2600 2601 2601 2602 2603 2592 2604 2605 2605 2593 2592 2607 2606 2597 2597 2596 2607 2344 2343 2608 2608 2609 2344 2613 2610 2611 2611 2612 2613 2600 2606 2607 2607 2601 2600 2617 2614 2615 2615 2616 2617 2610 2603 2602 2602 2611 2610 2621 2618 2619 2619 2620 2621 2614 2613 2612 2612 2615 2614 2604 2622 2623 2623 2605 2604 2618 2624 2625 2625 2619 2618 2318 2626 2627 2627 2319 2318 2622 2617 2616 2616 2623 2622 2608 2628 2629 2629 2609 2608 2629 2630 2609 2626 2595 2594 2594 2627 2626 2624 2321 2320 
						2320 2625 2624 2628 2621 2620 2620 2629 2628 2480 2479 2492 2492 2491 2480 2488 2492 2479 2479 2483 2488 2515 2514 2513 2513 2518 2515 2509 2508 2484 2484 2487 2509 2483 2493 2489 2489 2488 2483 2490 2489 2493 2493 2496 2490 2496 2500 2498 2498 2490 2496 2499 2498 2500 2500 2503 2499 2518 2513 2512 2512 2511 2518 2491 2512 2513 2513 2480 2491 2506 2499 2503 2503 2497 2506 2592 2595 2631 2633 2632 2624 2624 2618 2633 2634 2633 2618 2618 2621 2634 2635 2631 2595 2595 2626 2635 2636 2635 2626 2626 2318 2636 2637 2634 2621 2621 2628 2637 2638 2637 2628 2628 2608 2638 2639 2636 2318 2318 2321 2639 2632 2639 2321 2321 2624 2632 2643 2640 2641 2641 2642 2643 2645 2643 2642 2642 2644 2645 2649 2646 2647 2647 2648 2649 2651 2649 2648 2648 2650 2651 2653 2647 2646 2646 2652 2653 2655 2651 2650 2650 2654 2655 2657 2655 2654 2654 2656 2657 2659 2645 2644 2644 2658 2659 2661 2659 2658 2658 2660 2661 2663 2661 2660 2660 2662 2663 2665 2663 2662 2662 2664 2665 
						2667 2657 2656 2656 2666 2667 2640 2667 2666 2666 2641 2640 2669 2665 2664 2664 2668 2669 2671 2669 2668 2668 2670 2671 2673 2672 2446 2446 2445 2673 2675 2445 2444 2444 2674 2675 2679 2676 2677 2677 2678 2679 2680 2673 2445 2445 2675 2680 2682 2681 2678 2678 2677 2682 2684 2677 2676 2676 2683 2684 2688 2685 2686 2686 2687 2688 2689 2682 2677 2677 2684 2689 2691 2690 2687 2687 2686 2691 2446 2686 2685 2685 2447 2446 2695 2692 2693 2693 2694 2695 2672 2691 2686 2686 2446 2672 2697 2696 2694 2694 2693 2697 2687 2693 2692 2692 2688 2687 2701 2698 2699 2699 2700 2701 2690 2697 2693 2693 2687 2690 2703 2702 2700 2700 2699 2703 2678 2699 2698 2698 2679 2678 2707 2704 2705 2705 2706 2707 2681 2703 2699 2699 2678 2681 2706 2708 2709 2709 2707 2706 2404 2675 2674 2674 2405 2404 2706 2710 2711 2711 2708 2706 2712 2710 2706 2706 2705 2712 2700 2705 2704 2704 2701 2700 2683 2713 2714 2714 2684 2683 2702 2712 2705 2705 2700 2702 2715 2689 2684 2684 2714 2715 
						2694 2714 2713 2713 2695 2694 2718 2709 2708 2718 2708 2711 2718 2711 2716 2716 2717 2718 2696 2715 2714 2714 2694 2696 2485 2502 2505 2505 2486 2485 1891 1883 2499 2499 2506 1891 2721 2519 2719 2719 2720 2721 2719 2519 2518 2518 2511 2719 2723 2722 2250 2250 2253 2723 2724 2723 2253 2253 2582 2724 2726 2725 2561 2561 2584 2726 2722 2726 2584 2584 2250 2722 2728 2727 2553 2553 2578 2728 2729 2728 2578 2578 2576 2729 2730 2724 2582 2582 2568 2730 2731 2730 2568 2568 2548 2731 2732 2729 2576 2576 2558 2732 2725 2732 2558 2558 2561 2725 2734 2733 2523 2523 2550 2734 2727 2734 2550 2550 2553 2727 2545 2735 2532 2532 2531 2545 2736 2735 2545 2545 2536 2736 2737 2736 2536 2536 2539 2737 2738 2737 2539 2539 2520 2738 2733 2738 2520 2520 2523 2733 2516 2515 2519 2519 2721 2516 2403 2402 2739 2739 2425 2403 2506 2497 2484 2484 2508 2506 2340 2339 2347 2347 2348 2340 2719 2511 2740 2116 2741 2742 2742 2740 2116 2740 2742 2720 2720 2719 2740 2116 2740 2511 
						2511 1898 2116 2506 2508 2507 2190 2189 2743 2743 2744 2190 2471 2235 2532 2532 2735 2471 2235 2745 2533 2533 2532 2235 2476 2477 2746 2746 2747 2476 2477 2455 2748 2748 2746 2477 2199 2206 2749 2749 2750 2199 2206 2207 2751 2751 2749 2206 2186 2200 2752 2752 2753 2186 2200 2199 2750 2750 2752 2200 2291 2290 2299 2299 2298 2291 2231 2230 2526 2526 2525 2231 2230 2233 2528 2528 2526 2230 2217 2187 2754 2754 2755 2217 2187 2186 2753 2753 2754 2187 2221 2220 2756 2756 2757 2221 2220 2217 2755 2755 2756 2220 2469 2474 2738 2738 2733 2469 2474 2473 2737 2737 2738 2474 2245 2244 2542 2542 2541 2245 2244 2231 2525 2525 2542 2244 2473 2472 2736 2736 2737 2473 2472 2471 2735 2735 2736 2472 2759 2248 2547 2547 2758 2759 2248 2245 2541 2541 2547 2248 2233 2259 2554 2554 2528 2233 2259 2261 2556 2556 2554 2259 2463 2470 2734 2734 2727 2463 2470 2469 2733 2733 2734 2470 2269 2268 2564 2564 2563 2269 2268 2271 2566 2566 2564 2268 2465 2464 2728 2728 2729 2465 
						2464 2463 2727 2727 2728 2464 2272 2467 2760 2760 2761 2272 2279 2278 2572 2572 2571 2279 2278 2281 2574 2574 2572 2278 2458 2462 2726 2726 2762 2458 2462 2461 2725 2725 2726 2462 2261 2287 2580 2580 2556 2261 2287 2269 2563 2563 2580 2287 2461 2468 2732 2732 2725 2461 2468 2465 2729 2729 2732 2468 2271 2295 2586 2586 2566 2271 2295 2297 2588 2588 2586 2295 2460 2459 2763 2763 2764 2460 2459 2458 2762 2762 2763 2459 2297 2301 2590 2590 2588 2297 2301 2279 2571 2571 2590 2301 2467 2466 2765 2765 2760 2467 2466 2460 2764 2764 2765 2466 2352 2306 2766 2766 2767 2352 2306 2768 2769 2769 2766 2306 2315 2305 2593 2593 2605 2315 2305 2304 2594 2594 2593 2305 2356 2355 2770 2770 2771 2356 2355 2354 2772 2772 2770 2355 2317 2313 2601 2601 2607 2317 2313 2312 2602 2602 2601 2313 2354 2353 2773 2773 2772 2354 2353 2352 2767 2767 2773 2353 2774 2309 2596 2596 2599 2774 2309 2317 2607 2607 2596 2309 2312 2325 2611 2611 2602 2312 2325 2324 2612 2612 2611 2325 
						2358 2357 2775 2775 2776 2358 2357 2356 2771 2771 2775 2357 2211 2210 2777 2777 2778 2211 2324 2329 2615 2615 2612 2324 2329 2328 2616 2616 2615 2329 2349 2362 2779 2779 2780 2349 2362 2358 2776 2776 2779 2362 2364 2363 2781 2781 2782 2364 2363 2351 2783 2783 2781 2363 2337 2333 2619 2619 2625 2337 2333 2332 2620 2620 2619 2333 2328 2335 2623 2623 2616 2328 2335 2315 2605 2605 2623 2335 2351 2350 2784 2784 2783 2351 2350 2349 2780 2780 2784 2350 2359 2367 2785 2785 2786 2359 2367 2364 2782 2782 2785 2367 2304 2341 2627 2627 2594 2304 2341 2340 2319 2319 2627 2341 2343 2366 2787 2787 2788 2343 2332 2345 2629 2629 2620 2332 2345 2346 2630 2630 2629 2345 2366 2365 2789 2789 2787 2366 2365 2361 2790 2790 2789 2365 2340 2348 2320 2320 2319 2340 2348 2337 2625 2625 2320 2348 2361 2360 2791 2791 2790 2361 2360 2359 2786 2786 2791 2360 2346 2344 2609 2609 2630 2346 2455 2457 2792 2792 2748 2455 2371 2370 2642 2642 2641 2371 2370 2373 2644 2644 2642 2370 
						2377 2376 2648 2648 2647 2377 2376 2379 2650 2650 2648 2376 2414 2437 2703 2703 2681 2414 2437 2436 2702 2702 2703 2437 2436 2450 2712 2712 2702 2436 2450 2448 2710 2710 2712 2450 2448 2449 2711 2711 2710 2448 2449 2793 2716 2716 2711 2449 2379 2383 2654 2654 2650 2379 2383 2385 2656 2656 2654 2383 2422 2415 2682 2682 2689 2422 2415 2414 2681 2681 2682 2415 2373 2387 2658 2658 2644 2373 2387 2389 2660 2660 2658 2387 2423 2431 2794 2794 2795 2423 2431 2430 2696 2696 2794 2431 2389 2391 2662 2662 2660 2389 2391 2393 2664 2664 2662 2391 2400 2424 2796 2796 2797 2400 2424 2423 2795 2795 2796 2424 2385 2395 2666 2666 2656 2385 2395 2371 2641 2641 2666 2395 2430 2453 2715 2715 2696 2430 2453 2422 2689 2689 2715 2453 2404 2413 2680 2680 2675 2404 2393 2397 2668 2668 2664 2393 2397 2399 2670 2670 2668 2397 2413 2412 2673 2673 2680 2413 2401 2400 2797 2797 2798 2401 2800 2380 2653 2653 2799 2800 2380 2377 2647 2647 2653 2380 2399 2398 2671 2671 2670 2399 
						2281 2280 2575 2575 2574 2281 1855 2476 2747 2747 2183 1855 2497 2503 2502 2502 2485 2497 2187 2217 2216 2216 2184 2187 2210 1608 2141 2141 2777 2210 2140 1612 1611 1611 2801 2140 2454 2802 2793 2793 2449 2454 1719 1715 1714 1714 1716 1719 1636 1649 1648 1648 1637 1636 2234 2803 2745 2745 2235 2234 2774 2768 2306 2306 2309 2774 2807 2804 2805 2805 2806 2807 2811 2808 2809 2809 2810 2811 2813 2812 2808 2808 2811 2813 2817 2814 2815 2815 2816 2817 2821 2818 2819 2819 2820 2821 2818 2822 2823 2823 2819 2818 2822 2824 2825 2825 2823 2822 2824 2822 2826 2826 2827 2824 2831 2828 2829 2829 2830 2831 2814 2832 2833 2833 2815 2814 2837 2834 2835 2835 2836 2837 2841 2838 2839 2839 2840 2841 2843 2842 2812 2812 2813 2843 2847 2844 2845 2845 2846 2847 2849 2848 2842 2842 2843 2849 2851 2812 2842 2842 2850 2851 2855 2852 2853 2853 2854 2855 2859 2856 2857 2857 2858 2859 2856 2860 2861 2861 2857 2856 2854 2853 2862 2862 2863 2854 2865 2859 2858 2858 2864 2865 
						2869 2866 2867 2867 2868 2869 2863 2862 2870 2870 2871 2863 2871 2870 2872 2872 2873 2871 2875 2869 2868 2868 2874 2875 2879 2876 2877 2877 2878 2879 2876 2880 2881 2881 2877 2876 2885 2882 2883 2883 2884 2885 2887 2885 2884 2884 2886 2887 2880 2888 2889 2889 2881 2880 2893 2890 2891 2891 2892 2893 2895 2893 2892 2892 2894 2895 2888 2824 2827 2827 2889 2888 2899 2896 2897 2897 2898 2899 2903 2900 2901 2901 2902 2903 2828 2879 2878 2878 2829 2828 2873 2872 2904 2904 2905 2873 2900 2906 2907 2907 2901 2900 2905 2904 2812 2812 2851 2905 2832 2908 2909 2909 2833 2832 2913 2910 2911 2911 2912 2913 2824 2914 2915 2915 2825 2824 2919 2916 2917 2917 2918 2919 2923 2920 2921 2921 2922 2923 2925 2924 2920 2920 2923 2925 2929 2926 2927 2927 2928 2929 2933 2930 2931 2931 2932 2933 2930 2934 2935 2935 2931 2930 2934 2936 2937 2937 2935 2934 2936 2934 2938 2938 2939 2936 2943 2940 2941 2941 2942 2943 2926 2944 2945 2945 2927 2926 2949 2946 2947 2947 2948 2949 
						2953 2950 2951 2951 2952 2953 2955 2954 2924 2924 2925 2955 2959 2956 2957 2957 2958 2959 2961 2960 2954 2954 2955 2961 2963 2924 2954 2954 2962 2963 2967 2964 2965 2965 2966 2967 2971 2968 2969 2969 2970 2971 2968 2972 2973 2973 2969 2968 2966 2965 2974 2974 2975 2966 2977 2971 2970 2970 2976 2977 2981 2978 2979 2979 2980 2981 2975 2974 2982 2982 2983 2975 2983 2982 2984 2984 2985 2983 2987 2981 2980 2980 2986 2987 2991 2988 2989 2989 2990 2991 2988 2992 2993 2993 2989 2988 2997 2994 2995 2995 2996 2997 2999 2997 2996 2996 2998 2999 2992 3000 3001 3001 2993 2992 3005 3002 3003 3003 3004 3005 3007 3005 3004 3004 3006 3007 3000 2936 2939 2939 3001 3000 3011 3008 3009 3009 3010 3011 3015 3012 3013 3013 3014 3015 2940 2991 2990 2990 2941 2940 2985 2984 3016 3016 3017 2985 3012 3018 3019 3019 3013 3012 3017 3016 2924 2924 2963 3017 2944 3020 3021 3021 2945 2944 3025 3022 3023 3023 3024 3025 2936 3026 3027 3027 2937 2936 3031 3028 3029 3029 3030 3031 
						3035 3032 3033 3033 3034 3035 3037 3036 3032 3032 3035 3037 3041 3038 3039 3039 3040 3041 3045 3042 3043 3043 3044 3045 3042 3046 3047 3047 3043 3042 3046 3048 3049 3049 3047 3046 3048 3046 3050 3050 3051 3048 3055 3052 3053 3053 3054 3055 3038 3056 3057 3057 3039 3038 3061 3058 3059 3059 3060 3061 3065 3062 3063 3063 3064 3065 3067 3066 3036 3036 3037 3067 3071 3068 3069 3069 3070 3071 3073 3072 3066 3066 3067 3073 3075 3036 3066 3066 3074 3075 3079 3076 3077 3077 3078 3079 3083 3080 3081 3081 3082 3083 3080 3084 3085 3085 3081 3080 3078 3077 3086 3086 3087 3078 3089 3083 3082 3082 3088 3089 3093 3090 3091 3091 3092 3093 3087 3086 3094 3094 3095 3087 3095 3094 3096 3096 3097 3095 3099 3093 3092 3092 3098 3099 3103 3100 3101 3101 3102 3103 3100 3104 3105 3105 3101 3100 3109 3106 3107 3107 3108 3109 3111 3109 3108 3108 3110 3111 3104 3112 3113 3113 3105 3104 3117 3114 3115 3115 3116 3117 3119 3117 3116 3116 3118 3119 3112 3048 3051 3051 3113 3112 
						3123 3120 3121 3121 3122 3123 3127 3124 3125 3125 3126 3127 3052 3103 3102 3102 3053 3052 3097 3096 3128 3128 3129 3097 3124 3130 3131 3131 3125 3124 3129 3128 3036 3036 3075 3129 3056 3132 3133 3133 3057 3056 3137 3134 3135 3135 3136 3137 3048 3138 3139 3139 3049 3048 3143 3140 3141 3141 3142 3143 3147 3144 3145 3145 3146 3147 3144 3148 3149 3149 3145 3144 3153 3150 3151 3151 3152 3153 3157 3154 3155 3155 3156 3157 3159 3158 3154 3154 3157 3159 3161 3160 3158 3158 3159 3161 3163 3158 3160 3160 3162 3163 3165 3164 3158 3158 3163 3165 3167 3166 3150 3150 3153 3167 3171 3168 3169 3169 3170 3171 3175 3172 3173 3173 3174 3175 3148 3176 3177 3177 3149 3148 3181 3178 3179 3179 3180 3181 3176 3182 3183 3183 3177 3176 3176 3148 3184 3184 3185 3176 3187 3176 3185 3185 3186 3187 3191 3188 3189 3189 3190 3191 3193 3192 3188 3188 3191 3193 3195 3187 3186 3186 3194 3195 3190 3189 3196 3196 3197 3190 3201 3198 3199 3199 3200 3201 3203 3195 3194 3194 3202 3203 
						3205 3203 3202 3202 3204 3205 3200 3199 3206 3206 3207 3200 3211 3208 3209 3209 3210 3211 3213 3212 3208 3208 3211 3213 3217 3214 3215 3215 3216 3217 3216 3215 3218 3218 3219 3216 3221 3220 3212 3212 3213 3221 3225 3222 3223 3223 3224 3225 3224 3223 3226 3226 3227 3224 3229 3228 3220 3220 3221 3229 3233 3230 3231 3231 3232 3233 3237 3234 3235 3235 3236 3237 3210 3209 3164 3164 3165 3210 3239 3205 3204 3204 3238 3239 3241 3240 3234 3234 3237 3241 3243 3239 3238 3238 3242 3243 3245 3244 3166 3166 3167 3245 3249 3246 3247 3247 3248 3249 3251 3250 3160 3160 3161 3251 3255 3252 3253 3253 3254 3255 3259 3256 3257 3257 3258 3259 3256 3260 3261 3261 3257 3256 3265 3262 3263 3263 3264 3265 3269 3266 3267 3267 3268 3269 3271 3270 3266 3266 3269 3271 3273 3272 3270 3270 3271 3273 3275 3270 3272 3272 3274 3275 3277 3276 3270 3270 3275 3277 3279 3278 3262 3262 3265 3279 3283 3280 3281 3281 3282 3283 3287 3284 3285 3285 3286 3287 3260 3288 3289 3289 3261 3260 
						3293 3290 3291 3291 3292 3293 3288 3294 3295 3295 3289 3288 3288 3260 3296 3296 3297 3288 3299 3288 3297 3297 3298 3299 3303 3300 3301 3301 3302 3303 3305 3304 3300 3300 3303 3305 3307 3299 3298 3298 3306 3307 3302 3301 3308 3308 3309 3302 3313 3310 3311 3311 3312 3313 3315 3307 3306 3306 3314 3315 3317 3315 3314 3314 3316 3317 3312 3311 3318 3318 3319 3312 3323 3320 3321 3321 3322 3323 3325 3324 3320 3320 3323 3325 3329 3326 3327 3327 3328 3329 3328 3327 3330 3330 3331 3328 3333 3332 3324 3324 3325 3333 3337 3334 3335 3335 3336 3337 3336 3335 3338 3338 3339 3336 3341 3340 3332 3332 3333 3341 3345 3342 3343 3343 3344 3345 3349 3346 3347 3347 3348 3349 3322 3321 3276 3276 3277 3322 3351 3317 3316 3316 3350 3351 3353 3352 3346 3346 3349 3353 3355 3351 3350 3350 3354 3355 3357 3356 3278 3278 3279 3357 3361 3358 3359 3359 3360 3361 3363 3362 3272 3272 3273 3363 3367 3364 3365 3365 3366 3367 3371 3368 3369 3369 3370 3371 3368 3372 3373 3373 3369 3368 
						3377 3374 3375 3375 3376 3377 3381 3378 3379 3379 3380 3381 3383 3382 3378 3378 3381 3383 3385 3384 3382 3382 3383 3385 3387 3382 3384 3384 3386 3387 3389 3388 3382 3382 3387 3389 3391 3390 3374 3374 3377 3391 3395 3392 3393 3393 3394 3395 3399 3396 3397 3397 3398 3399 3372 3400 3401 3401 3373 3372 3405 3402 3403 3403 3404 3405 3400 3406 3407 3407 3401 3400 3400 3372 3408 3408 3409 3400 3411 3400 3409 3409 3410 3411 3415 3412 3413 3413 3414 3415 3417 3416 3412 3412 3415 3417 3419 3411 3410 3410 3418 3419 3414 3413 3420 3420 3421 3414 3425 3422 3423 3423 3424 3425 3427 3419 3418 3418 3426 3427 3429 3427 3426 3426 3428 3429 3424 3423 3430 3430 3431 3424 3435 3432 3433 3433 3434 3435 3437 3436 3432 3432 3435 3437 3441 3438 3439 3439 3440 3441 3440 3439 3442 3442 3443 3440 3445 3444 3436 3436 3437 3445 3449 3446 3447 3447 3448 3449 3448 3447 3450 3450 3451 3448 3453 3452 3444 3444 3445 3453 3457 3454 3455 3455 3456 3457 3461 3458 3459 3459 3460 3461 
						3434 3433 3388 3388 3389 3434 3463 3429 3428 3428 3462 3463 3465 3464 3458 3458 3461 3465 3467 3463 3462 3462 3466 3467 3469 3468 3390 3390 3391 3469 3473 3470 3471 3471 3472 3473 3475 3474 3384 3384 3385 3475 3479 3476 3477 3477 3478 3479 3483 3480 3481 3481 3482 3483 3487 3484 3485 3485 3486 3487 3491 3488 3489 3489 3490 3491 3495 3492 3493 3493 3494 3495 3499 3496 3497 3497 3498 3499 3503 3500 3501 3501 3502 3503 3507 3504 3505 3505 3506 3507 3511 3508 3509 3509 3510 3511 3515 3512 3513 3513 3514 3515 3519 3516 3517 3517 3518 3519 3523 3520 3521 3521 3522 3523 3527 3524 3525 3525 3526 3527 3531 3528 3529 3529 3530 3531 3535 3532 3533 3533 3534 3535 3539 3536 3537 3537 3538 3539 3543 3540 3541 3541 3542 3543 3547 3544 3545 3545 3546 3547 3551 3548 3549 3549 3550 3551 3555 3552 3553 3553 3554 3555 3559 3556 3557 3557 3558 3559 3563 3560 3561 3561 3562 3563 3567 3564 3565 3565 3566 3567 3571 3568 3569 3569 3570 3571 3575 3572 3573 3573 3574 3575 
						3579 3576 3577 3577 3578 3579 3583 3580 3581 3581 3582 3583 3587 3584 3585 3585 3586 3587 3591 3588 3589 3589 3590 3591 3595 3592 3593 3593 3594 3595 3599 3596 3597 3597 3598 3599 3603 3600 3601 3601 3602 3603 3607 3604 3605 3605 3606 3607 3611 3608 3609 3609 3610 3611 3615 3612 3613 3613 3614 3615 3619 3616 3617 3617 3618 3619 3623 3620 3621 3621 3622 3623 3625 3624 3620 3620 3623 3625 3627 3626 3625 3625 3623 3627 3628 3627 3623 3623 3622 3628 3630 3629 3624 3624 3625 3630 3630 3625 3626 3626 3631 3630 3630 3632 3633 3633 3629 3630 3632 3630 3631 3631 3634 3632 3638 3635 3636 3636 3637 3638 3640 3639 3638 3638 3637 3640 3642 3641 3635 3635 3638 3642 3639 3643 3642 3642 3638 3639 3641 3642 3644 3644 3645 3641 3646 3644 3642 3642 3643 3646 3622 3621 3645 3645 3644 3622 3646 3628 3622 3622 3644 3646 3648 3628 3646 3646 3647 3648 3649 3647 3646 3646 3643 3649 3650 3651 3652 3652 3653 3650 3654 3655 3650 3650 3655 3656 3650 3653 3657 3656 3658 3650 
						3650 3658 3651 3650 3657 3654 3660 3659 3639 3639 3640 3660 3662 3661 3634 3634 3631 3662 3649 3643 3639 3639 3659 3649 3663 3662 3631 3631 3626 3663 3663 3626 3627 3627 3664 3663 3664 3627 3628 3628 3648 3664 3668 3665 3666 3666 3667 3668 3667 3669 3670 3670 3668 3667 3669 3667 3671 3671 3672 3669 3671 3667 3666 3666 3673 3671 3671 3674 3675 3675 3672 3671 3671 3673 3676 3676 3674 3671 3677 3678 3679 3678 3677 3680 3678 3681 3682 3681 3678 3683 3678 3680 3684 3678 3682 3679 3678 3685 3683 3685 3678 3684 3689 3686 3687 3687 3688 3689 3686 3689 3690 3690 3691 3686 3693 3689 3688 3688 3692 3693 3694 3690 3689 3689 3693 3694 3696 3695 3693 3693 3692 3696 3697 3694 3693 3693 3695 3697 3699 3696 3692 3692 3698 3699 3688 3700 3698 3698 3692 3688 3665 3699 3698 3698 3666 3665 3698 3700 3673 3673 3666 3698 3700 3688 3687 3687 3701 3700 3673 3700 3701 3701 3676 3673 3705 3702 3703 3703 3704 3705 3707 3704 3703 3703 3706 3707 3702 3670 3669 3669 3703 3702 
						3706 3703 3669 3669 3672 3706 3706 3708 3709 3709 3707 3706 3706 3672 3675 3675 3708 3706 3713 3710 3711 3711 3712 3713 3712 3714 3715 3715 3713 3712 3714 3712 3716 3716 3717 3714 3716 3712 3711 3711 3718 3716 3716 3719 3720 3720 3717 3716 3716 3718 3721 3721 3719 3716 3722 3723 3724 3723 3722 3725 3723 3726 3727 3726 3723 3728 3723 3725 3729 3723 3727 3724 3723 3730 3728 3730 3723 3729 3734 3731 3732 3732 3733 3734 3731 3734 3735 3735 3736 3731 3738 3734 3733 3733 3737 3738 3739 3735 3734 3734 3738 3739 3741 3740 3738 3738 3737 3741 3742 3739 3738 3738 3740 3742 3744 3741 3737 3737 3743 3744 3733 3745 3743 3743 3737 3733 3710 3744 3743 3743 3711 3710 3743 3745 3718 3718 3711 3743 3745 3733 3732 3732 3746 3745 3718 3745 3746 3746 3721 3718 3750 3747 3748 3748 3749 3750 3752 3749 3748 3748 3751 3752 3747 3715 3714 3714 3748 3747 3751 3748 3714 3714 3717 3751 3751 3753 3754 3754 3752 3751 3751 3717 3720 3720 3753 3751 3758 3755 3756 3756 3757 3758 
						3757 3759 3760 3760 3758 3757 3759 3757 3761 3761 3762 3759 3761 3757 3756 3756 3763 3761 3761 3764 3765 3765 3762 3761 3761 3763 3766 3766 3764 3761 3767 3768 3769 3768 3767 3770 3768 3771 3772 3771 3768 3773 3768 3770 3774 3768 3772 3769 3768 3775 3773 3775 3768 3774 3779 3776 3777 3777 3778 3779 3776 3779 3780 3780 3781 3776 3783 3779 3778 3778 3782 3783 3784 3780 3779 3779 3783 3784 3786 3785 3783 3783 3782 3786 3787 3784 3783 3783 3785 3787 3789 3786 3782 3782 3788 3789 3778 3790 3788 3788 3782 3778 3755 3789 3788 3788 3756 3755 3788 3790 3763 3763 3756 3788 3790 3778 3777 3777 3791 3790 3763 3790 3791 3791 3766 3763 3795 3792 3793 3793 3794 3795 3797 3794 3793 3793 3796 3797 3792 3760 3759 3759 3793 3792 3796 3793 3759 3759 3762 3796 3796 3798 3799 3799 3797 3796 3796 3762 3765 3765 3798 3796 3803 3800 3801 3801 3802 3803 3805 3804 3802 3802 3801 3805 3807 3802 3804 3804 3806 3807 3803 3802 3807 3807 3808 3803 3810 3809 3807 3807 3806 3810 
						3811 3808 3807 3807 3809 3811 3812 3813 3814 3814 3815 3812 3814 3816 3817 3817 3818 3814 3814 3819 3815 3814 3813 3816 3814 3818 3820 3820 3819 3814 3824 3821 3822 3822 3823 3824 3826 3822 3821 3821 3825 3826 3823 3822 3827 3827 3828 3823 3822 3826 3829 3829 3827 3822 3827 3830 3831 3831 3828 3827 3827 3829 3832 3832 3830 3827 3828 3831 3833 3833 3834 3828 3834 3835 3823 3823 3828 3834 3834 3833 3800 3800 3803 3834 3808 3835 3834 3834 3803 3808 3824 3823 3835 3835 3836 3824 3836 3835 3808 3808 3811 3836 3840 3837 3838 3838 3839 3840 3840 3839 3841 3841 3842 3840 3804 3805 3837 3837 3840 3804 3804 3840 3842 3842 3806 3804 3844 3843 3842 3842 3841 3844 3810 3806 3842 3842 3843 3810 3848 3845 3846 3846 3847 3848 3850 3849 3847 3847 3846 3850 3852 3847 3849 3849 3851 3852 3848 3847 3852 3852 3853 3848 3855 3854 3852 3852 3851 3855 3856 3853 3852 3852 3854 3856 3857 3858 3859 3859 3860 3857 3859 3861 3862 3862 3863 3859 3859 3864 3860 3859 3858 3861 
						3859 3863 3865 3865 3864 3859 3869 3866 3867 3867 3868 3869 3871 3867 3866 3866 3870 3871 3868 3867 3872 3872 3873 3868 3867 3871 3874 3874 3872 3867 3872 3875 3876 3876 3873 3872 3872 3874 3877 3877 3875 3872 3873 3876 3878 3878 3879 3873 3879 3880 3868 3868 3873 3879 3879 3878 3845 3845 3848 3879 3853 3880 3879 3879 3848 3853 3869 3868 3880 3880 3881 3869 3881 3880 3853 3853 3856 3881 3885 3882 3883 3883 3884 3885 3885 3884 3886 3886 3887 3885 3849 3850 3882 3882 3885 3849 3849 3885 3887 3887 3851 3849 3889 3888 3887 3887 3886 3889 3855 3851 3887 3887 3888 3855 3893 3890 3891 3891 3892 3893 3897 3894 3895 3895 3896 3897 3901 3898 3899 3899 3900 3901 3905 3902 3903 3903 3904 3905 3909 3906 3907 3907 3908 3909 3913 3910 3911 3911 3912 3913 3908 3907 3914 3914 3915 3908 3919 3916 3917 3917 3918 3919 3892 3891 3916 3916 3919 3892 3900 3899 3920 3920 3921 3900 3925 3922 3923 3923 3924 3925 3927 3926 3924 3924 3923 3927 3931 3928 3929 3929 3930 3931 
						3935 3932 3933 3933 3934 3935 3934 3933 3936 3936 3937 3934 3941 3938 3939 3939 3940 3941 3943 3942 3938 3938 3941 3943 3930 3929 3944 3944 3945 3930 3949 3946 3947 3947 3948 3949 3953 3950 3951 3951 3952 3953 3957 3954 3955 3955 3956 3957 3961 3958 3959 3959 3960 3961 3951 3962 3963 3963 3952 3951 3967 3964 3965 3965 3966 3967 3969 3945 3944 3944 3968 3969 3971 3970 3957 3957 3956 3971 3975 3972 3973 3973 3974 3975 3979 3976 3977 3977 3978 3979 3983 3980 3981 3981 3982 3983 3910 3913 3984 3984 3985 3910 3980 3983 3986 3986 3987 3980 3987 3986 3988 3988 3989 3987 3993 3990 3991 3991 3992 3993 3974 3973 3990 3990 3993 3974 3997 3994 3995 3995 3996 3997 4001 3998 3999 3999 4000 4001 3912 3911 4002 4002 4003 3912 3902 3905 4004 4004 4005 3902 4009 4006 4007 4007 4008 4009 4013 4010 4011 4011 4012 4013 4017 4014 4015 4015 4016 4017 4021 4018 4019 4019 4020 4021 4014 4017 4022 4022 4023 4014 4023 4022 4024 4024 4025 4023 4029 4026 4027 4027 4028 4029 
						4008 4007 4030 4030 4031 4008 4035 4032 4033 4033 4034 4035 4027 4036 4037 4037 4028 4027 4038 4029 4028 4028 4037 4038 4042 4039 4040 4040 4041 4042 4046 4043 4044 4044 4045 4046 4050 4047 4048 4048 4049 4050 4054 4051 4052 4052 4053 4054 4058 4055 4056 4056 4057 4058 4018 4021 4059 4059 4060 4018 4057 4056 4061 4061 4062 4057 4066 4063 4064 4064 4065 4066 4041 4040 4063 4063 4066 4041 4049 4048 4067 4067 4068 4049 4072 4069 4070 4070 4071 4072 4074 4073 4071 4071 4070 4074 4051 4054 4075 4075 4076 4051 4080 4077 4078 4078 4079 4080 4084 4081 4082 4082 4083 4084 4083 4082 4085 4085 4086 4083 4079 4087 4088 4088 4080 4079 4092 4089 4090 4090 4091 4092 4096 4093 4094 4094 4095 4096 4100 4097 4098 4098 4099 4100 4104 4101 4102 4102 4103 4104 4106 4105 4090 4090 4089 4106 4110 4107 4108 4108 4109 4110 4102 4111 4112 4112 4103 4102 4116 4113 4114 4114 4115 4116 4104 4095 4094 4094 4101 4104 4116 4117 4106 4106 4089 4116 4121 4118 4119 4119 4120 4121 
						4125 4122 4123 4123 4124 4125 4129 4126 4127 4127 4128 4129 4133 4130 4131 4131 4132 4133 4127 4126 4134 4134 4135 4127 4137 4135 4134 4134 4136 4137 4141 4138 4139 4139 4140 4141 4143 4142 4118 4118 4121 4143 4147 4144 4145 4145 4146 4147 4149 4139 4138 4138 4148 4149 4153 4150 4151 4151 4152 4153 4131 4130 4151 4151 4150 4131 4157 4154 4155 4155 4156 4157 4161 4158 4159 4159 4160 4161 4165 4162 4163 4163 4164 4165 4169 4166 4167 4167 4168 4169 4163 4162 4170 4170 4171 4163 4173 4171 4170 4170 4172 4173 4177 4174 4175 4175 4176 4177 4177 4176 4154 4154 4157 4177 4181 4178 4179 4179 4180 4181 4185 4182 4183 4183 4184 4185 4189 4186 4187 4187 4188 4189 4167 4166 4187 4187 4186 4167 4193 4190 4191 4191 4192 4193 4197 4194 4195 4195 4196 4197 4201 4198 4199 4199 4200 4201 4205 4202 4203 4203 4204 4205 4199 4198 4206 4206 4207 4199 4211 4208 4209 4209 4210 4211 4213 4207 4206 4206 4212 4213 4217 4214 4215 4215 4216 4217 4217 4216 4190 4190 4193 4217 
						4221 4218 4219 4219 4220 4221 4225 4222 4223 4223 4224 4225 4229 4226 4227 4227 4228 4229 4203 4202 4227 4227 4226 4203 4233 4230 4231 4231 4232 4233 4235 4234 4230 4230 4233 4235 4239 4236 4237 4237 4238 4239 4241 4208 4211 4211 4240 4241 4237 4236 4242 4242 4243 4237 4245 4243 4242 4242 4244 4245 4235 4246 4247 4247 4234 4235 4251 4248 4249 4249 4250 4251 4255 4252 4253 4253 4254 4255 4259 4256 4257 4257 4258 4259 4261 4210 4209 4209 4260 4261 4265 4262 4263 4263 4264 4265 4269 4266 4267 4267 4268 4269 4273 4270 4271 4271 4272 4273 4277 4274 4275 4275 4276 4277 4271 4270 4278 4278 4279 4271 4281 4279 4278 4278 4280 4281 4285 4282 4283 4283 4284 4285 4287 4286 4262 4262 4265 4287 4291 4288 4289 4289 4290 4291 4293 4283 4282 4282 4292 4293 4297 4294 4295 4295 4296 4297 4275 4274 4295 4295 4294 4275 4299 4269 4268 4268 4298 4299 4266 4300 4301 4301 4267 4266 4303 4251 4250 4250 4302 4303 4248 4304 4305 4305 4249 4248 4307 4197 4196 4196 4306 4307 
						4194 4308 4309 4309 4195 4194 4311 4161 4160 4160 4310 4311 4158 4312 4313 4313 4159 4158 4144 4314 4315 4315 4145 4144 4122 4316 4317 4317 4123 4122 4319 4110 4109 4109 4318 4319 4098 4097 4320 4320 4321 4098 4089 4092 4113 4113 4116 4089 4081 4084 4322 4322 4323 4081 4325 4324 3939 3939 3938 4325 4327 3970 3971 3971 4326 4327 3942 3943 3964 3964 3967 3942 3932 3935 3946 3946 3949 3932 3977 4328 4329 4329 3978 3977 4331 3976 3979 3979 4330 4331 3895 4332 4333 4333 3896 3895 4335 3894 3897 3897 4334 4335 4337 4035 4034 4034 4336 4337 4339 4010 4013 4013 4338 4339 4044 4340 4341 4341 4045 4044 4343 4043 4046 4046 4342 4343 4347 4344 4345 4345 4346 4347 4351 4348 4349 4349 4350 4351 4355 4352 4353 4353 4354 4355 4359 4356 4357 4357 4358 4359 4361 4353 4352 4352 4360 4361 4363 4361 4360 4360 4362 4363 4367 4364 4365 4365 4366 4367 4364 4368 4369 4369 4365 4364 4345 4344 4370 4370 4371 4345 4373 4372 4367 4367 4366 4373 4377 4374 4375 4375 4376 4377 
						4381 4378 4379 4379 4380 4381 4385 4382 4383 4383 4384 4385 4389 4386 4387 4387 4388 4389 4393 4390 4391 4391 4392 4393 4395 4387 4386 4386 4394 4395 4374 4357 4356 4356 4375 4374 4397 4395 4394 4394 4396 4397 4401 4398 4399 4399 4400 4401 4403 4381 4380 4380 4402 4403 4407 4404 4405 4405 4406 4407 4409 4408 4401 4401 4400 4409 4413 4410 4411 4411 4412 4413 4410 4391 4390 4390 4411 4410 4417 4414 4415 4415 4416 4417 4421 4418 4419 4419 4420 4421 4425 4422 4423 4423 4424 4425 4429 4426 4427 4427 4428 4429 4431 4423 4422 4422 4430 4431 4433 4431 4430 4430 4432 4433 4437 4434 4435 4435 4436 4437 4434 4417 4416 4416 4435 4434 4441 4438 4439 4439 4440 4441 4445 4442 4443 4443 4444 4445 4449 4446 4447 4447 4448 4449 4453 4450 4451 4451 4452 4453 4457 4454 4455 4455 4456 4457 4459 4457 4456 4456 4458 4459 4463 4460 4461 4461 4462 4463 4460 4464 4465 4465 4461 4460 4469 4466 4467 4467 4468 4469 4473 4470 4471 4471 4472 4473 4477 4474 4475 4475 4476 4477 
						4481 4478 4479 4479 4480 4481 4451 4450 4482 4482 4483 4451 4487 4484 4485 4485 4486 4487 4491 4488 4489 4489 4490 4491 4469 4468 4475 4475 4474 4469 4479 4492 4493 4493 4480 4479 4497 4494 4495 4495 4496 4497 4501 4498 4499 4499 4500 4501 4505 4502 4503 4503 4504 4505 4509 4506 4507 4507 4508 4509 4495 4494 4510 4510 4511 4495 4513 4506 4509 4509 4512 4513 4513 4512 4514 4514 4515 4513 4517 4516 4503 4503 4502 4517 4521 4518 4519 4519 4520 4521 4523 4522 4501 4501 4500 4523 4527 4524 4525 4525 4526 4527 4497 4496 4528 4528 4529 4497 4533 4530 4531 4531 4532 4533 4537 4534 4535 4535 4536 4537 4541 4538 4539 4539 4540 4541 4545 4542 4543 4543 4544 4545 4549 4546 4547 4547 4548 4549 4553 4550 4551 4551 4552 4553 4549 4548 4554 4554 4555 4549 4559 4556 4557 4557 4558 4559 4530 4558 4557 4557 4531 4530 4561 4540 4539 4539 4560 4561 4565 4562 4563 4563 4564 4565 4569 4566 4567 4567 4568 4569 4569 4542 4545 4545 4566 4569 4573 4570 4571 4571 4572 4573 
						4577 4574 4575 4575 4576 4577 4581 4578 4579 4579 4580 4581 4551 4550 4582 4582 4583 4551 4585 4578 4581 4581 4584 4585 4446 4427 4426 4426 4447 4446 4585 4584 4586 4586 4587 4585 4589 4588 4575 4575 4574 4589 4593 4590 4591 4591 4592 4593 4595 4594 4573 4573 4572 4595 4599 4596 4597 4597 4598 4599 4601 4600 4599 4599 4598 4601 4592 4591 4602 4602 4603 4592 4598 4597 4604 4604 4601 4598 4536 4535 4605 4605 4606 4536 4608 4607 4534 4534 4537 4608 4520 4519 4609 4609 4610 4520 4526 4525 4611 4611 4612 4526 4614 4613 4478 4478 4481 4614 4616 4615 4484 4484 4487 4616 4488 4465 4464 4464 4489 4488 4470 4455 4454 4454 4471 4470 4620 4617 4618 4618 4619 4620 4349 4348 4621 4621 4622 4349 4624 4623 4385 4385 4384 4624 4383 4382 4625 4625 4626 4383 4628 4627 4421 4421 4420 4628 4630 4629 4442 4442 4445 4630 4634 4631 4632 4632 4633 4634 4636 4634 4633 4633 4635 4636 4638 4636 4635 4635 4637 4638 4640 4638 4637 4637 4639 4640 4642 4640 4639 4639 4641 4642 
						4644 4642 4641 4641 4643 4644 4646 4644 4643 4643 4645 4646 4648 4646 4645 4645 4647 4648 4650 4648 4647 4647 4649 4650 4652 4650 4649 4649 4651 4652 4638 4640 4653 4655 4652 4651 4651 4654 4655 4657 4655 4654 4654 4656 4657 4640 4642 4658 4655 4657 4659 4631 4634 4660 4636 4638 4661 4652 4655 4662 4634 4636 4663 4650 4652 4664 4648 4650 4665 4646 4648 4666 4644 4646 4667 4642 4644 4668 4672 4669 4670 4670 4671 4672 4674 4672 4671 4671 4673 4674 4676 4674 4673 4673 4675 4676 4678 4676 4675 4675 4677 4678 4680 4678 4677 4677 4679 4680 4682 4680 4679 4679 4681 4682 4684 4682 4681 4681 4683 4684 4686 4684 4683 4683 4685 4686 4688 4686 4685 4685 4687 4688 4690 4688 4687 4687 4689 4690 4676 4678 4691 4693 4690 4689 4689 4692 4693 4695 4693 4692 4692 4694 4695 4678 4680 4696 4693 4695 4697 4669 4672 4698 4674 4676 4699 4690 4693 4700 4672 4674 4701 4688 4690 4702 4686 4688 4703 4684 4686 4704 4682 4684 4705 4680 4682 4706 
					</p>
				</polylist>
			</mesh>
		</geometry>
	</library_geometries>
	<library_visual_scenes>
		<visual_scene id="RootNode" name="RootNode">
			<node id="Plane.001" name="Plane.001">
				<matrix>100.000000 0.000000 0.000000 0.000000 0.000000 -0.000028 100.000000 0.000000 0.000000 -100.000000 -0.000028 0.000000 0.000000 0.000000 0.000000 1.000000</matrix>
				<instance_geometry url="#meshId0">
					<bind_material>
						<technique_common>
							<instance_material symbol="defaultMaterial" target="#DefaultMaterial" />
						</technique_common>
					</bind_material>
				</instance_geometry>
			</node>
		</visual_scene>
	</library_visual_scenes>
	<scene>
		<instance_visual_scene url="#RootNode" />
	</scene>
</COLLADA>
